CreditScore,Region,Gender,Age,Tenure,Balance,NumOfProducts,HasCrCard,IsActiveMember,EstimatedSalary,Exited
694,North India,Male,41,5,2097325.38,2,1,0,446555.54,0
603,South India,Male,34,7,1288900.71,2,0,1,962243.57,0
752,West India,Female,43,2,479277.81,2,1,1,786907.16,0
751,East India,Male,52,3,0.0,1,0,1,623011.04,0
633,West India,Female,33,7,5281243.88,1,1,1,661223.4,1
714,West India,Male,33,10,461365.69,2,1,1,315533.53,0
749,West India,Male,53,9,271942.45,1,1,1,544964.58,0
608,North India,Male,44,10,403416.77,2,0,0,333761.58,0
642,West India,Male,30,9,166210.56,2,1,0,333074.85,0
657,West India,Female,41,7,248363.72,1,1,1,1568417.39,0
551,South India,Male,30,5,699100.03,1,0,1,1755297.03,0
689,South India,Male,30,9,0.0,2,0,1,282726.97,0
742,West India,Male,38,5,721015.84,1,1,1,466349.9,0
637,West India,Male,18,8,153357.1,2,1,1,792087.53,0
680,North India,Female,18,7,804794.58,2,1,0,809702.1,0
775,West India,Male,29,2,312105.03,2,0,1,749071.39,0
613,West India,Female,24,6,0.0,3,1,0,977788.73,0
682,North India,Female,39,8,2066120.82,2,1,1,1009026.21,0
598,West India,Male,26,9,0.0,1,1,0,463061.45,0
596,North India,Male,20,10,1083835.4,1,1,0,821137.05,0
680,North India,Female,52,2,508317.49,2,1,1,925068.29,0
671,South India,Female,33,10,511790.91,1,0,0,605947.68,0
699,East India,Male,36,8,0.0,2,1,0,1608334.67,0
656,North India,Male,20,4,1016380.48,2,1,0,263136.95,0
691,West India,Male,30,9,192703.24,1,1,0,292618.43,0
799,South India,Male,37,8,99222.95,1,1,0,458910.82,0
745,West India,Male,23,0,332026.16,2,0,1,455996.42,1
680,West India,Male,40,3,0.0,2,1,1,168313.47,0
695,West India,Male,29,10,220872.74,1,0,0,365235.03,0
623,West India,Male,32,8,810976.51,2,0,0,683325.89,0
635,West India,Male,29,8,59681.48,2,1,1,877622.71,0
694,North India,Female,56,5,0.0,2,0,0,616275.99,0
657,North India,Female,35,9,841381.32,2,1,0,512066.37,1
721,North India,Female,24,5,1260559.2,2,1,1,576601.76,0
764,West India,Male,45,2,228345.33,2,0,0,1067675.37,0
640,North India,Female,22,9,108540.84,2,1,1,1267507.49,0
469,North India,Male,38,4,71315.7,1,1,1,738398.73,0
833,West India,Female,18,7,820694.03,2,1,1,535667.57,0
591,West India,Male,21,1,283895.13,1,1,0,718993.08,0
667,West India,Male,38,1,271721.56,1,1,1,664883.87,0
715,North India,Female,44,3,0.0,2,1,0,2455883.89,0
776,South India,Male,37,8,1604796.73,2,1,1,879774.35,0
812,North India,Female,34,4,46928.79,1,1,1,2010809.3,0
617,North India,Male,32,2,269885.74,1,0,1,509564.25,0
757,North India,Male,19,7,1079916.38,2,0,0,529424.54,0
667,South India,Male,28,10,835103.73,1,0,1,645327.21,0
896,North India,Female,30,6,431286.6,1,1,1,523230.28,0
749,South India,Male,47,8,2964705.42,2,1,0,312396.99,1
634,South India,Female,39,9,0.0,2,1,1,1195685.78,0
578,North India,Male,18,5,120016.89,1,1,0,579334.76,0
413,West India,Female,39,1,0.0,2,0,1,585480.61,0
710,West India,Male,31,0,0.0,1,0,1,988748.2,0
740,West India,Male,28,4,566656.92,2,0,0,917169.23,0
717,South India,Male,42,6,967129.68,2,1,0,284798.47,0
438,East India,Male,47,6,0.0,1,1,0,332668.2,0
536,East India,Male,46,1,0.0,2,1,0,820427.75,0
693,South India,Male,26,5,142140.34,2,1,1,1281009.66,0
810,South India,Male,32,0,0.0,1,1,1,341779.98,0
645,North India,Male,39,0,0.0,1,1,1,573043.69,0
748,West India,Male,46,1,587508.87,2,1,1,1002210.86,0
556,South India,Male,30,4,1151874.56,1,1,0,541361.7,0
668,East India,Male,33,9,1462443.24,1,1,1,445903.9,0
625,South India,Female,23,9,0.0,2,1,1,335556.09,0
756,East India,Female,22,1,483594.9,1,1,0,490970.12,0
601,West India,Male,44,9,94771.42,1,1,1,291713.14,0
800,East India,Female,50,2,324750.86,1,1,0,1143619.09,0
622,North India,Female,35,8,1679889.45,2,1,1,1079687.88,0
553,North India,Male,47,4,188225.34,1,1,1,282009.23,0
556,West India,Male,39,2,1388417.32,2,1,1,430827.85,0
593,West India,Female,28,4,142791.62,1,1,1,1444082.9,0
683,North India,Female,39,2,0.0,1,1,0,1067799.85,0
595,West India,Female,52,10,646139.74,2,1,0,557481.99,0
576,South India,Female,35,4,222750.23,2,0,1,271123.79,1
730,North India,Male,53,9,23045.37,2,1,1,345829.45,0
360,South India,Male,18,5,545834.74,1,1,1,835932.77,0
611,East India,Male,45,10,459068.25,2,1,0,1562700.29,0
529,South India,Male,36,8,1039681.56,2,1,1,782557.01,0
571,West India,Male,32,1,636847.52,1,1,1,687165.75,0
671,North India,Male,37,2,161567.69,1,1,0,922758.51,0
631,West India,Male,18,5,144172.33,2,1,0,246016.79,0
623,East India,Male,33,1,4143176.93,2,0,1,702429.29,1
757,South India,Male,39,7,480404.83,1,1,0,247904.42,0
648,North India,Male,52,9,0.0,1,0,1,204356.83,0
812,South India,Male,30,6,366388.53,2,1,1,675002.25,0
714,East India,Male,27,0,705264.83,1,0,0,874359.15,0
562,North India,Female,30,4,663906.53,1,1,1,282191.03,1
824,South India,Female,46,4,123291.64,2,1,1,453883.45,0
675,North India,Male,39,0,0.0,1,1,1,444218.47,0
818,South India,Male,30,5,2356767.43,2,1,1,729979.11,0
626,South India,Female,41,1,696222.06,1,1,1,709058.46,0
674,East India,Male,37,2,0.0,1,1,0,462485.17,0
688,South India,Female,46,4,0.0,1,1,1,349271.36,0
634,South India,Male,28,5,228932.26,2,1,0,527359.75,0
764,West India,Female,32,10,119029.62,1,1,1,484145.55,0
823,North India,Female,31,1,227433.32,1,1,1,829973.89,0
443,West India,Female,19,3,0.0,2,1,1,602974.38,0
723,West India,Male,39,2,1425019.08,1,1,1,1035956.82,0
569,North India,Female,38,0,0.0,1,0,0,597059.44,0
416,North India,Female,36,3,224674.41,1,1,1,581728.09,0
696,South India,Female,33,5,0.0,1,1,0,412382.82,0
696,South India,Male,20,9,213398.69,2,0,0,539894.12,0
711,North India,Female,31,6,43561.06,2,0,0,485335.0,1
683,East India,Male,32,5,275138.38,1,1,0,553362.73,0
728,South India,Male,27,0,572159.84,2,0,1,461172.98,0
595,West India,Male,34,4,768439.71,1,0,1,213456.9,0
673,North India,Male,40,4,3378392.96,4,1,1,371265.43,1
712,East India,Female,56,5,0.0,3,1,0,829622.84,0
771,West India,Female,37,4,0.0,1,1,1,2129570.0,0
653,West India,Male,38,8,316363.38,2,1,0,407583.77,1
630,South India,Female,35,5,0.0,1,1,0,413981.12,0
645,South India,Female,18,10,0.0,1,1,1,245550.83,0
542,South India,Male,35,8,686019.62,2,1,1,532189.1,1
719,West India,Female,36,3,0.0,2,1,1,689154.08,0
518,West India,Male,63,2,716238.78,1,0,0,609771.31,1
685,North India,Male,33,5,4668737.05,3,1,1,588086.7,0
657,East India,Male,39,0,0.0,1,0,0,560854.51,0
510,East India,Male,35,9,24511.0,2,1,0,387792.76,0
515,South India,Male,23,4,2978894.51,2,1,0,980400.96,0
573,North India,Female,48,1,313579.62,1,1,0,250569.87,0
619,West India,Female,44,5,762035.51,2,1,0,572653.67,0
783,South India,Male,44,2,2976153.31,4,1,0,403014.17,0
640,West India,Male,25,8,223759.86,1,1,0,731382.42,0
699,West India,Male,51,1,508724.21,1,1,1,576836.6,0
763,North India,Male,20,0,639560.56,2,1,1,1384040.2,1
746,South India,Male,42,6,787976.55,2,0,1,620452.31,0
649,South India,Male,60,4,0.0,2,1,1,279478.73,0
586,East India,Male,25,0,568558.42,1,1,1,582955.78,0
694,North India,Male,29,4,312368.07,1,1,1,666171.27,0
588,North India,Male,37,3,1509513.64,2,1,1,1994023.2,0
813,West India,Female,30,0,0.0,2,1,1,734942.32,0
728,North India,Male,18,7,0.0,1,0,0,367356.14,0
668,West India,Male,36,3,513631.77,1,1,1,1055365.94,0
696,North India,Male,24,9,237371.93,2,1,1,1421098.06,0
666,South India,Female,41,6,429927.91,2,0,1,683318.89,0
616,South India,Female,25,5,49288.28,1,1,1,293670.14,0
694,South India,Female,53,8,0.0,1,0,0,721019.3,1
628,East India,Female,27,0,0.0,1,1,0,1613960.94,0
824,North India,Male,32,9,0.0,1,0,0,1135635.76,0
587,South India,Female,44,8,115869.19,2,1,0,1754904.2,0
695,South India,Male,22,7,0.0,1,1,1,736073.4,0
579,South India,Male,38,10,882447.16,2,1,1,1696216.9,0
578,South India,Female,50,4,897779.4,1,1,1,503877.27,1
489,North India,Male,18,2,268163.73,1,0,1,230178.45,0
687,East India,Female,38,9,0.0,1,1,0,251619.58,0
602,South India,Male,38,1,395458.24,2,0,0,1041641.15,0
747,North India,Female,44,8,532325.23,1,1,1,722769.89,0
687,South India,Male,22,2,328768.79,3,1,0,845362.55,0
663,North India,Male,21,3,938981.05,1,1,1,1087549.78,0
523,North India,Female,41,5,0.0,1,1,1,393232.34,0
702,North India,Female,39,4,282450.62,1,1,1,1120482.94,0
590,North India,Female,38,5,648843.67,2,1,0,236081.46,0
521,North India,Female,39,1,0.0,2,0,1,956982.16,0
688,South India,Female,28,4,27258.51,1,1,0,430340.4,0
536,South India,Male,38,3,627489.96,1,0,0,801437.84,0
461,South India,Male,39,0,163411.51,2,1,1,545497.86,0
766,North India,Male,28,3,0.0,1,0,0,428761.22,0
599,East India,Male,56,10,0.0,2,1,0,1572622.69,0
492,West India,Female,41,1,645498.32,1,0,0,516990.6,0
563,East India,Male,22,6,758771.82,4,0,0,708552.06,0
585,South India,Female,43,6,1544470.77,2,0,0,726260.27,1
752,West India,Male,25,4,321074.05,2,1,1,644435.84,0
500,North India,Female,44,0,0.0,3,1,1,1049213.34,0
529,West India,Male,48,0,563033.93,2,1,0,541399.1,1
738,North India,Male,26,10,197604.48,2,1,0,190647.69,0
609,North India,Female,46,6,572241.36,3,1,1,1547106.56,0
670,South India,Male,40,9,0.0,3,1,1,327341.8,0
605,South India,Male,45,0,625009.92,3,0,1,362067.68,0
831,South India,Male,56,1,347470.38,2,1,0,718170.65,0
533,North India,Male,33,3,2583549.79,1,1,0,374797.8,1
675,South India,Male,27,4,177363.07,4,1,1,799743.16,0
785,East India,Female,26,10,20029.17,2,1,1,266856.22,0
616,West India,Male,27,0,235468.39,2,1,1,466147.94,0
582,South India,Male,35,0,346280.4,2,0,0,789447.36,1
719,South India,Male,39,2,45765.96,2,0,1,876973.8,0
740,North India,Female,39,0,0.0,2,1,0,632738.49,0
578,North India,Female,45,2,842457.3,1,0,1,1196877.05,0
781,North India,Male,36,4,0.0,1,1,1,597932.28,0
654,South India,Male,51,2,0.0,2,0,1,288818.67,1
695,West India,Male,33,9,0.0,1,0,1,737560.8,0
783,South India,Female,65,7,0.0,1,1,0,316075.22,0
719,North India,Female,42,4,301785.67,1,1,0,1181155.36,0
649,South India,Female,26,10,190574.8,1,1,0,1268784.99,0
589,North India,Male,24,4,176622.74,1,1,0,931021.42,0
893,West India,Male,41,5,0.0,1,1,0,541688.29,0
578,North India,Male,33,3,0.0,2,1,0,374792.56,0
678,South India,Male,43,4,148375.21,1,0,0,379702.93,0
695,West India,Male,41,5,0.0,1,0,0,1517205.59,0
700,North India,Male,35,5,982046.83,1,0,0,408952.16,0
841,North India,Female,26,4,743086.0,1,0,0,905978.39,0
654,South India,Male,19,9,727472.42,1,1,1,543750.1,0
641,North India,Female,31,5,669918.12,3,0,1,447315.83,0
789,South India,Male,45,8,192351.86,1,1,1,199530.83,0
637,West India,Female,38,7,0.0,2,1,0,530361.81,0
728,North India,Female,22,3,0.0,1,1,1,2179144.98,0
667,South India,Female,37,1,0.0,2,0,1,286234.2,0
732,East India,Female,40,3,577275.55,1,1,1,733959.2,0
715,South India,Female,26,5,0.0,3,1,1,681140.57,0
613,East India,Male,37,9,486832.46,1,1,0,867182.0,0
484,North India,Male,36,6,434572.94,1,0,0,507114.72,0
499,West India,Female,23,10,609998.8,4,0,1,276881.29,0
484,West India,Female,39,3,919095.58,1,0,0,899371.45,0
641,West India,Female,42,10,69125.7,1,1,1,368270.24,1
438,North India,Male,47,10,336505.48,1,0,1,811498.91,0
635,North India,Male,47,2,212411.27,1,0,0,752282.38,0
662,North India,Female,20,0,1631685.75,3,0,0,488399.67,0
727,East India,Female,25,6,890324.67,1,1,0,982041.53,0
695,South India,Male,41,0,0.0,1,1,0,543914.18,0
731,East India,Male,41,7,0.0,1,1,0,963212.51,1
687,North India,Male,41,4,146002.6,1,1,1,670251.57,0
620,North India,Male,75,7,241552.12,1,1,1,825119.48,0
640,North India,Male,42,1,0.0,1,0,1,623259.27,1
573,South India,Male,48,2,85934.94,1,1,1,615534.19,0
670,West India,Female,46,3,0.0,1,0,1,527228.47,0
507,South India,Male,43,1,429789.21,1,0,1,372156.79,1
745,East India,Male,32,3,569335.28,2,0,0,597937.96,0
563,North India,Female,44,5,146082.0,3,1,1,879551.39,0
663,West India,Female,27,10,703889.3,2,1,0,397345.96,0
678,West India,Female,33,6,571641.75,1,1,1,1054428.89,0
754,North India,Male,30,5,227417.26,1,0,1,330863.93,0
498,North India,Female,36,6,170239.02,1,1,0,705431.12,0
620,South India,Male,61,1,349423.21,2,1,0,421500.18,0
699,North India,Female,18,0,222858.26,1,1,0,496601.0,0
807,East India,Female,43,8,365546.61,1,1,0,331971.95,0
646,East India,Male,18,6,1573063.91,2,1,0,825115.98,0
596,West India,Male,30,10,0.0,2,1,0,726408.13,0
832,West India,Male,47,1,517825.9,3,1,1,475225.63,0
722,North India,Female,36,6,238608.79,1,1,1,1549948.66,0
773,North India,Male,24,3,2321112.37,2,1,1,623698.11,0
541,West India,Female,28,2,249953.19,1,1,0,174158.83,0
696,South India,Male,43,3,283345.14,1,1,0,460618.01,1
552,West India,Male,27,4,784821.16,2,1,0,961509.97,1
532,West India,Female,38,8,169791.21,1,1,1,680634.61,0
702,South India,Female,36,3,0.0,1,0,0,654293.05,0
708,North India,Female,28,8,260867.8,1,0,1,1602527.76,0
606,West India,Male,59,3,2890087.82,1,0,0,440781.83,1
778,South India,Male,42,0,194576.25,2,0,0,435358.35,0
616,West India,Male,18,10,289793.16,3,1,1,523264.79,1
625,South India,Male,38,10,0.0,1,1,0,831840.07,0
646,North India,Male,28,10,577813.48,1,1,0,296587.57,0
628,North India,Female,45,0,589946.04,2,1,1,1430166.74,0
764,West India,Male,27,3,0.0,2,1,0,444332.25,0
556,South India,Male,34,3,387394.21,2,1,0,615298.67,0
582,South India,Male,41,9,596196.86,2,0,1,1069438.95,0
542,South India,Male,45,6,1250584.97,3,0,1,1202790.65,0
819,South India,Female,22,0,238531.09,1,1,0,698361.67,1
620,North India,Male,32,4,63788.57,2,1,1,547462.11,0
580,South India,Male,30,9,585064.57,2,1,1,532978.12,0
624,North India,Male,28,7,0.0,2,1,0,176686.28,0
726,South India,Female,55,7,1155246.34,2,0,0,383639.93,1
709,South India,Female,40,6,156723.53,1,0,1,546698.46,0
598,North India,Female,22,3,220070.81,1,0,1,809109.0,1
614,South India,Male,46,6,1300050.45,1,1,0,702813.1,0
519,South India,Male,59,0,68420.61,2,1,0,415946.66,1
662,North India,Female,47,5,232714.14,1,0,0,276281.16,0
765,East India,Female,19,6,778183.85,1,1,0,884144.65,0
597,North India,Female,30,2,33900.2,2,0,0,304753.67,0
707,South India,Female,49,7,96923.75,1,0,0,890369.7,1
597,North India,Male,28,7,0.0,4,1,1,612321.02,0
551,West India,Female,40,7,0.0,2,1,0,603740.94,0
711,East India,Female,44,10,174644.65,1,1,1,483820.65,0
861,South India,Female,25,4,0.0,1,0,0,806916.38,0
698,West India,Male,35,6,1873492.88,1,0,0,678640.36,1
612,North India,Male,18,4,1352430.75,1,0,1,767658.54,0
618,North India,Male,24,7,326536.54,1,0,1,930428.26,0
821,North India,Male,33,8,183885.83,1,1,0,861388.2,1
677,North India,Male,22,10,4972172.63,1,0,0,1086207.72,0
581,South India,Female,53,3,1256992.27,2,1,0,420552.3,0
644,South India,Male,20,3,0.0,1,1,1,913419.56,0
669,South India,Male,31,10,58528.57,2,0,0,955538.94,0
692,West India,Male,37,6,150914.86,2,1,0,251044.32,0
786,North India,Male,51,6,449620.13,1,1,1,586501.88,0
764,North India,Female,20,10,541592.74,1,1,0,250835.01,0
667,South India,Male,48,7,731327.32,2,1,0,466882.53,0
646,South India,Male,36,6,0.0,2,0,0,1112138.92,0
685,North India,Female,25,6,1008248.04,1,1,0,474330.93,0
595,North India,Female,41,5,0.0,2,1,1,1344478.03,0
738,South India,Male,38,5,1485590.24,1,0,1,450587.57,0
631,North India,Female,29,9,0.0,3,0,1,241730.17,0
694,West India,Female,36,2,133867.51,1,1,1,1227435.29,0
804,North India,Female,31,3,315661.56,1,1,0,513464.57,0
699,North India,Male,37,9,404505.54,2,1,1,460495.47,0
670,South India,Female,43,3,0.0,2,0,0,763742.49,1
603,East India,Male,53,8,195054.0,2,1,1,510792.92,0
642,South India,Male,22,5,311368.1,3,1,0,429039.71,0
547,South India,Male,59,9,2240720.97,1,1,0,615894.5,1
697,North India,Male,18,2,879119.32,1,1,1,940940.1,0
457,South India,Female,34,10,652048.04,1,1,0,684339.31,0
737,North India,Male,42,3,104997.78,1,0,1,486881.92,0
715,South India,Male,39,5,881320.29,3,1,0,444024.46,0
658,South India,Male,29,5,163598.89,2,1,0,631238.94,0
602,North India,Male,33,4,500766.99,2,0,1,1675633.77,0
648,North India,Female,30,0,0.0,3,1,0,721174.07,0
490,West India,Female,29,10,1710926.94,3,1,0,438180.68,1
724,South India,Female,45,9,1379408.48,2,1,1,739074.3,0
635,West India,Female,39,5,220238.91,2,1,1,290703.63,0
786,North India,Female,28,3,0.0,2,1,1,167299.13,0
685,West India,Female,45,7,497033.18,1,0,0,395707.2,0
670,North India,Male,39,9,555040.3,2,1,1,628040.0,0
686,North India,Female,44,0,0.0,1,1,1,679875.86,0
562,West India,Female,42,4,140879.04,1,1,0,524081.15,0
609,West India,Female,26,3,1215172.94,2,0,1,915859.31,0
661,North India,Female,29,4,844799.56,2,1,1,638777.99,1
622,West India,Female,44,8,764910.47,2,1,1,451610.69,0
598,West India,Female,42,6,88224.07,1,1,0,374652.75,0
624,North India,Female,35,2,0.0,2,1,1,441799.37,0
653,West India,Male,37,2,78065.37,1,1,1,567911.54,0
858,South India,Male,50,6,0.0,1,1,1,440596.74,0
620,South India,Female,29,0,0.0,2,0,1,336465.47,0
589,South India,Male,42,7,176115.26,2,1,1,197071.39,1
636,South India,Female,33,2,205085.58,1,0,1,315512.82,0
785,West India,Female,33,7,340679.23,2,1,0,334992.08,0
791,North India,Female,48,7,671613.31,1,1,1,271476.04,0
825,North India,Female,45,1,452385.13,1,0,0,797317.3,1
655,West India,Male,44,2,0.0,2,1,0,384028.31,0
707,West India,Female,50,9,0.0,1,0,0,1002215.35,0
555,South India,Male,36,0,229261.68,1,0,0,1112042.87,0
618,North India,Male,43,5,196270.46,1,0,0,509065.5,0
549,West India,Male,32,2,288902.08,1,1,0,591392.4,0
692,North India,Female,39,8,665551.06,2,1,1,551451.48,0
653,South India,Female,34,0,1491746.87,1,1,1,571114.81,0
670,North India,Female,37,7,76449.62,4,1,0,1203496.09,0
573,South India,Male,42,6,0.0,3,1,1,851124.5,0
726,North India,Male,26,6,2231012.38,1,1,1,336096.36,0
433,South India,Male,59,10,0.0,1,1,0,227656.58,0
627,West India,Male,24,7,4721081.15,1,1,0,1073261.23,1
640,South India,Female,22,8,328667.53,1,1,0,249055.63,0
468,North India,Male,48,7,539048.29,2,1,1,398338.86,0
684,North India,Female,44,5,301317.18,1,1,1,328492.39,0
634,North India,Female,42,0,1048139.29,1,1,1,814619.0,0
700,South India,Female,42,0,0.0,2,1,0,1689556.86,0
829,South India,Male,35,10,0.0,4,0,1,410599.05,1
679,North India,Female,26,6,0.0,1,1,1,320278.84,0
737,West India,Male,36,10,186430.79,3,1,1,1020524.29,0
774,West India,Male,28,2,394174.9,1,1,0,441106.96,0
694,South India,Male,46,2,0.0,1,1,1,1539213.89,1
572,North India,Female,34,10,1871583.21,1,0,1,218369.16,0
502,West India,Male,26,8,0.0,1,1,1,356507.99,0
683,West India,Male,32,9,231024.26,1,0,0,345088.53,0
613,East India,Male,40,3,92979.98,1,0,0,509553.17,0
765,South India,Male,29,2,244655.82,2,1,1,592500.14,0
607,East India,Male,26,1,416533.73,1,1,0,656682.9,0
648,North India,Female,38,4,0.0,1,0,1,525921.1,0
545,South India,Female,38,8,515318.92,1,0,0,598511.01,1
619,South India,Female,30,7,174736.1,3,0,1,524111.47,0
565,South India,Female,30,7,0.0,2,0,1,791982.74,0
573,South India,Female,38,0,821766.22,1,1,1,1404133.71,0
645,North India,Male,20,8,0.0,1,1,1,491269.0,0
595,West India,Female,20,7,519239.39,2,1,1,748163.45,0
886,South India,Male,28,10,0.0,1,1,1,212331.73,0
725,East India,Male,33,2,1919225.24,2,1,1,682102.75,0
747,North India,Female,39,7,1320877.08,1,1,1,1537883.81,0
640,South India,Female,52,8,3834120.66,2,1,0,1187838.02,0
659,South India,Female,45,1,628124.01,2,0,1,847798.51,0
611,South India,Female,34,0,229498.39,1,1,1,241930.43,0
886,West India,Male,35,0,134645.81,2,1,0,1230132.2,0
640,North India,Female,24,0,1819262.61,2,0,1,1487540.34,0
595,North India,Male,35,4,476250.23,2,0,0,748216.06,1
582,West India,Female,32,1,71785.12,1,0,1,1994685.57,0
680,South India,Female,39,3,240827.94,3,1,1,168238.38,0
777,North India,Female,26,0,863751.48,1,0,0,629590.03,0
747,South India,Male,41,1,254214.15,1,0,1,316268.03,0
581,South India,Male,52,6,122455.79,1,1,1,488940.42,0
579,West India,Male,34,8,817584.23,2,0,0,647903.33,0
762,North India,Male,40,5,2655004.47,2,1,0,434193.89,0
839,South India,Female,43,9,0.0,1,1,0,539948.21,0
636,South India,Female,31,9,474798.86,2,1,1,152008.12,0
758,West India,Female,38,4,5778826.11,1,0,0,951923.57,1
518,West India,Female,36,9,0.0,2,1,0,2021797.61,0
574,South India,Male,37,10,0.0,1,1,0,1370616.26,0
559,North India,Male,27,6,0.0,2,0,1,468178.03,0
687,North India,Male,36,8,184770.63,1,1,0,431869.39,0
633,North India,Female,41,1,235870.85,2,1,1,746461.29,0
671,North India,Female,51,5,420234.17,1,1,0,863545.65,0
759,West India,Female,46,2,74176.23,2,0,1,2791787.78,0
591,West India,Male,59,9,719086.22,1,1,1,1590829.05,0
658,South India,Male,27,9,1263322.45,2,1,0,273555.1,0
529,North India,Female,45,3,0.0,1,1,1,712392.93,0
754,North India,Male,38,4,2055704.96,2,1,1,959487.08,0
748,West India,Female,60,4,235447.62,1,0,1,577510.41,0
682,West India,Male,27,9,548674.68,1,1,1,440674.76,0
660,North India,Male,26,7,0.0,4,1,1,561467.49,0
604,South India,Female,29,4,389258.32,2,0,0,1180015.24,0
524,North India,Male,18,1,376213.93,2,0,0,386552.33,0
677,North India,Female,30,1,692582.64,2,0,1,833145.94,0
718,North India,Female,27,0,0.0,2,1,1,618384.74,0
831,South India,Male,37,1,706522.15,2,1,0,716941.71,0
614,North India,Female,39,0,0.0,1,1,1,374971.34,0
674,North India,Female,56,2,769116.56,4,0,0,510042.55,0
750,North India,Male,46,4,138469.05,1,0,1,411157.72,0
753,North India,Female,29,2,297766.29,1,0,0,717414.69,0
593,West India,Female,26,10,1274663.25,3,1,0,892255.03,1
624,North India,Male,41,6,176376.27,1,1,1,569674.11,0
602,West India,Female,21,9,196220.4,1,1,0,846894.29,0
568,North India,Male,56,10,0.0,2,0,0,997069.06,0
782,North India,Female,48,1,0.0,3,1,1,629620.77,0
655,North India,Female,30,4,0.0,4,1,1,281053.63,0
643,North India,Male,18,2,237727.53,1,0,0,617988.57,0
672,North India,Male,50,1,0.0,1,1,0,748395.42,0
654,North India,Male,34,3,345600.49,2,0,1,611206.45,0
630,West India,Male,49,8,0.0,1,0,1,377400.89,1
581,West India,Female,18,8,0.0,1,0,1,665868.7,0
790,West India,Female,29,5,0.0,2,1,0,939002.88,0
598,North India,Male,36,6,246398.14,1,1,0,476930.61,1
566,South India,Female,36,0,0.0,1,0,0,462474.59,0
642,North India,Female,31,2,371773.61,1,0,1,786509.39,1
844,West India,Female,42,1,0.0,3,1,1,371954.06,0
576,East India,Female,24,8,130583.91,2,0,1,405442.27,0
713,West India,Female,34,9,0.0,3,0,1,696283.19,0
627,North India,Male,37,7,0.0,1,1,1,231038.85,0
672,North India,Male,41,2,130945.21,2,0,0,526158.25,0
732,North India,Female,43,9,0.0,1,1,1,517170.69,0
495,North India,Male,23,7,1479277.0,1,0,0,317528.7,1
569,North India,Male,19,9,1481799.18,1,1,1,498642.22,0
731,North India,Female,50,7,1032325.91,1,1,1,607256.06,0
658,North India,Female,39,10,118360.68,2,1,0,2070299.65,0
669,South India,Male,27,7,715622.75,2,1,1,300779.89,0
714,South India,Male,53,3,0.0,1,1,1,292533.52,1
569,West India,Male,37,6,544211.06,1,0,0,808884.66,0
744,North India,Male,48,9,1573967.87,2,0,0,555441.92,1
723,North India,Male,36,7,0.0,2,1,0,662359.27,0
671,South India,Male,58,9,2677015.32,2,1,0,675750.83,1
692,South India,Male,55,4,290203.04,2,1,0,1565364.83,0
754,North India,Male,33,8,409506.94,2,1,1,928615.01,0
596,West India,Male,46,8,0.0,2,0,1,866782.57,1
709,North India,Male,43,2,1016785.58,1,1,1,939162.8,0
806,South India,Male,51,2,0.0,1,1,1,573129.61,0
707,South India,Male,25,7,1863027.43,1,0,0,338839.62,0
629,North India,Female,43,6,55419.54,2,1,1,626362.39,0
858,South India,Male,47,8,465391.59,1,0,1,891119.08,0
670,South India,Female,18,1,814827.67,2,0,1,842990.37,0
775,North India,Female,22,1,861040.27,2,1,1,362510.26,0
612,East India,Male,18,6,322940.72,2,1,1,709320.41,0
746,North India,Female,33,7,0.0,1,1,0,143269.8,0
600,West India,Male,43,2,782113.44,2,0,0,802782.45,0
679,North India,Male,52,0,203190.25,1,1,0,424707.23,1
595,South India,Male,36,9,196024.65,2,1,1,859744.51,0
821,North India,Male,53,6,1036593.23,2,1,0,487107.25,0
630,West India,Male,20,10,493558.45,1,1,0,354407.94,0
550,West India,Male,18,5,0.0,1,0,0,509901.69,0
658,North India,Female,35,0,914974.02,2,1,0,430172.24,1
698,North India,Female,40,8,181574.2,2,0,1,932153.85,0
647,East India,Male,35,10,0.0,1,1,0,1456804.59,0
576,West India,Male,18,10,0.0,1,0,1,541799.58,0
743,South India,Male,35,10,291423.11,2,0,0,303217.09,0
763,South India,Male,21,5,0.0,2,0,0,448776.22,0
501,West India,Female,43,4,1157790.12,1,1,0,258733.98,0
571,North India,Male,40,2,0.0,2,0,1,553585.0,0
635,West India,Male,25,8,967278.96,1,0,1,575858.27,0
602,South India,Female,30,6,2904864.28,1,1,0,895435.52,0
697,West India,Female,24,3,747977.77,1,1,1,1430667.77,0
815,North India,Male,35,0,219818.55,1,1,1,1142632.32,0
615,South India,Female,46,3,670424.26,1,1,0,1011661.51,0
791,South India,Male,25,2,2803029.48,2,1,1,714874.78,0
517,West India,Male,41,5,0.0,1,0,0,649497.79,0
691,West India,Male,30,10,4609940.2,3,0,0,677255.57,0
596,West India,Male,27,0,325512.19,1,1,1,1157098.31,0
692,West India,Female,34,10,311820.41,2,1,0,690574.39,0
491,South India,Male,24,3,0.0,2,1,1,945552.24,0
534,North India,Male,29,0,161599.17,2,1,0,343523.97,1
692,South India,Male,22,0,549130.13,1,0,0,613190.68,0
593,West India,Male,57,5,227319.25,2,0,0,328687.52,0
620,North India,Female,36,5,172633.93,2,1,1,371974.21,0
815,South India,Male,28,8,229630.53,2,0,1,365963.51,0
662,North India,Male,38,10,769597.52,1,1,0,913577.2,1
731,North India,Male,34,6,0.0,1,0,1,690874.3,0
581,West India,Male,33,5,645994.86,1,0,0,352668.25,0
529,West India,Male,42,2,1422161.76,2,1,0,768349.97,0
642,South India,Male,44,2,963193.5,2,0,0,859728.41,0
515,West India,Male,30,4,1629108.45,2,1,0,1597972.9,0
587,North India,Male,29,5,876436.6,1,1,1,375082.88,0
671,North India,Male,32,5,392675.71,1,0,0,728441.51,0
639,West India,Female,18,7,2947752.82,2,0,0,1577556.04,0
680,South India,Female,19,7,245884.42,2,0,0,909503.3,0
704,North India,Female,51,0,321697.11,2,1,0,794061.19,0
542,West India,Female,54,2,0.0,1,1,0,775877.08,1
565,West India,Male,33,4,441736.15,1,0,1,813469.23,0
453,West India,Female,42,8,57958.35,2,1,1,427873.39,0
616,West India,Male,39,3,251595.36,2,1,1,1081333.37,0
716,North India,Male,69,4,0.0,2,1,1,285462.33,0
784,North India,Male,48,0,1543590.56,2,1,1,186966.88,0
667,West India,Male,34,6,252144.06,2,1,1,1248227.98,0
773,South India,Female,25,1,1277885.86,2,0,1,701559.09,0
684,North India,Male,18,0,104311.06,1,1,0,407254.16,0
659,South India,Male,38,1,0.0,1,1,0,729702.35,0
594,West India,Male,27,7,0.0,2,0,0,601253.51,0
435,North India,Male,20,0,0.0,1,1,0,418686.82,0
760,West India,Male,28,0,1539318.1,2,0,1,580307.85,0
645,North India,Male,24,0,360553.6,2,1,1,519083.87,0
774,North India,Male,54,10,601090.96,2,1,1,1100367.36,0
564,West India,Female,45,1,554762.93,2,1,0,792594.07,1
868,North India,Male,35,0,232261.86,1,1,1,915300.83,0
627,North India,Male,52,1,1685977.95,2,1,1,707853.03,0
587,West India,Female,36,10,1421635.19,2,0,1,593105.68,0
630,West India,Female,26,6,155427.52,1,1,0,236130.71,0
665,South India,Male,52,0,848713.75,1,1,0,199696.82,1
643,North India,Male,41,9,0.0,1,1,1,400335.01,0
603,North India,Female,24,1,955357.12,2,0,1,437050.89,0
487,South India,Male,33,2,160974.28,2,1,1,376207.14,0
577,North India,Male,26,1,0.0,2,1,0,235339.69,0
746,South India,Male,20,2,0.0,1,1,1,502764.83,0
570,South India,Female,46,6,515618.72,2,1,0,229031.05,0
495,South India,Female,57,1,82615.23,2,0,1,768093.18,1
555,North India,Female,20,2,0.0,1,1,1,277105.24,0
642,North India,Male,42,5,560267.62,2,1,1,817188.56,0
581,East India,Male,28,3,17586.56,2,0,0,1074624.02,0
624,East India,Male,30,0,4368130.13,1,1,0,831153.21,1
578,South India,Female,29,7,124914.53,4,1,0,1611167.31,1
740,West India,Female,26,6,0.0,1,1,1,595506.0,0
694,West India,Male,36,7,0.0,1,0,0,511762.85,0
849,North India,Female,26,8,0.0,2,1,1,1594845.56,0
615,North India,Male,38,8,0.0,1,1,1,262278.42,0
624,North India,Male,35,2,694973.39,1,0,1,379494.33,0
756,South India,Female,33,10,731321.31,1,1,0,417906.76,0
685,South India,Male,26,8,1657784.64,2,0,1,465579.04,1
565,East India,Male,29,10,0.0,1,1,1,882152.62,0
700,West India,Male,44,5,538854.35,2,1,0,382710.37,0
685,West India,Female,41,9,1140026.28,1,0,1,680684.56,0
488,West India,Female,25,9,0.0,1,1,0,445369.28,0
591,West India,Female,37,1,131091.55,2,1,1,884143.0,0
667,North India,Female,44,0,135192.78,1,0,0,462423.56,0
780,North India,Male,18,3,0.0,2,1,0,380125.75,0
712,South India,Male,41,8,281641.19,1,1,0,848932.43,0
599,West India,Female,28,1,0.0,1,1,0,735247.36,0
586,South India,Female,42,0,615752.62,2,1,1,1495018.57,0
721,West India,Female,27,1,0.0,1,1,0,457646.94,1
431,East India,Female,18,6,0.0,1,0,1,674686.68,0
577,South India,Female,18,4,511914.98,1,1,1,241746.34,1
776,South India,Male,36,4,885742.57,1,1,0,656002.76,1
676,West India,Male,38,9,90504.04,1,1,0,581725.16,0
581,North India,Female,26,3,0.0,2,0,0,963330.17,0
541,North India,Female,43,0,742489.92,2,0,1,609021.64,0
725,West India,Female,18,7,639844.26,2,1,0,622775.34,0
657,West India,Male,35,0,718463.82,4,0,0,560868.32,1
630,South India,Male,22,9,0.0,2,1,0,713634.19,1
683,West India,Female,28,2,530796.75,3,0,0,310064.46,0
664,South India,Female,36,1,525903.66,1,1,1,477085.2,0
657,South India,Female,26,1,0.0,1,0,1,342430.97,0
530,South India,Male,31,8,543635.14,2,0,1,965344.12,0
557,North India,Female,47,8,349061.91,1,0,1,443555.71,0
717,North India,Male,29,4,0.0,2,1,1,264994.13,0
700,East India,Female,45,10,0.0,2,0,0,982651.85,0
684,North India,Male,23,1,0.0,2,1,1,445278.47,0
597,North India,Male,41,9,365260.72,1,0,1,225496.28,0
718,South India,Female,51,6,0.0,2,0,0,922367.74,0
616,North India,Male,18,7,369034.78,1,0,1,725840.95,0
767,West India,Male,27,8,0.0,2,0,1,467372.75,0
582,North India,Male,42,3,1332348.89,2,0,0,384820.68,1
602,South India,Female,33,0,1166676.35,1,1,1,463318.67,1
636,North India,Male,40,6,0.0,1,0,1,1106953.34,0
726,West India,Male,29,6,64576.44,2,1,1,688508.54,0
646,South India,Female,36,0,410907.56,2,0,1,483926.38,0
653,South India,Male,34,3,599281.85,2,1,0,674377.4,0
614,East India,Male,48,3,177530.34,1,1,1,1210684.18,0
674,North India,Male,38,0,66387.99,2,1,1,397677.38,0
643,South India,Female,39,6,0.0,1,0,1,530808.84,0
579,East India,Male,31,2,436684.13,1,0,0,348754.3,1
661,West India,Female,30,0,686617.37,2,1,1,239651.89,0
663,West India,Male,31,6,478845.4,1,0,0,728205.61,0
861,North India,Female,40,2,1456110.39,1,1,1,594408.27,0
595,North India,Female,31,2,666891.81,1,0,1,814617.83,0
574,North India,Female,39,2,0.0,1,1,0,632954.82,0
675,East India,Male,58,3,477769.76,1,1,0,1014226.76,0
560,East India,Female,45,4,0.0,1,0,0,563140.15,1
553,North India,Male,32,0,335239.59,2,0,1,885394.06,0
520,North India,Female,49,2,0.0,2,1,1,1142659.25,0
580,North India,Male,31,0,498008.56,2,1,0,791207.08,0
582,North India,Female,18,2,0.0,4,0,0,624433.71,0
534,South India,Male,24,2,845816.38,2,1,0,556183.48,0
627,West India,Female,18,3,0.0,1,1,0,684867.18,0
437,West India,Male,32,9,1463144.36,2,1,1,1213235.1,0
694,West India,Male,36,0,126160.55,2,1,1,563245.09,0
599,South India,Male,54,4,1545706.37,2,1,0,942779.39,0
613,West India,Male,39,3,0.0,2,1,1,863602.46,0
702,West India,Male,33,4,0.0,2,0,0,978464.4,0
683,South India,Male,45,5,71724.42,1,1,0,1049427.68,0
593,North India,Female,18,2,157351.08,1,0,1,604910.94,0
690,North India,Male,38,2,615474.12,2,1,0,785884.21,0
789,West India,Female,44,4,663413.84,3,1,1,245371.91,0
558,East India,Male,19,4,1472149.92,1,1,0,832614.42,0
717,South India,Female,48,8,1940260.27,1,1,0,482284.19,0
549,East India,Male,39,6,210838.97,1,1,0,1030295.42,0
755,North India,Female,31,5,0.0,2,1,1,852269.03,0
585,West India,Female,42,1,0.0,2,0,1,620173.86,0
582,West India,Male,60,8,218717.23,2,1,0,1011986.56,0
753,South India,Female,38,9,0.0,2,0,1,621647.97,0
714,East India,Male,38,2,45337.97,1,1,0,710141.32,0
588,South India,Male,30,6,110063.66,3,1,1,455254.67,0
661,North India,Male,26,7,564297.28,3,0,1,653942.38,0
586,North India,Male,45,8,0.0,2,1,1,766612.7,0
506,South India,Male,26,4,253802.4,1,1,0,395205.69,0
667,East India,Female,36,5,858166.74,1,1,0,740556.49,0
617,North India,Male,30,5,329436.3,1,1,1,624604.73,0
564,South India,Female,41,4,195308.0,1,0,1,1113059.92,0
767,West India,Male,39,6,0.0,1,0,0,467490.57,0
567,North India,Male,47,0,5284963.04,1,1,1,384902.88,1
662,North India,Female,30,4,0.0,2,0,0,827806.42,0
747,South India,Female,33,10,0.0,3,1,0,462536.02,0
626,North India,Female,25,9,2249008.72,1,0,0,466556.21,0
583,North India,Male,31,5,132870.42,2,1,1,348084.95,0
676,North India,Female,40,2,0.0,1,0,1,495322.31,0
691,North India,Female,44,1,1319785.26,2,1,1,737472.83,0
728,South India,Male,25,3,142620.89,1,1,0,946228.84,0
818,West India,Male,45,2,613130.8,1,1,0,422018.12,0
608,West India,Male,50,5,331265.86,1,1,0,1429349.14,0
667,South India,Male,40,5,213258.54,2,0,0,850594.83,0
535,East India,Male,56,3,43745.55,1,1,0,1212764.94,0
709,West India,Female,27,3,0.0,2,0,1,721706.14,0
666,East India,Male,22,9,0.0,1,0,0,553335.04,0
633,South India,Female,18,9,0.0,2,1,0,120466.68,0
594,West India,Female,52,10,720438.94,2,0,0,648356.3,0
618,West India,Male,43,9,0.0,2,1,1,213250.0,0
671,North India,Male,35,10,0.0,2,1,1,1318538.71,0
563,North India,Male,39,1,349593.34,2,0,1,241378.9,0
622,West India,Female,23,6,0.0,2,1,1,1304777.17,0
651,North India,Female,62,8,130333.43,4,1,0,226959.32,0
511,North India,Male,37,8,2353668.24,3,1,1,765754.26,0
555,South India,Female,37,9,1212500.22,2,1,0,1177740.56,0
590,West India,Male,43,1,87300.13,1,0,0,606275.55,0
791,East India,Female,41,8,998910.7,2,1,1,637756.98,0
575,South India,Female,38,4,0.0,2,0,1,359140.27,1
644,West India,Male,27,10,0.0,2,1,1,720077.81,0
556,North India,Male,41,5,0.0,2,1,0,709028.77,1
580,West India,Male,56,0,200060.6,1,0,0,971568.27,0
520,South India,Male,50,6,124473.78,1,0,1,1856853.96,0
710,West India,Female,53,7,174151.82,1,1,1,440403.31,0
530,South India,Male,30,4,120128.47,2,1,1,608351.48,0
731,South India,Female,25,5,142703.16,2,1,1,1227002.05,0
692,South India,Male,34,3,8515545.57,2,0,0,250354.99,1
643,West India,Female,36,2,669745.99,2,1,1,351946.34,0
734,East India,Female,48,2,136741.06,2,1,0,414818.53,0
900,North India,Female,18,1,2130424.52,1,1,0,786346.6,0
692,South India,Male,52,9,163971.78,2,1,0,1064882.18,1
549,West India,Male,34,5,283341.98,1,0,0,678041.97,0
784,West India,Female,31,8,452984.5,2,0,0,722482.41,0
666,South India,Male,24,2,930686.24,2,1,0,630133.49,1
840,North India,Male,18,0,598589.97,1,1,1,391588.25,0
604,South India,Male,45,9,333954.56,2,0,1,1902250.78,0
765,South India,Female,36,0,1110673.95,1,1,1,596124.63,0
649,South India,Female,21,3,1164781.98,2,1,0,559865.25,1
889,North India,Female,21,0,86484.36,2,1,1,500521.82,0
624,North India,Male,32,9,807607.62,2,1,0,565271.82,1
900,West India,Male,54,1,148438.11,1,1,0,313450.38,0
689,East India,Female,33,3,275040.76,1,0,0,694760.55,0
726,East India,Male,19,3,877156.65,1,1,0,962326.15,0
803,West India,Male,33,10,490992.06,2,0,1,849298.2,0
579,West India,Female,33,7,0.0,1,1,1,288706.98,0
737,North India,Male,18,3,389767.36,3,1,0,903334.64,0
623,South India,Male,35,2,79014.63,1,0,0,2345909.74,0
663,North India,Male,33,3,0.0,1,1,1,440407.26,0
657,West India,Male,43,4,440346.97,1,0,1,245457.67,0
701,East India,Male,56,4,1140931.16,1,1,0,270142.42,0
697,West India,Female,48,3,154987.8,2,0,1,466761.1,0
598,South India,Male,33,9,348052.14,4,1,1,1007855.53,0
661,West India,Male,23,1,620419.85,1,1,0,832973.03,0
439,East India,Female,64,2,904010.26,2,1,0,743600.24,0
739,North India,Female,36,9,624643.68,1,1,1,526545.13,0
802,West India,Male,36,9,540086.64,1,1,0,764871.5,0
667,North India,Female,35,2,324844.45,1,0,1,739935.08,0
505,West India,Female,38,4,112697.35,3,0,1,584102.31,1
716,North India,Male,34,10,0.0,2,0,1,1047298.94,0
581,North India,Male,29,1,573240.99,2,1,1,790888.58,0
666,West India,Male,29,1,980455.7,1,1,0,522362.09,1
711,North India,Female,35,10,2705380.69,2,1,0,344178.17,0
699,North India,Male,30,9,0.0,4,1,0,507932.35,0
747,South India,Male,28,1,174425.96,2,1,0,614710.68,0
663,West India,Female,37,10,0.0,4,1,1,361213.77,0
665,North India,Male,33,5,1253209.6,1,0,0,512005.37,0
716,West India,Female,52,7,0.0,2,1,0,377022.39,0
643,West India,Female,18,9,0.0,1,0,0,358280.09,0
588,South India,Male,48,5,1492868.48,1,1,0,251144.85,1
690,South India,Female,49,3,0.0,1,1,1,628394.25,0
548,North India,Male,18,7,367005.89,2,1,0,1508171.0,0
642,South India,Male,32,3,208107.77,2,1,1,349213.65,0
526,North India,Male,31,10,0.0,1,0,1,420534.85,0
600,North India,Female,20,8,1141606.86,2,0,1,805581.5,0
603,South India,Female,27,7,1789981.16,1,1,1,591655.18,0
561,South India,Male,23,3,0.0,1,1,1,849981.06,0
749,West India,Male,55,6,279367.01,1,1,1,703482.06,0
741,South India,Male,46,10,0.0,3,1,1,1934329.78,0
768,East India,Female,49,9,1000883.12,2,1,1,792330.32,0
633,North India,Female,43,10,0.0,1,1,1,408879.76,0
610,North India,Female,23,8,334389.25,1,1,0,467120.88,0
722,South India,Female,30,5,65139.23,2,0,1,530502.64,0
661,North India,Female,41,0,453246.13,1,0,0,393034.18,0
661,West India,Male,22,5,0.0,1,0,0,434657.36,0
421,South India,Male,43,7,0.0,1,1,0,479580.41,0
718,South India,Female,33,8,161272.44,1,0,1,902287.46,0
706,South India,Male,31,0,965123.86,3,1,1,308838.76,1
649,South India,Male,43,4,0.0,1,0,1,513930.88,0
723,South India,Female,40,4,612984.32,1,1,0,492881.03,0
704,North India,Female,32,7,2728650.19,2,1,0,561880.92,0
587,North India,Male,48,6,1047430.58,1,1,1,441418.28,0
630,South India,Female,24,4,921567.46,1,1,1,720105.59,0
559,North India,Female,42,5,281759.21,1,1,0,333900.62,0
781,West India,Male,42,7,664379.92,3,1,0,271519.24,0
737,North India,Male,32,5,189655.73,2,0,1,809276.97,0
576,North India,Male,39,9,190682.32,1,1,0,2132255.83,0
705,North India,Male,22,4,735292.1,1,0,1,550045.63,0
675,South India,Female,46,9,1076742.99,1,0,1,255522.34,1
588,North India,Male,33,0,541842.06,2,1,0,653838.91,0
661,North India,Male,30,7,1222745.37,2,0,0,501017.77,0
727,North India,Male,47,7,0.0,1,1,1,787100.28,0
734,North India,Male,28,5,0.0,1,0,0,1382944.61,0
859,West India,Male,20,6,0.0,2,0,0,500381.33,0
658,West India,Female,18,6,0.0,2,1,1,242903.35,0
628,North India,Male,42,10,218706.59,1,1,1,460962.83,0
700,North India,Female,21,1,724346.09,1,1,0,130430.85,0
633,South India,Female,55,5,4545967.15,2,1,0,325975.62,1
597,West India,Male,18,6,0.0,2,1,1,1003395.69,0
566,East India,Female,54,7,0.0,2,0,0,614628.99,0
341,North India,Female,38,1,918468.65,1,0,0,613240.19,0
716,South India,Male,34,9,242054.51,2,1,0,348992.03,0
502,West India,Male,30,7,299405.98,3,0,1,649095.13,1
570,West India,Female,40,10,313922.24,1,0,0,424799.68,0
676,North India,Female,35,1,0.0,1,0,1,876836.06,0
621,West India,Male,48,8,856039.43,1,0,0,648243.65,1
843,North India,Male,37,1,0.0,1,1,1,473023.35,0
514,North India,Male,37,2,169864.58,3,1,0,791202.12,0
851,South India,Male,32,7,0.0,2,0,1,322165.99,0
774,North India,Male,35,10,0.0,2,1,1,504669.87,0
731,West India,Male,39,5,0.0,1,1,0,900678.47,0
779,West India,Male,18,8,572441.08,1,1,1,1512535.11,0
686,West India,Male,21,7,2907717.42,2,1,1,742695.34,0
496,South India,Male,44,9,0.0,2,1,1,926481.41,0
696,North India,Male,37,5,2718411.01,2,1,1,930298.83,0
516,North India,Male,33,2,836657.02,2,0,1,195689.45,0
602,South India,Male,36,2,617737.37,2,0,0,354700.1,0
642,West India,Female,39,1,240493.51,3,1,1,474875.54,0
568,South India,Female,30,7,496584.88,2,1,0,973922.95,0
735,South India,Male,27,9,317409.7,2,1,0,810271.31,0
630,South India,Male,38,4,185634.24,4,1,1,989263.59,0
686,North India,Male,25,8,218337.21,2,1,1,1396329.12,0
649,South India,Male,40,4,0.0,1,0,1,809616.15,0
661,South India,Male,18,4,168723.22,1,1,1,346685.63,0
570,West India,Male,47,7,0.0,2,0,1,1060804.87,0
544,West India,Female,41,7,0.0,2,1,1,361270.78,0
636,North India,Male,38,1,0.0,2,1,0,612831.09,1
563,South India,Male,46,7,0.0,2,1,0,1352999.43,0
775,West India,Female,54,6,107522.96,2,1,0,422694.23,0
526,North India,Female,47,5,30406.04,2,1,0,183584.15,0
860,West India,Male,18,2,195218.66,2,1,0,613382.46,0
677,North India,Male,21,4,1186520.51,2,1,1,645969.48,0
656,South India,Male,29,1,944649.67,2,1,0,919244.79,0
601,East India,Male,36,10,130585.86,2,1,0,547850.26,0
709,South India,Male,41,8,230262.52,1,0,1,226731.83,0
631,South India,Male,28,4,540969.37,1,1,1,415791.04,0
677,North India,Male,38,7,366711.08,1,0,1,487612.41,0
725,North India,Female,27,4,850124.18,1,0,1,1226301.93,0
710,South India,Female,29,9,788743.59,1,1,0,266012.5,1
761,South India,Male,20,8,0.0,2,1,0,720976.95,0
698,South India,Male,25,10,0.0,1,1,1,1044145.95,0
564,East India,Male,21,0,609609.63,1,0,1,279648.95,0
462,North India,Male,25,5,573536.36,2,0,1,100000.0,0
668,South India,Male,47,7,1341134.42,1,0,1,457792.19,1
670,South India,Female,25,6,0.0,1,0,0,360224.67,1
823,South India,Female,64,1,0.0,2,1,1,600483.69,0
639,South India,Female,41,1,397695.72,2,1,1,631970.4,0
683,North India,Female,38,10,0.0,1,1,0,1312876.71,0
719,East India,Female,26,9,1594221.37,2,1,1,230645.03,0
696,South India,Female,43,0,0.0,1,0,0,874357.7,0
725,South India,Female,29,0,217651.5,3,0,0,527073.4,0
576,West India,Male,37,2,847843.33,1,0,0,671291.23,0
562,North India,Male,64,2,224070.57,2,0,0,160799.12,0
624,West India,Male,34,10,604679.16,2,1,0,298415.17,1
454,South India,Female,48,7,2167086.82,2,0,0,193360.01,1
646,West India,Male,28,8,874286.7,1,1,1,198612.97,0
590,West India,Male,35,4,1959161.74,2,0,1,438621.38,1
678,West India,Male,55,0,2105244.89,1,1,1,849090.23,0
626,South India,Female,29,1,185291.5,2,1,0,601788.35,0
558,West India,Male,55,10,2997479.15,2,1,1,774081.47,0
767,North India,Female,43,3,0.0,1,1,0,979636.14,0
657,West India,Female,29,8,59350.75,2,1,0,1283147.79,0
727,North India,Female,42,4,387946.43,2,1,1,785969.81,1
666,North India,Male,46,8,0.0,2,0,0,595625.8,0
691,North India,Male,42,0,369336.53,1,1,0,273106.39,0
527,North India,Male,18,8,841016.93,2,0,1,553289.99,1
765,North India,Male,28,7,3344662.62,1,1,1,571872.09,0
729,South India,Male,33,10,197240.65,1,1,0,1098262.75,0
648,North India,Female,35,0,0.0,1,1,0,1043649.15,0
675,West India,Male,42,6,737653.24,2,1,1,492515.89,0
740,North India,Female,37,4,267410.65,2,0,0,359489.93,0
616,North India,Female,21,9,732562.56,3,0,1,1261702.92,0
507,South India,Male,40,7,5429076.32,1,1,0,945720.81,0
618,South India,Female,42,3,0.0,2,1,0,843584.47,0
663,North India,Female,42,1,0.0,1,1,0,238069.92,1
647,East India,Male,47,0,145633.74,1,0,1,261572.75,0
768,North India,Male,45,6,241477.32,2,1,1,915668.62,0
563,West India,Male,41,0,547263.26,1,0,0,1238673.67,1
575,North India,Male,35,8,493445.93,1,1,1,758149.02,0
554,West India,Female,18,0,535486.46,1,1,1,289419.26,0
688,South India,Male,40,5,780339.51,1,0,0,317186.6,1
512,East India,Female,38,1,259907.52,2,1,0,256762.15,0
716,North India,Male,38,10,2452278.57,1,1,1,436989.11,1
566,North India,Male,21,5,176360.13,2,1,1,1017868.5,0
580,South India,Male,24,5,558754.18,1,1,1,745228.52,0
809,South India,Male,47,4,1471353.08,2,1,1,390824.66,0
760,North India,Male,35,4,198575.2,2,1,0,419731.62,0
660,North India,Male,43,7,328409.52,3,0,0,1291333.01,0
532,West India,Female,36,6,422857.7,1,1,1,1389289.66,0
831,North India,Female,36,4,0.0,1,0,1,396844.73,0
632,South India,Male,46,3,292361.97,2,1,0,385396.7,0
672,South India,Male,30,0,822572.85,2,1,0,677864.22,0
732,West India,Male,37,1,502682.52,1,1,1,468919.7,0
473,North India,Male,30,9,372367.88,2,0,0,545123.24,0
592,South India,Female,31,6,0.0,1,1,0,305654.5,0
643,North India,Female,32,9,0.0,2,0,1,350894.71,0
661,North India,Female,38,10,1548028.6,1,0,1,732526.7,0
532,South India,Male,30,0,406253.93,2,1,1,341297.78,0
679,East India,Female,49,8,156339.79,1,1,0,417643.27,0
653,North India,Male,26,5,1344090.84,2,1,1,504837.62,0
800,North India,Female,33,4,49459.4,1,1,0,658321.81,0
740,West India,Male,31,5,7644120.62,1,1,1,598566.78,0
625,South India,Male,51,0,0.0,1,0,1,593430.71,0
632,South India,Female,38,1,0.0,1,1,1,665961.45,0
741,East India,Male,47,6,214698.57,1,1,1,1087942.98,0
675,East India,Female,19,5,644327.18,1,0,0,510502.22,0
526,South India,Female,38,6,449363.39,1,1,1,1459330.15,0
838,South India,Male,45,5,1183530.22,1,1,0,772367.67,0
560,East India,Female,36,6,1538460.57,1,0,0,1653679.03,0
873,North India,Male,47,6,200776.84,1,0,0,197485.05,0
688,South India,Male,30,5,0.0,1,1,0,378211.61,0
592,South India,Female,51,7,453173.97,2,1,1,558595.01,0
436,North India,Female,61,6,65419.37,1,1,1,131608.98,0
719,East India,Male,32,8,0.0,2,1,0,503964.71,0
510,West India,Male,31,4,74543.46,1,0,1,250105.69,0
682,South India,Male,51,7,1215846.54,1,1,1,660343.84,0
824,West India,Female,53,7,228048.81,2,0,0,756237.23,0
547,South India,Female,30,7,420641.26,2,1,0,1073172.04,0
716,West India,Male,31,3,394391.97,1,0,1,472251.45,0
576,North India,Female,32,8,179951.74,1,1,1,1345862.17,0
751,North India,Male,21,9,344764.78,2,0,1,1140698.98,0
655,North India,Male,25,3,330057.87,2,0,0,918281.8,0
648,South India,Female,24,5,739196.43,2,0,0,947312.06,0
758,North India,Male,27,10,50965.7,3,1,0,620367.04,0
706,North India,Male,35,5,289341.5,1,1,1,431438.84,1
577,East India,Female,38,1,8731442.0,1,1,1,643734.77,1
810,East India,Male,53,6,685506.87,1,1,0,746454.87,0
511,South India,Male,25,6,375307.97,2,0,1,418056.65,0
674,West India,Female,46,0,0.0,1,0,0,331912.88,0
575,East India,Female,33,4,274210.68,2,0,1,1238765.83,0
516,West India,Female,35,8,0.0,3,1,0,616846.54,0
547,South India,Male,43,9,810683.56,2,1,1,128430.9,0
645,West India,Male,23,4,0.0,2,0,0,931512.26,0
681,South India,Female,40,9,568812.76,1,0,0,541992.13,0
745,North India,Male,37,6,447193.07,2,1,0,528023.29,0
782,South India,Male,41,8,1313643.12,2,1,0,428577.98,1
674,South India,Male,39,0,126610.61,2,1,1,382335.08,0
610,East India,Male,63,8,331596.07,2,0,1,390644.9,0
743,West India,Male,28,3,224383.74,1,0,1,874995.13,0
594,West India,Female,30,0,124742.18,2,0,1,363195.48,0
506,West India,Female,29,7,144159.75,1,1,0,1079641.69,0
734,North India,Male,29,2,313995.1,2,0,0,399915.47,0
769,West India,Female,28,10,2539738.5,2,1,0,203004.01,1
576,North India,Female,49,7,480322.69,2,1,1,1093349.91,0
826,South India,Female,51,5,820830.75,1,1,1,215314.77,0
702,West India,Male,29,5,327134.89,1,1,1,434722.92,0
689,South India,Male,26,7,0.0,2,1,0,660602.42,0
603,West India,Male,41,8,381379.6,1,0,1,247069.07,0
741,North India,Male,29,7,444345.62,2,1,1,246379.28,0
512,West India,Male,42,6,2096010.17,2,0,1,535471.02,0
619,North India,Male,38,2,0.0,2,0,1,520793.02,0
584,South India,Male,19,3,0.0,4,1,0,350753.52,0
532,South India,Male,53,8,0.0,2,1,0,459930.95,0
727,South India,Male,55,10,805782.6,2,0,1,847139.28,1
680,North India,Male,29,3,1220217.15,2,1,1,516105.76,0
722,South India,Female,31,7,326751.31,2,1,1,305951.4,0
624,West India,Male,39,5,884753.54,2,0,1,107888.9,1
738,South India,Female,39,4,1060787.19,3,1,0,933174.7,0
656,South India,Female,43,6,380016.35,2,0,1,911504.13,0
607,South India,Female,58,0,360070.26,2,1,1,783770.18,0
592,East India,Female,34,9,170731.58,2,1,1,686557.12,0
471,East India,Female,27,2,1279948.01,1,0,1,298985.75,0
754,South India,Male,20,4,1339308.59,2,0,0,266705.31,0
744,South India,Female,27,3,1470123.34,2,1,1,916429.66,0
900,South India,Female,35,2,579265.75,1,0,1,1031599.93,0
619,North India,Female,55,2,504219.58,4,1,0,297944.9,0
589,North India,Male,30,8,0.0,3,1,0,471421.18,0
496,North India,Male,38,4,0.0,1,1,1,351356.48,0
736,North India,Female,35,2,0.0,2,1,1,751595.56,0
715,South India,Female,49,10,1448164.73,1,1,1,270338.73,0
789,South India,Female,63,4,0.0,1,1,0,475745.98,0
567,North India,Male,30,8,4621821.83,1,1,0,892982.62,0
714,West India,Male,30,2,0.0,1,1,1,349947.96,0
603,West India,Male,47,4,702852.42,2,0,1,319917.68,0
770,West India,Male,43,1,0.0,2,0,0,524430.79,0
698,South India,Male,56,7,0.0,1,1,1,700694.38,0
509,North India,Male,42,5,0.0,2,0,1,360335.74,1
638,North India,Male,32,7,740849.92,2,0,1,1061906.73,0
474,North India,Male,42,0,7127214.48,1,0,0,717021.52,1
545,North India,Male,48,1,0.0,2,0,1,990142.5,0
550,West India,Female,45,6,102793.39,2,1,0,646133.59,0
592,East India,Female,41,6,0.0,1,1,0,489748.75,0
626,West India,Female,47,10,309226.2,1,1,0,596438.71,0
664,West India,Male,48,8,2109554.25,2,1,1,558933.89,0
660,South India,Female,51,5,476988.96,2,1,0,296465.39,0
647,West India,Male,43,6,0.0,1,1,0,619378.94,0
679,East India,Female,34,3,627744.46,2,1,0,378420.89,0
537,South India,Female,37,1,0.0,2,1,0,264116.37,0
656,North India,Male,49,8,0.0,1,1,0,553883.25,0
779,North India,Female,27,10,0.0,1,1,1,513402.3,0
635,South India,Male,40,0,1159643.41,1,1,1,933178.06,0
694,North India,Male,31,5,357712.76,1,1,1,503634.94,0
686,East India,Female,36,9,0.0,3,0,0,950004.16,0
727,South India,Male,50,8,66529.69,3,1,1,765444.1,0
675,West India,Male,38,9,402062.2,1,0,0,674979.98,0
726,North India,Female,36,9,0.0,1,0,0,572011.0,0
695,South India,Male,21,1,1023051.27,1,1,1,289720.49,0
709,South India,Female,44,1,0.0,1,1,0,609437.29,0
689,West India,Female,43,8,861232.06,1,1,1,1589854.86,0
559,South India,Male,59,9,0.0,1,1,1,633805.72,0
544,East India,Male,32,9,812737.43,1,1,1,872888.69,0
618,West India,Male,38,8,1436197.48,3,1,1,166517.11,0
789,West India,Male,38,3,0.0,2,1,0,314951.79,1
634,East India,Male,53,7,163473.75,1,1,1,1285036.61,0
677,East India,Male,34,7,1114556.68,2,0,0,608327.94,0
472,North India,Male,39,10,599292.71,1,1,0,659955.87,0
667,West India,Male,42,1,200526.17,1,1,0,1633952.97,0
657,North India,Female,38,3,0.0,2,1,1,505306.35,0
409,South India,Female,31,5,0.0,2,1,1,332558.96,1
676,North India,Female,38,3,1032581.09,2,0,1,717981.86,0
501,South India,Male,47,6,0.0,1,1,1,1061852.76,0
584,South India,Male,24,9,641410.58,1,1,0,854781.46,0
739,South India,Female,37,4,259916.32,1,1,1,507998.38,0
664,West India,Male,28,3,0.0,1,1,1,352310.78,0
609,South India,Male,49,5,1768744.52,1,0,1,704601.92,1
601,North India,Female,19,5,1714126.84,1,1,1,632929.8,0
612,West India,Male,29,4,442072.32,1,0,0,1792886.26,0
664,South India,Male,40,5,1023567.98,1,1,0,786742.64,0
541,South India,Female,53,4,6231460.39,1,1,1,639359.25,0
751,East India,Female,35,6,444804.81,1,1,1,305736.92,0
546,North India,Male,29,4,430283.18,3,1,1,185442.97,0
494,South India,Male,56,3,169201.38,2,1,1,686530.48,0
739,West India,Male,20,10,728655.87,2,0,1,1031971.94,1
610,North India,Female,18,8,301029.72,2,1,0,356453.4,0
656,South India,Male,40,4,246481.67,1,1,1,533170.93,0
708,West India,Female,30,5,74789.95,2,1,1,1161987.28,0
585,North India,Female,24,1,184048.13,2,1,0,842100.38,0
662,South India,Male,43,0,204311.74,1,1,0,658373.29,0
708,South India,Female,38,2,1729206.49,2,1,1,560929.32,0
797,West India,Female,29,6,402062.08,1,1,1,837458.54,0
604,West India,Male,21,0,203228.83,1,1,0,657435.44,0
608,West India,Female,45,0,0.0,1,0,0,1502806.35,0
700,South India,Male,43,7,1032533.96,3,1,1,858412.77,0
668,West India,Female,34,2,0.0,1,1,0,799277.47,0
637,West India,Female,56,1,0.0,2,0,1,491530.13,0
793,North India,Male,24,7,1716903.3,2,0,1,630065.65,0
498,East India,Female,19,9,0.0,2,1,0,748317.92,0
522,West India,Female,28,1,597345.0,2,0,0,1354484.53,1
499,North India,Male,35,9,0.0,1,0,0,538886.7,1
758,West India,Male,38,6,828279.21,4,0,1,666036.64,0
696,West India,Male,33,6,3529980.64,1,0,0,158369.06,1
526,South India,Male,39,9,0.0,2,0,0,211207.2,0
638,West India,Female,22,5,0.0,4,1,0,361476.71,0
647,West India,Female,51,0,0.0,1,1,0,1112651.27,0
451,West India,Male,35,0,0.0,2,1,0,681395.88,0
666,North India,Male,48,10,0.0,1,1,1,677515.81,0
544,South India,Male,39,10,379915.85,2,0,0,741664.62,0
713,South India,Male,41,2,519312.89,1,0,0,2061180.42,0
546,West India,Male,42,10,183646.92,1,0,1,488619.4,0
669,South India,Male,40,3,251229.47,1,1,1,737938.68,1
766,North India,Male,43,8,363374.1,1,0,1,779488.79,1
737,North India,Female,50,6,0.0,3,1,1,482471.2,0
695,South India,Female,38,0,234927.8,2,1,0,1556652.88,1
642,West India,Female,43,3,244633.54,1,1,1,294962.48,0
514,West India,Male,35,5,1659281.97,1,1,1,881645.82,0
610,South India,Female,51,5,863449.74,2,1,0,1616848.62,0
629,North India,Female,28,6,1263590.94,2,0,0,508649.17,0
623,North India,Female,55,8,0.0,2,0,0,356471.67,1
511,North India,Male,35,5,0.0,1,1,0,1301379.21,0
689,West India,Male,20,0,0.0,2,1,0,397916.15,1
543,North India,Male,37,2,2498246.32,2,0,0,1672230.07,0
789,South India,Male,28,0,4390217.54,2,0,0,637211.25,0
663,West India,Female,45,5,734074.36,1,1,1,464577.18,0
738,East India,Female,28,6,0.0,2,0,0,610434.38,0
736,East India,Male,31,2,92275.05,2,1,0,323902.18,0
837,East India,Male,18,9,432549.6,1,1,1,594390.39,0
666,West India,Female,31,8,0.0,2,0,0,720888.14,0
614,West India,Male,18,0,69345.53,2,1,0,1070996.12,0
616,West India,Female,18,0,2142079.91,1,1,1,1249483.65,0
784,West India,Female,44,6,0.0,2,1,0,1401525.41,1
531,East India,Male,44,4,2826965.35,2,0,1,235589.62,0
570,South India,Female,40,4,3839026.17,2,1,0,483518.43,0
671,South India,Male,25,4,77852.25,1,0,0,574800.71,0
636,South India,Female,35,10,952534.29,2,1,0,282839.58,1
737,West India,Female,35,10,540573.59,1,1,0,194241.86,0
529,West India,Female,23,4,1506661.44,2,1,0,1749944.82,1
643,West India,Male,52,1,467745.29,1,1,1,1085096.81,0
633,South India,Male,45,0,0.0,1,1,1,1563770.79,0
553,South India,Male,33,4,1256107.48,1,1,1,370640.81,0
729,East India,Male,36,9,1684446.85,2,1,1,476465.89,0
641,North India,Female,38,8,110219.6,1,1,1,394221.9,0
637,North India,Male,18,7,0.0,2,1,0,366301.56,0
575,West India,Female,33,8,0.0,2,1,1,759337.14,0
616,North India,Male,28,2,405198.36,1,1,0,678071.49,0
558,South India,Male,24,1,0.0,2,1,1,484667.68,0
727,North India,Female,32,4,325737.95,3,0,1,352857.6,0
742,North India,Male,55,6,0.0,2,1,1,307642.56,0
801,South India,Female,43,3,59827.66,2,1,1,384954.71,0
689,South India,Male,29,1,1175733.32,2,1,1,475903.82,0
619,South India,Female,42,8,395009.72,1,1,1,667806.14,0
607,North India,Male,51,5,3621320.6,2,1,1,828354.28,0
694,West India,Female,46,2,670509.54,2,1,1,1440460.17,0
668,North India,Male,36,10,137366.4,1,0,1,188182.51,0
634,North India,Male,28,0,1158776.87,2,0,1,3679772.01,0
626,North India,Female,43,0,593027.11,2,0,1,1106749.2,0
755,South India,Female,40,7,0.0,1,1,0,658765.33,0
611,South India,Male,45,10,3223953.66,1,1,1,1850427.49,0
771,South India,Male,42,3,192538.56,2,1,1,552244.58,0
666,East India,Male,47,8,1577761.35,1,0,0,626047.92,0
616,East India,Male,30,4,490020.36,1,0,1,384133.52,0
579,South India,Female,50,4,0.0,1,1,0,733487.8,0
636,North India,Male,38,7,1340228.77,2,1,1,603953.18,0
695,South India,Male,58,6,0.0,2,0,1,609576.61,0
616,North India,Female,28,7,0.0,1,1,0,956891.06,0
726,West India,Male,55,3,608227.92,1,1,1,576361.18,0
611,South India,Female,38,9,355409.61,1,0,1,682311.84,0
638,West India,Female,28,1,0.0,2,1,1,214223.72,0
534,East India,Male,30,5,622272.1,2,0,1,780525.05,0
700,South India,Female,32,6,1195639.44,2,1,0,1589080.39,0
625,South India,Male,40,5,0.0,2,1,1,1217815.21,0
792,South India,Male,41,2,1415778.27,1,1,1,371447.95,0
713,North India,Male,29,2,379734.71,2,1,1,767036.93,0
657,East India,Male,35,4,0.0,2,1,0,420469.58,0
760,South India,Male,59,6,299006.94,2,1,1,168489.42,0
686,North India,Male,55,1,89996.62,1,1,0,861398.07,0
740,West India,Female,40,10,0.0,2,1,0,1216023.52,0
572,North India,Female,36,3,139585.69,2,0,1,196719.48,0
691,North India,Female,37,7,215534.44,1,1,1,294802.88,0
695,South India,Female,42,2,505389.13,2,1,0,679504.89,1
510,West India,Male,24,6,428370.76,2,0,1,1386296.57,0
785,South India,Male,33,9,65795.62,2,1,1,435124.91,0
545,West India,Male,18,2,0.0,2,1,0,757841.45,1
533,North India,Male,40,7,1140749.57,3,0,0,476400.71,0
393,South India,Female,43,6,739608.16,2,1,0,861663.59,0
692,South India,Male,30,0,873348.27,1,0,0,645906.3,0
502,East India,Male,53,3,60408.01,2,0,1,245045.39,0
603,North India,Male,22,6,113753.9,1,0,1,210915.65,0
725,North India,Male,19,4,861241.04,2,0,0,458058.54,0
667,East India,Male,38,2,3966820.89,1,0,1,313311.54,0
593,East India,Male,47,1,0.0,3,1,1,362902.63,0
506,West India,Female,54,8,607404.77,2,1,1,1599957.66,0
640,North India,Male,30,9,0.0,2,0,0,341876.79,0
726,South India,Female,47,5,1196098.16,2,0,1,189596.16,1
713,South India,Male,35,9,191233.99,1,0,1,217211.91,0
810,West India,Male,34,0,3724334.51,1,1,0,253824.08,1
591,North India,Female,45,4,2080353.76,1,0,0,525763.12,1
531,North India,Male,43,6,1061306.55,2,0,0,1437227.47,0
677,South India,Male,18,7,306298.34,1,1,0,545722.52,0
669,North India,Female,52,4,861777.08,2,0,1,277382.94,0
649,West India,Male,51,9,814206.46,2,1,1,755422.5,0
582,West India,Male,29,9,0.0,1,1,0,772777.75,0
411,West India,Female,40,0,167371.62,2,1,0,520327.2,0
559,South India,Female,41,1,768128.33,2,1,0,1684715.88,1
700,West India,Male,38,3,0.0,1,0,0,184188.11,0
675,North India,Male,29,9,1459672.66,1,1,1,520013.77,0
736,North India,Female,28,0,135450.04,3,0,0,210685.88,0
681,South India,Male,35,3,651391.47,1,0,0,769216.21,0
716,North India,Male,48,5,1803261.51,2,1,0,758797.44,0
718,North India,Male,41,5,829795.16,1,1,1,238416.29,1
651,South India,Female,31,1,0.0,1,1,1,1224331.92,0
652,East India,Male,44,0,1578098.32,2,1,1,573167.16,0
388,East India,Female,18,7,464928.22,1,0,1,484753.71,0
590,South India,Male,48,8,0.0,2,1,0,580196.75,0
594,North India,Male,18,8,1613737.14,1,0,0,563565.63,0
640,North India,Female,32,6,788400.31,2,1,1,469904.66,0
566,South India,Female,23,3,0.0,2,1,1,165679.99,0
734,North India,Male,21,1,0.0,1,1,0,669413.6,0
570,North India,Male,48,6,0.0,1,0,0,1170049.73,0
749,West India,Female,30,5,247789.53,1,1,0,790662.17,0
563,South India,Female,39,6,2831563.96,1,1,0,371158.79,0
595,North India,Male,35,0,572703.05,2,1,0,1040473.25,0
588,West India,Male,41,3,174151.03,1,1,0,883297.74,0
605,West India,Female,36,0,844392.11,2,1,0,212713.57,1
756,South India,Female,21,6,648560.57,1,1,0,469850.4,0
620,North India,Female,46,5,352449.86,1,0,1,537199.79,0
622,East India,Male,30,9,0.0,1,0,1,1426678.61,0
583,West India,Male,18,7,0.0,2,1,0,1476185.07,0
626,North India,Female,31,1,220063.58,2,0,0,866397.83,0
669,South India,Male,52,7,0.0,1,1,0,379879.41,0
630,South India,Female,45,7,155094.95,2,1,0,499114.53,0
636,South India,Male,32,1,1607391.11,2,1,1,1572311.93,0
741,South India,Male,32,10,1096864.51,2,1,1,431564.31,0
674,South India,Male,32,10,1073619.89,1,1,1,194957.78,0
546,West India,Female,58,6,872422.31,1,0,0,280427.99,0
642,South India,Female,40,2,149310.63,2,1,0,475751.89,0
601,North India,Male,40,4,115640.08,1,1,0,651586.36,0
696,North India,Male,47,7,137519.51,2,1,1,1055718.06,0
659,North India,Male,38,0,899836.35,1,1,0,650374.67,0
751,South India,Female,33,0,0.0,1,0,0,847065.27,0
583,North India,Male,33,9,1162160.9,2,1,0,1098798.8,0
632,West India,Female,35,7,1201934.2,1,0,1,584876.73,1
554,North India,Male,35,5,0.0,3,0,0,396216.34,0
646,West India,Male,44,2,400950.33,2,0,1,964280.37,0
511,West India,Female,36,10,1161430.53,3,1,0,1092621.87,0
678,North India,Male,44,7,417987.15,2,1,0,1202708.31,0
645,West India,Male,35,7,0.0,2,1,0,1175351.57,1
663,East India,Male,36,8,1115078.35,1,1,1,818949.69,0
720,North India,Male,18,9,197838.63,4,1,0,958827.59,0
670,East India,Male,46,9,208173.5,1,1,1,427391.2,0
535,South India,Male,39,5,286970.09,1,1,1,402601.5,1
599,South India,Female,46,6,378251.79,2,1,1,454215.82,0
642,North India,Female,18,10,188974.97,2,1,0,352518.09,0
620,West India,Female,58,5,1033499.17,1,1,0,1383718.04,1
631,South India,Male,34,2,879072.44,1,1,1,973142.6,0
795,West India,Female,48,8,377386.73,3,1,1,504862.08,0
659,West India,Male,24,0,1629305.96,2,1,0,253558.91,0
684,South India,Male,42,4,0.0,2,1,0,347291.32,0
469,North India,Female,24,5,119679.1,2,1,1,291528.9,0
717,North India,Female,29,5,0.0,1,1,1,993261.86,0
900,North India,Male,57,0,644974.04,2,0,0,558682.23,0
771,West India,Female,33,7,1945723.16,2,0,1,388470.81,0
610,North India,Male,38,0,700391.82,1,0,0,507591.51,0
855,South India,Male,45,2,0.0,2,1,0,2043626.98,0
652,North India,Male,41,7,269618.49,1,1,1,420881.83,0
677,West India,Female,37,7,727533.15,2,0,1,515848.73,1
625,South India,Male,40,10,185382.1,2,1,0,474629.26,0
623,East India,Female,62,10,2920925.89,1,0,1,382553.89,1
447,West India,Female,35,0,1582476.12,1,1,1,355837.88,1
720,West India,Female,38,10,528214.45,1,1,1,539733.93,1
623,North India,Male,47,0,0.0,2,1,1,484359.14,0
633,North India,Female,48,7,559628.35,2,0,1,405795.3,0
674,North India,Female,49,1,351509.44,1,1,0,269435.19,0
612,South India,Male,43,4,561751.59,1,1,1,210352.97,0
673,West India,Female,23,7,54981.9,2,0,0,1235437.82,0
758,North India,Male,53,4,850822.02,1,0,1,1421134.42,0
686,North India,Female,23,6,327527.27,1,1,1,940647.09,0
636,South India,Male,39,5,2234702.22,1,0,1,419579.71,1
638,North India,Male,27,4,844033.65,2,0,1,643158.66,0
668,South India,Male,35,10,0.0,1,1,0,817886.97,0
575,North India,Male,39,2,155144.68,4,1,0,412441.94,0
668,West India,Female,39,5,326710.68,1,0,1,453740.94,0
711,South India,Female,40,8,609783.54,2,0,0,240550.86,0
657,South India,Female,53,6,0.0,1,1,1,510179.41,0
611,North India,Male,40,9,753925.14,1,1,1,471588.01,0
624,North India,Female,33,0,558365.13,1,0,1,536797.83,0
708,West India,Male,46,4,505876.09,2,0,0,658030.6,0
550,West India,Female,49,6,2110428.73,1,0,0,1323818.43,1
576,South India,Male,22,6,1511117.11,2,0,0,1095464.31,0
505,South India,Male,42,10,1004336.44,1,0,0,550190.2,0
653,North India,Female,43,6,904416.01,4,1,1,449851.46,1
727,West India,Male,32,5,688153.29,2,0,0,341678.51,0
769,West India,Male,51,10,816715.62,2,1,1,526878.77,1
789,South India,Female,34,1,94323.74,1,1,1,434036.64,0
587,East India,Male,37,1,372841.95,2,1,0,449785.86,0
672,North India,Male,34,9,1025880.06,2,0,0,273446.23,0
613,West India,Male,36,5,407764.87,2,1,1,229431.36,0
798,East India,Male,23,10,0.0,2,1,0,351015.28,0
767,North India,Male,20,0,1252082.52,2,1,0,731466.06,0
665,North India,Female,53,5,0.0,3,1,1,291282.94,0
594,West India,Male,26,4,259380.54,1,1,1,865016.78,0
339,North India,Female,25,0,0.0,2,1,1,317247.94,0
520,West India,Male,18,4,0.0,2,0,0,914246.19,0
483,North India,Male,28,3,437633.01,2,1,1,439328.75,0
519,West India,Female,21,8,1991634.01,1,1,1,1160280.62,1
819,South India,Female,54,10,0.0,2,0,0,819753.61,0
533,North India,Female,47,0,112228.31,2,0,0,627368.01,1
554,West India,Female,28,9,351186.93,1,1,1,657867.65,0
567,West India,Male,60,2,2630409.29,2,0,1,677565.86,0
883,North India,Male,46,1,1111383.16,2,1,1,302211.19,0
644,North India,Female,32,10,564065.58,2,0,1,478598.54,0
739,West India,Male,18,0,556774.27,1,1,0,718090.43,0
665,West India,Male,61,1,392503.81,1,0,0,787508.71,0
471,West India,Male,20,10,288618.87,2,1,1,495610.35,0
787,South India,Female,18,6,669047.18,4,1,1,2496952.11,0
686,North India,Male,47,4,106666.84,2,0,0,2412916.32,0
639,West India,Male,62,1,0.0,1,1,1,873984.55,0
808,West India,Male,51,3,0.0,1,0,0,1024751.27,0
618,South India,Female,42,10,396057.65,1,0,1,1332735.29,0
637,South India,Male,42,5,199800.13,3,1,0,601920.28,0
618,South India,Male,45,7,674462.14,3,1,1,855530.73,0
746,West India,Female,44,5,2232175.11,1,0,1,432102.5,0
723,West India,Female,39,5,276785.55,1,1,0,705560.86,0
675,West India,Female,37,5,700454.44,1,1,0,402484.86,0
555,South India,Female,35,4,685128.17,2,1,1,745230.02,0
616,South India,Male,27,4,0.0,1,1,0,427169.65,0
555,West India,Male,32,5,128017.33,2,1,1,1702566.09,0
754,North India,Male,18,5,633018.98,1,0,1,393135.44,0
508,South India,Female,34,0,1281224.71,1,1,1,1085107.24,0
793,South India,Male,25,6,0.0,2,1,1,260740.39,0
765,East India,Female,23,5,258833.71,3,1,1,387399.8,0
567,North India,Female,37,5,0.0,1,1,1,573189.89,0
612,North India,Male,51,0,0.0,2,1,0,526205.51,0
585,North India,Male,46,6,1214078.25,1,1,0,1765419.28,0
688,North India,Male,18,5,0.0,1,1,1,587611.27,0
777,North India,Male,25,9,166480.37,1,0,0,221231.21,0
756,South India,Male,46,1,0.0,2,0,0,419422.08,1
611,West India,Female,25,10,574190.95,1,1,1,326595.28,0
762,South India,Male,33,7,1651562.98,2,0,1,450527.36,1
755,North India,Male,42,7,0.0,2,0,1,521213.87,0
633,West India,Male,25,6,2433586.2,2,1,1,1102700.92,0
649,South India,Female,37,6,454808.17,3,0,1,1796784.76,0
788,North India,Female,21,10,214063.25,2,1,0,692133.92,0
745,South India,Female,29,6,0.0,1,0,0,644205.17,0
760,West India,Female,39,3,743361.08,2,1,1,709940.05,0
882,West India,Male,18,0,0.0,2,0,0,1006813.01,0
699,South India,Male,40,8,419463.67,1,1,1,1304191.75,0
679,North India,Male,35,0,655571.08,2,1,1,948567.63,0
772,West India,Male,42,4,0.0,2,1,1,721289.31,0
828,North India,Female,38,9,0.0,1,0,0,1073359.25,0
594,West India,Male,51,8,216604.24,1,1,1,713285.15,0
631,South India,Male,37,1,905905.58,1,1,0,637769.25,0
558,North India,Female,31,4,584591.12,2,1,0,897855.97,0
680,North India,Female,37,10,1315768.02,2,1,0,820941.45,0
730,North India,Female,41,10,2267023.2,1,1,1,295511.92,0
564,North India,Male,36,10,368750.01,1,0,0,512403.57,0
752,North India,Female,36,0,932646.42,1,0,0,436648.71,0
609,South India,Male,28,1,3907250.97,2,1,1,709835.55,0
601,South India,Male,28,0,0.0,1,1,1,1044455.49,0
751,South India,Female,20,2,0.0,2,1,0,1090379.77,0
593,South India,Female,55,3,130996.12,1,1,0,435177.9,0
523,West India,Male,22,0,1297294.34,2,1,0,282444.67,0
716,East India,Male,28,9,318259.09,1,1,0,4106924.43,0
638,North India,Male,28,0,2065144.14,1,0,0,536582.54,1
757,South India,Male,45,1,113931.88,2,1,1,449967.24,0
724,North India,Female,32,3,0.0,1,1,1,773247.67,0
492,North India,Male,49,1,0.0,1,0,0,412961.9,1
768,West India,Female,28,1,186715.6,2,1,0,1187889.5,0
820,South India,Female,39,7,0.0,2,1,1,413148.57,0
743,West India,Female,26,10,0.0,4,0,1,274119.28,0
746,South India,Male,59,7,1201620.06,2,1,1,294263.59,0
627,North India,Male,22,6,361790.14,1,1,0,439886.41,0
607,West India,Male,39,10,0.0,1,1,0,436940.49,0
669,North India,Male,42,3,5332805.84,1,0,0,529648.75,1
732,North India,Male,40,6,0.0,2,0,1,477519.16,0
730,North India,Female,33,5,0.0,2,1,1,707944.95,0
610,East India,Male,34,6,113863.57,1,1,0,944936.99,0
601,South India,Female,36,0,332273.03,2,1,1,466341.24,0
515,South India,Male,34,4,1131838.72,1,1,1,1324889.98,0
708,West India,Female,46,4,0.0,1,0,1,1448582.98,0
614,South India,Female,60,6,214054.54,2,1,1,1478832.12,1
622,West India,Male,29,3,3007910.27,2,1,0,191807.11,1
805,South India,Female,20,0,142906.82,1,1,1,871428.84,0
703,East India,Female,35,2,410945.48,2,1,0,737507.49,0
679,West India,Female,64,3,0.0,2,0,0,437293.1,0
724,South India,Female,27,4,169943.22,2,0,1,880959.83,1
777,South India,Male,54,7,0.0,3,1,0,448287.77,0
504,East India,Male,54,7,0.0,2,1,0,472258.24,0
599,West India,Male,29,1,207718.0,2,0,1,528667.77,0
629,South India,Male,42,9,1559417.93,2,1,1,994517.79,0
561,West India,Female,53,3,0.0,2,1,0,232010.24,1
626,South India,Female,31,1,179412.93,1,1,1,493106.98,1
510,North India,Male,33,4,0.0,2,1,0,1092381.03,0
732,North India,Female,29,3,0.0,3,0,0,1602793.61,0
603,South India,Female,24,1,434266.82,3,1,1,522058.52,0
668,North India,Male,28,2,0.0,1,1,1,364047.23,0
654,South India,Male,22,2,0.0,3,1,0,625864.61,0
700,West India,Male,36,6,682670.58,2,1,1,223267.74,0
428,North India,Female,27,3,229438.0,2,0,1,1174233.61,0
690,North India,Female,38,0,63553.52,2,1,1,824261.57,0
625,West India,Male,18,4,865398.85,2,0,0,481313.63,1
686,South India,Male,39,5,512560.88,2,1,1,243812.98,0
543,North India,Female,45,5,142127.88,1,0,0,1261275.57,1
687,West India,Female,18,9,930205.25,2,1,0,299836.43,0
766,West India,Female,40,10,1055781.46,1,1,1,300368.09,0
667,North India,Female,49,1,0.0,1,1,0,1409252.9,0
585,South India,Male,22,4,787128.13,1,0,0,635471.48,0
589,North India,Male,54,3,130481.5,1,1,1,910995.79,1
701,West India,Male,40,10,962670.96,2,1,0,668460.68,0
701,South India,Female,28,4,489101.23,1,0,1,1259854.56,1
682,South India,Male,35,6,2329115.03,1,1,1,394224.22,0
646,West India,Female,42,2,0.0,2,1,1,579229.72,0
668,North India,Male,36,7,378508.77,1,1,0,565782.43,0
644,North India,Female,41,10,173266.8,1,1,1,289116.89,0
615,North India,Male,25,8,256634.87,2,0,1,763751.69,0
718,North India,Male,37,0,0.0,1,1,0,935446.26,0
677,West India,Female,20,0,294071.04,1,1,1,517257.65,0
766,South India,Male,34,8,0.0,3,1,1,483537.33,1
750,North India,Female,26,9,211064.75,2,1,1,791824.34,0
674,North India,Male,27,0,2449421.01,2,1,1,347327.79,0
703,North India,Male,49,1,599720.25,1,1,1,412025.79,0
563,East India,Female,48,2,84883.61,1,0,0,808063.01,0
643,West India,Female,42,6,203090.23,2,1,0,559186.83,0
680,South India,Male,23,9,762646.47,2,0,0,335882.43,1
507,North India,Female,32,2,388890.87,1,0,1,782334.5,0
688,South India,Male,49,8,0.0,1,1,1,621593.98,0
563,North India,Male,37,1,0.0,3,1,0,834387.63,0
573,East India,Female,61,2,84255.59,1,1,1,2735885.89,0
602,West India,Male,40,8,0.0,2,1,0,187271.51,0
647,South India,Male,38,5,0.0,1,1,1,758871.54,1
530,South India,Male,32,10,100246.42,1,1,1,674193.78,0
727,South India,Male,37,10,0.0,3,1,1,613104.84,0
665,North India,Female,34,8,44994.66,2,1,1,449926.66,0
823,North India,Female,43,4,0.0,1,1,1,499711.62,0
677,South India,Female,46,3,654773.3,2,0,1,742716.21,0
701,North India,Female,27,1,173055.48,2,0,1,595618.94,0
573,North India,Male,21,0,307571.62,2,1,0,486299.28,0
543,South India,Male,18,10,396652.17,2,1,1,1490372.89,0
705,East India,Male,41,4,489729.33,1,1,1,844441.73,0
551,East India,Female,23,0,301796.04,1,0,0,337514.07,0
707,North India,Male,18,5,1447893.76,1,1,1,660394.04,0
803,North India,Male,40,10,691072.37,1,1,1,551051.21,0
735,South India,Female,63,5,260075.94,1,1,0,1133695.19,0
701,West India,Female,35,6,1413346.75,1,1,1,820861.75,0
674,East India,Male,45,8,795237.66,2,1,1,379453.03,0
615,West India,Male,36,5,147272.29,2,1,0,509397.84,0
639,West India,Female,34,2,505097.96,1,1,0,822959.02,0
599,North India,Female,46,7,865964.43,1,0,1,299935.63,0
531,North India,Male,32,4,1199988.51,2,1,0,1282474.86,0
653,North India,Male,38,7,2937468.62,1,0,1,1041708.75,0
749,South India,Female,39,7,0.0,1,1,1,594208.41,0
534,North India,Female,28,2,368408.3,1,0,1,528312.83,0
775,West India,Female,46,6,69558.65,1,0,1,1504633.69,0
759,West India,Male,34,3,953459.13,1,1,1,877638.0,0
685,North India,Female,27,8,389356.58,1,1,0,742035.24,0
686,East India,Male,41,6,0.0,2,1,0,1286893.9,0
633,South India,Male,26,9,517010.98,1,1,1,950411.68,0
653,East India,Female,36,1,0.0,2,1,1,480134.58,0
608,East India,Male,35,0,0.0,2,1,0,764015.19,0
652,North India,Female,47,5,658982.5,1,1,0,369355.86,0
662,South India,Male,41,5,0.0,1,1,0,368879.82,0
819,North India,Female,35,9,287325.51,1,1,1,618960.01,0
700,West India,Male,44,4,570058.81,3,1,0,1020599.45,1
631,South India,Female,51,1,454856.86,2,1,1,1245287.12,0
641,East India,Male,42,8,302867.53,1,1,1,304318.55,1
585,North India,Female,36,5,1101031.7,1,1,1,1862680.19,0
600,West India,Female,21,3,1084480.36,2,1,0,1000652.61,1
731,East India,Male,24,6,699309.24,1,1,1,547292.93,0
605,West India,Male,32,8,354564.39,2,1,1,164462.0,0
594,North India,Male,29,7,0.0,1,0,1,1020250.93,0
596,South India,Female,33,0,254114.87,2,1,1,348062.73,0
584,North India,Male,36,2,1397941.93,1,1,1,1349052.62,0
751,North India,Male,41,9,661193.77,2,1,0,394813.58,0
662,North India,Male,35,1,0.0,3,1,0,411371.13,0
624,North India,Female,41,2,1561917.87,2,1,0,858265.24,0
652,West India,Male,36,4,446418.05,2,0,1,543981.96,1
669,South India,Male,18,5,716310.06,3,1,0,490326.92,1
582,West India,Female,25,2,292509.38,2,1,0,814556.95,0
524,North India,Female,34,1,174313.9,2,0,1,601288.39,1
770,North India,Male,22,4,995338.25,2,1,0,425594.94,0
738,North India,Female,42,3,0.0,1,0,0,878382.12,0
684,North India,Female,52,4,260487.9,1,1,1,454831.03,0
732,South India,Male,49,9,0.0,2,1,0,823744.91,0
822,South India,Male,33,3,1436303.69,2,1,1,419229.57,0
601,East India,Female,52,3,267147.49,2,0,1,369848.35,0
549,South India,Male,37,7,2552030.95,1,0,0,297357.57,1
709,North India,Male,32,5,117584.2,2,0,0,261217.11,0
517,North India,Male,29,1,0.0,2,1,1,625784.95,0
653,West India,Female,32,2,0.0,1,1,0,435342.62,0
623,West India,Female,31,7,285235.27,1,0,1,1207954.33,0
710,West India,Female,37,0,623131.76,1,1,1,757147.35,0
606,North India,Male,37,5,248413.24,1,1,0,391514.42,0
757,North India,Female,36,2,238105.77,1,1,0,966374.93,0
582,North India,Female,40,8,1235151.03,4,0,0,1048008.99,0
713,West India,Male,49,9,138111.3,2,1,0,378342.25,0
590,North India,Female,46,10,62774.11,2,0,1,576800.44,0
699,South India,Male,19,0,566358.25,2,1,1,1024867.38,0
558,South India,Female,18,1,0.0,2,0,0,417969.96,0
647,South India,Male,46,5,293493.41,1,1,0,714840.5,0
768,North India,Male,20,3,188515.19,2,0,0,773106.6,0
660,South India,Female,33,9,105458.23,1,1,1,611277.07,0
756,North India,Female,23,0,933234.98,2,0,0,322725.96,0
647,East India,Male,18,9,0.0,2,1,1,1178779.72,0
604,North India,Male,41,3,749324.53,2,0,0,1316542.18,0
665,North India,Male,44,1,0.0,1,0,1,471627.27,0
705,North India,Female,29,8,0.0,2,1,1,541824.02,0
478,West India,Male,18,6,370984.25,4,0,0,706049.11,1
697,North India,Male,29,5,449108.27,2,1,0,370229.81,0
565,South India,Male,40,8,1078479.94,2,1,1,1321343.35,0
543,North India,Female,19,7,0.0,1,0,1,1013529.77,0
698,North India,Male,38,1,1201237.69,1,1,1,1106515.08,0
770,South India,Male,35,2,213750.89,1,1,0,339602.51,0
669,North India,Male,42,6,0.0,1,1,0,535579.85,0
528,West India,Male,37,9,316376.75,1,1,0,832052.18,0
589,West India,Female,25,3,0.0,1,1,1,423467.68,0
612,West India,Female,49,10,1913786.35,1,1,1,347012.73,0
667,North India,Female,34,5,105577.43,3,1,0,577959.73,0
643,South India,Male,35,8,187652.94,1,0,1,575188.82,0
694,East India,Female,25,6,193398.44,1,1,0,468658.86,0
739,West India,Male,31,2,408566.74,2,1,1,401680.78,0
681,North India,Male,26,5,235608.53,2,1,0,826171.81,0
730,South India,Female,34,6,113111.67,1,0,1,520060.94,0
625,East India,Male,54,0,0.0,3,0,0,504924.63,0
900,South India,Male,20,6,0.0,1,1,1,343869.83,0
699,West India,Female,18,4,152436.82,2,0,0,1540293.62,0
711,South India,Male,52,6,209925.92,2,0,1,403170.22,0
808,North India,Female,33,6,101268.57,2,1,1,1658211.6,0
657,North India,Female,28,5,80105.91,2,0,1,917138.27,0
591,North India,Male,47,2,0.0,2,1,1,2006210.51,0
767,North India,Male,29,8,109013.82,1,0,1,427251.69,0
772,West India,Male,56,4,135086.88,1,1,0,539306.99,0
663,West India,Male,43,8,405705.3,1,1,0,1039971.05,0
808,West India,Male,30,2,241002.82,1,0,0,980342.3,0
642,South India,Female,59,6,477454.42,2,0,0,655926.35,0
733,South India,Male,29,4,646639.95,2,1,0,342113.77,0
786,North India,Male,44,6,0.0,1,0,0,842540.49,0
658,East India,Male,39,7,254397.22,1,1,0,484538.15,0
691,South India,Female,50,10,0.0,2,1,1,582072.09,0
742,South India,Female,53,7,1042438.85,2,1,0,393793.27,0
617,East India,Male,36,4,0.0,2,1,1,966971.58,1
576,South India,Female,27,10,88015.17,2,1,0,106837.03,0
769,West India,Male,41,4,198901.49,1,0,1,388003.27,0
677,West India,Male,28,7,406461.45,1,1,1,727064.42,0
604,North India,Male,58,5,127800.39,1,1,0,1046389.43,0
658,North India,Male,37,5,573111.87,2,0,1,845305.3,0
695,East India,Female,31,1,1569577.53,2,0,1,516689.4,0
508,South India,Male,38,6,1044684.59,2,0,1,266140.03,1
714,North India,Female,21,9,98685.05,1,0,1,1249517.32,0
686,South India,Male,25,6,922594.63,1,0,1,580421.1,0
798,South India,Female,49,5,297340.06,2,0,1,702459.8,0
630,West India,Male,28,10,0.0,1,0,0,244632.41,1
773,East India,Male,24,1,308651.96,2,1,0,660986.39,0
645,East India,Male,41,10,0.0,1,0,0,514687.3,0
662,East India,Male,49,4,641147.96,1,0,0,556123.69,0
675,North India,Female,43,5,2369222.64,3,1,0,718409.64,0
838,West India,Male,46,3,605273.9,1,1,1,642918.08,0
538,North India,Male,27,9,0.0,2,0,0,222663.15,0
694,North India,Male,20,5,420114.39,3,1,0,283637.3,0
653,West India,Male,52,4,1511789.36,2,1,1,519373.85,0
647,South India,Female,32,10,768755.06,3,0,1,453995.62,0
702,East India,Female,33,9,94657.71,2,0,0,780195.03,0
749,North India,Female,50,8,625241.99,1,1,1,359764.81,1
697,West India,Male,42,10,1174987.88,2,1,1,401027.56,0
761,North India,Female,41,5,3652822.74,2,1,0,379655.27,1
627,North India,Female,59,0,127514.75,2,0,0,411154.81,1
645,South India,Male,28,9,0.0,1,0,0,2709603.98,0
559,South India,Male,46,9,1248335.09,1,1,1,1542917.7,1
828,South India,Female,36,0,359049.94,2,0,0,2519248.99,0
633,East India,Male,38,1,0.0,2,0,1,805170.74,0
623,West India,Female,52,1,279760.85,2,1,1,1170446.96,1
704,North India,Male,41,10,677657.32,1,1,1,291710.96,0
749,North India,Male,41,3,1247793.14,1,0,0,393681.55,0
587,South India,Female,47,9,297859.48,3,0,0,259609.52,0
756,South India,Female,31,1,121148.22,2,0,0,696288.1,0
622,South India,Male,26,7,872311.25,2,1,1,275605.58,1
778,North India,Female,24,7,171800.21,1,1,0,525957.77,0
601,West India,Male,18,10,852355.19,1,0,0,688271.86,0
716,North India,Female,58,1,500948.14,2,0,1,508301.93,0
653,South India,Female,23,8,384307.62,1,1,1,711031.16,0
548,South India,Female,33,8,221000.55,2,1,0,462785.67,0
522,North India,Male,32,8,363562.56,1,1,1,592482.38,0
583,West India,Male,39,8,0.0,1,1,0,784468.97,0
739,South India,Female,44,6,360058.85,1,1,1,2660131.91,0
475,South India,Female,45,8,1974208.06,2,1,1,958081.92,0
680,South India,Male,29,7,516081.03,2,1,0,821057.06,0
672,East India,Female,34,9,0.0,2,0,1,1186979.45,0
498,West India,Male,39,7,164919.23,1,0,0,707164.7,0
578,South India,Male,33,6,601781.77,1,0,0,629930.7,0
578,North India,Male,53,1,82429.74,1,0,1,623887.25,0
654,North India,Male,41,1,0.0,1,0,0,734552.97,0
781,North India,Male,44,7,1902996.56,1,1,1,864670.49,0
746,East India,Female,43,1,123200.08,2,1,1,341810.31,0
617,South India,Male,48,1,642391.31,2,0,1,944146.07,0
575,West India,Male,37,6,0.0,2,0,0,613193.07,0
509,North India,Female,21,6,2263881.76,2,1,1,427269.53,0
615,South India,Female,40,0,1591334.34,2,0,1,280738.7,1
569,East India,Female,28,10,164090.02,1,1,0,316673.12,0
646,North India,Male,30,6,0.0,1,1,1,1246003.2,0
650,South India,Female,42,4,178191.26,2,1,0,567754.19,0
607,East India,Male,49,4,286163.95,1,1,1,354409.95,0
609,East India,Male,36,1,153327.41,2,1,1,859877.18,0
587,West India,Male,39,5,87999.05,2,0,0,1236958.02,0
603,West India,Male,54,3,4616135.87,1,0,0,1100375.79,0
779,West India,Male,38,6,0.0,2,0,1,677953.7,0
696,North India,Female,64,1,920074.22,2,1,0,1319574.67,0
697,West India,Male,42,7,165329.62,1,1,0,931488.67,1
741,East India,Female,18,4,77059.6,2,1,0,193198.7,0
733,South India,Male,44,7,185498.15,2,0,1,576603.48,0
778,North India,Male,40,6,0.0,2,1,1,2064813.41,0
702,South India,Male,50,2,0.0,3,1,0,807359.17,0
668,West India,Female,43,8,0.0,1,1,1,640817.9,0
596,North India,Female,34,8,610654.28,1,1,1,1546721.94,0
575,West India,Female,22,1,0.0,1,0,0,320472.12,0
729,South India,Female,33,2,313878.19,1,1,0,713545.23,0
640,South India,Female,26,10,834674.03,2,1,0,1693379.61,0
527,North India,Female,29,9,0.0,1,1,0,1275666.75,0
461,North India,Female,42,9,0.0,1,1,1,285288.39,0
843,South India,Male,54,10,191544.28,3,0,1,662790.97,1
561,South India,Male,40,0,656585.56,1,0,0,674829.89,1
588,North India,Male,22,0,831225.25,2,1,0,1438810.75,0
760,North India,Male,40,2,592727.14,1,1,1,865590.36,0
541,North India,Male,49,2,1466922.37,1,1,0,410845.68,1
697,South India,Male,29,4,70421.66,1,1,0,284954.63,0
813,East India,Male,34,5,356510.62,1,0,0,1085486.39,0
840,West India,Male,36,3,0.0,1,1,1,623746.52,0
609,West India,Female,27,9,872658.75,2,1,1,1138870.39,0
648,South India,Male,43,10,1968936.91,2,1,1,1153379.17,1
614,South India,Male,34,6,0.0,1,1,1,466367.11,0
648,North India,Female,40,2,610827.83,1,0,1,587986.44,0
766,West India,Male,26,3,0.0,2,0,0,788499.97,0
524,South India,Male,31,10,976653.27,1,1,1,596856.72,0
708,West India,Male,43,4,534916.74,2,1,1,936011.22,0
632,South India,Male,31,7,0.0,2,0,1,775424.61,0
773,North India,Male,54,8,1320826.13,1,0,0,197005.02,0
768,North India,Male,31,2,375026.54,3,0,0,912974.79,0
613,West India,Male,38,0,602207.83,1,0,0,718700.64,1
640,North India,Female,46,1,204779.35,2,1,1,1308956.54,0
730,North India,Female,20,1,0.0,2,1,0,384159.23,0
738,East India,Female,18,2,676973.71,1,1,0,674493.53,0
427,West India,Male,19,1,0.0,1,1,0,545880.21,1
730,North India,Male,49,10,1107228.85,2,1,1,400754.46,0
798,North India,Female,29,0,794167.21,2,0,0,329924.26,1
673,North India,Male,64,10,0.0,2,0,0,323360.52,0
735,South India,Female,29,5,355584.11,2,0,1,1476937.11,0
765,West India,Male,38,6,533153.02,2,0,1,745570.69,0
669,North India,Female,52,0,2171611.75,2,1,0,1618136.78,0
723,West India,Male,58,8,288365.25,1,1,1,466790.01,0
651,North India,Male,58,6,247479.17,1,1,0,1334943.18,0
645,North India,Female,49,10,0.0,2,0,1,256489.83,0
590,East India,Female,47,3,4279079.63,1,1,1,582162.98,0
665,North India,Male,42,2,212078.88,2,0,1,472452.68,0
819,West India,Female,44,5,502102.97,1,0,0,884159.83,1
568,West India,Male,29,2,132204.66,3,0,0,499788.48,0
705,North India,Male,26,3,0.0,1,1,0,385959.52,0
678,South India,Female,35,8,382383.65,1,1,0,1263369.73,0
782,South India,Female,34,4,492507.59,2,0,1,1577095.24,0
799,East India,Female,31,9,116802.05,1,1,0,198987.01,0
566,South India,Male,43,4,420446.54,2,0,1,415842.92,0
598,South India,Male,46,8,625748.38,2,1,0,1065159.92,0
603,North India,Female,36,1,299473.25,1,1,0,232529.65,0
606,South India,Male,52,6,0.0,1,0,1,1764899.62,0
614,North India,Male,23,6,591261.66,1,0,0,685930.59,0
681,North India,Male,33,5,0.0,1,1,1,314821.87,0
573,East India,Male,28,3,214551.87,1,0,0,289928.98,0
586,North India,Male,18,6,0.0,1,1,1,745413.17,0
578,North India,Male,35,2,234856.06,3,1,1,463205.49,0
694,West India,Female,34,8,636941.91,3,0,1,714109.98,0
644,West India,Female,52,0,498928.27,2,1,1,559883.64,0
628,North India,Male,42,5,151608.82,1,0,0,973639.89,1
574,North India,Male,24,0,334899.92,1,1,0,396201.6,0
505,North India,Male,56,5,0.0,2,1,1,431891.08,0
796,North India,Male,49,4,59182.68,1,1,0,784448.37,0
624,West India,Female,42,10,169454.55,2,0,0,1032541.79,0
893,South India,Female,33,4,1390885.59,1,1,0,501929.28,0
719,West India,Female,25,10,492939.93,2,1,1,538635.49,0
814,South India,Female,31,9,1457732.78,2,1,0,415899.3,1
739,West India,Male,47,5,975587.62,2,1,1,1938152.86,0
664,South India,Male,56,7,0.0,2,0,1,535573.72,1
596,East India,Female,52,8,73353.38,1,1,0,1269609.94,0
562,South India,Female,30,2,0.0,2,1,1,927040.72,0
750,West India,Male,23,4,0.0,2,0,0,523314.74,0
673,South India,Male,37,5,0.0,1,1,0,327257.74,0
705,South India,Female,18,0,345864.24,3,1,1,1156755.86,0
723,West India,Male,39,0,3166591.54,1,1,1,671220.55,1
682,North India,Female,34,0,211678.17,1,1,1,322294.35,1
607,South India,Female,30,1,417064.08,2,1,1,1577077.62,0
741,West India,Male,18,3,1190778.14,2,1,1,1006890.56,0
632,West India,Female,41,5,0.0,1,1,0,475412.69,1
658,South India,Female,30,2,548073.35,2,1,0,559439.5,0
714,South India,Female,23,8,529301.16,1,1,1,575479.5,0
644,North India,Male,18,2,0.0,2,0,0,1384877.86,0
486,East India,Male,35,3,0.0,2,1,0,942993.01,0
743,South India,Female,55,3,0.0,1,1,1,462391.48,0
762,West India,Male,54,10,656910.19,2,1,0,778608.77,1
485,North India,Male,30,4,902695.87,2,1,1,2088658.07,0
556,North India,Male,29,4,238016.79,1,0,1,841910.13,0
832,North India,Female,41,1,265543.72,1,1,0,972030.7,0
670,West India,Male,25,5,685428.56,2,0,0,532844.67,1
650,North India,Male,39,8,152898.29,2,0,0,715151.57,0
611,North India,Male,44,4,250474.41,2,0,1,693440.13,0
557,North India,Female,49,0,606659.76,2,0,0,436065.31,0
632,North India,Female,34,8,685364.1,1,0,0,494499.93,0
737,North India,Male,33,6,2471517.98,1,1,1,1095455.82,0
648,North India,Female,26,6,537517.67,2,1,1,293134.38,0
704,West India,Male,26,10,468982.64,2,1,1,825405.22,0
808,South India,Female,33,5,16346.05,2,0,0,1113010.64,0
597,South India,Female,40,0,0.0,2,0,0,829093.4,0
677,East India,Female,46,10,0.0,1,1,1,1050083.15,0
740,South India,Male,27,6,75738.29,2,0,0,845976.46,0
566,East India,Female,52,3,2335397.74,1,1,0,804074.08,0
666,North India,Female,33,4,391159.97,1,1,0,541730.09,0
818,South India,Male,35,6,0.0,2,0,0,581385.48,0
619,South India,Male,27,2,507740.2,1,0,0,1093994.85,0
746,South India,Male,18,1,3417511.7,2,1,0,1366326.6,1
637,South India,Male,45,10,68430.58,2,1,1,1600386.74,0
811,North India,Male,44,0,1012116.32,2,1,1,409057.81,0
501,West India,Female,32,7,3059483.71,1,1,1,1760492.93,0
655,South India,Male,36,7,358937.77,2,1,1,330743.86,1
516,North India,Female,41,6,0.0,1,0,1,812785.66,0
586,South India,Male,18,9,628657.26,2,1,1,403761.83,1
586,West India,Male,30,8,277100.89,1,1,1,597471.86,0
625,North India,Male,44,9,283543.17,1,1,1,707449.94,0
543,North India,Male,22,10,621571.73,2,1,1,294739.57,0
643,West India,Male,39,0,0.0,1,0,1,688009.51,0
691,East India,Female,21,2,360133.18,1,1,1,1707883.45,0
512,North India,Female,41,4,117957.51,1,1,1,562826.76,0
592,East India,Male,35,1,281898.65,1,1,0,497324.3,0
878,South India,Female,18,6,2993513.74,1,1,1,1119389.21,0
679,East India,Male,48,5,167676.08,1,0,0,618738.36,0
486,South India,Male,27,10,0.0,1,1,1,471170.89,0
523,West India,Male,27,9,289822.53,3,1,1,760746.05,1
670,West India,Female,38,1,0.0,1,1,1,564528.64,0
659,North India,Male,48,7,614253.07,1,1,1,1197783.24,0
597,North India,Male,24,2,588862.18,1,1,1,747948.11,0
847,South India,Female,36,3,0.0,1,1,0,1070862.47,0
885,North India,Female,40,4,189768.69,3,1,0,335181.69,0
626,South India,Female,43,5,0.0,2,0,1,487702.19,0
728,East India,Female,37,8,2598525.27,1,1,1,558653.4,0
733,North India,Female,31,8,3691615.11,1,0,1,378656.6,0
745,South India,Male,26,8,64495.59,1,1,0,414174.22,0
592,South India,Female,36,7,1211584.07,1,1,0,362444.61,1
824,South India,Female,24,4,238325.35,1,0,1,600786.59,0
643,North India,Male,18,4,2483523.88,1,1,1,868379.64,0
687,North India,Male,40,3,0.0,1,1,1,742432.06,0
650,West India,Male,45,6,54167.81,1,1,1,1271761.85,0
637,West India,Male,18,10,669810.49,1,0,0,241328.15,0
675,West India,Female,24,3,893311.22,2,1,1,1618928.22,0
543,West India,Male,42,4,566714.68,2,1,1,784299.71,0
472,South India,Male,58,8,1880440.36,3,0,0,356907.0,0
630,West India,Female,36,6,1504757.39,2,0,0,373558.13,1
570,South India,Male,27,8,0.0,2,0,0,762176.38,0
699,North India,Male,33,7,64013.88,2,1,0,1269652.38,0
689,South India,Female,51,10,619635.05,2,1,0,1720382.58,0
651,North India,Male,28,2,0.0,1,0,1,325160.04,0
783,South India,Female,27,2,450392.78,4,1,0,1167560.96,0
649,North India,Male,30,1,0.0,2,0,0,1279365.48,0
518,South India,Male,25,2,0.0,1,0,0,522458.22,0
629,South India,Male,37,9,168723.15,2,1,0,1081651.17,0
755,West India,Male,53,2,1284439.79,2,1,0,208839.35,1
480,South India,Female,39,2,1421708.46,2,1,1,289585.04,0
641,East India,Female,33,10,2600640.52,2,1,0,612579.83,0
701,North India,Female,32,5,387303.56,2,1,1,778155.51,0
888,West India,Male,18,8,476698.11,1,1,0,398817.98,0
758,West India,Female,45,6,194377.87,1,1,1,427115.32,0
661,East India,Female,35,6,603072.4,1,1,0,121551.52,0
696,South India,Male,34,6,458067.32,1,1,0,501677.4,0
479,North India,Female,71,0,121686.29,1,1,0,471911.74,0
555,North India,Male,39,3,0.0,2,1,1,474383.25,0
708,North India,Male,27,8,0.0,1,0,0,329979.8,0
664,South India,Female,31,3,0.0,1,0,1,348570.51,0
675,West India,Female,48,6,665606.25,2,1,0,227049.96,0
653,North India,Male,37,1,0.0,2,1,0,309976.36,0
649,North India,Male,20,5,271667.13,2,1,1,727789.12,0
659,North India,Female,46,4,457611.64,1,1,0,365426.77,0
554,North India,Female,28,9,1074669.5,1,1,0,937217.69,0
629,East India,Male,56,1,1844291.9,2,1,1,586247.24,0
538,West India,Male,47,10,217639.37,3,1,1,1388785.85,0
594,North India,Male,31,2,1177788.74,2,1,0,332139.73,0
757,North India,Female,50,2,339195.96,1,1,0,204345.64,0
633,East India,Male,36,2,368750.86,1,1,0,338205.34,0
703,North India,Male,45,4,0.0,1,1,0,1672664.24,0
660,South India,Male,41,9,1753538.93,1,0,0,765259.68,0
615,East India,Female,26,8,619763.66,2,1,1,388375.43,0
559,South India,Female,28,6,420078.49,2,1,1,964681.31,0
613,North India,Female,47,5,0.0,2,1,0,427928.84,1
666,North India,Male,32,3,0.0,1,0,1,926154.38,0
702,East India,Male,31,4,80524.36,1,1,0,526553.47,0
661,North India,Female,25,5,823328.04,1,1,1,302234.66,0
708,South India,Female,40,7,716631.57,1,1,1,596089.22,0
513,West India,Female,58,8,1038428.25,1,1,1,678941.69,0
727,West India,Female,24,1,402755.33,2,0,1,582767.2,0
548,South India,Female,36,7,552843.71,1,1,1,420520.16,0
738,North India,Female,51,7,437131.17,2,0,0,501144.86,0
695,South India,Female,35,6,0.0,2,1,0,567474.14,0
481,North India,Female,40,3,722703.96,2,0,1,587958.32,0
716,North India,Male,24,8,1037616.67,3,1,0,1390577.13,0
739,West India,Male,40,6,0.0,2,1,1,592303.29,0
763,North India,Female,33,4,0.0,1,0,1,256208.45,0
580,North India,Male,46,3,126678.99,1,0,0,1404989.07,0
666,North India,Female,49,5,409428.35,2,0,1,437033.53,0
712,South India,Male,64,5,838699.28,1,0,1,490953.09,0
716,West India,Male,42,8,0.0,1,1,0,288247.44,0
686,West India,Male,39,6,12229973.89,1,0,1,339327.94,1
611,West India,Male,38,0,365059.44,1,1,0,274059.38,1
738,South India,Male,32,3,187266.82,2,1,0,615021.09,0
739,West India,Male,39,3,307831.16,4,0,1,1913781.17,0
636,North India,Female,32,4,239958.9,2,0,0,389071.71,0
579,South India,Male,37,4,1654888.72,2,0,1,522828.96,0
584,South India,Male,50,9,0.0,4,1,1,722556.65,0
772,North India,Male,24,3,2399963.92,1,1,1,452492.38,0
735,North India,Female,48,2,0.0,1,1,1,181003.03,0
648,South India,Female,50,5,1174826.46,1,1,0,600692.44,0
632,South India,Female,34,10,0.0,1,1,1,1980162.62,0
490,South India,Male,18,1,1211666.68,1,1,0,617114.63,1
642,West India,Male,29,8,96296.44,2,1,0,336814.22,0
542,South India,Female,50,5,489101.64,1,1,0,460837.21,1
664,East India,Female,35,10,187970.17,2,1,1,837403.32,0
756,South India,Male,25,4,0.0,1,0,1,902555.8,0
561,South India,Male,30,2,243149.2,1,1,0,413976.52,0
671,North India,Male,45,3,0.0,1,0,0,363073.26,0
739,North India,Male,42,5,153957.65,1,1,0,766046.1,0
669,West India,Female,33,2,1661599.46,1,0,0,191647.54,0
602,North India,Male,31,9,462095.73,3,0,1,646505.49,1
650,North India,Male,31,6,112931.67,3,1,0,699453.37,0
736,South India,Male,25,4,458346.9,2,0,0,868731.08,0
673,North India,Female,53,9,400640.37,1,1,0,324485.48,1
649,South India,Female,32,0,276371.88,1,1,1,752530.65,0
754,North India,Female,49,8,0.0,1,0,1,229860.26,0
696,South India,Male,52,8,365761.46,1,1,0,476852.77,0
541,West India,Female,46,0,237426.68,2,1,1,1351048.57,0
706,West India,Male,31,3,0.0,3,1,1,1315252.35,0
735,South India,Male,40,3,0.0,1,1,1,1188730.41,1
538,South India,Male,35,9,0.0,2,0,0,1318853.4,0
445,West India,Female,26,7,850104.78,2,0,1,110743.01,1
556,West India,Male,39,1,1114847.23,3,1,0,210435.31,0
640,North India,Female,23,6,1234286.29,1,1,1,1290926.88,0
740,North India,Male,49,7,1485021.19,1,0,1,453734.18,1
569,North India,Male,30,2,3683432.76,2,1,1,602619.15,0
699,North India,Male,38,9,161369.12,1,0,0,342344.7,0
389,North India,Male,39,2,1013602.13,2,1,0,690842.82,1
666,North India,Male,33,8,4663700.24,2,1,1,244816.44,1
613,West India,Male,42,7,103863.49,2,1,1,543431.18,1
838,South India,Male,30,0,2423797.35,2,1,1,601469.69,0
479,North India,Male,45,1,0.0,2,1,1,211468.71,0
648,South India,Male,21,3,0.0,1,0,0,578425.13,0
479,West India,Male,37,10,535038.11,1,0,0,393159.87,0
600,South India,Male,57,5,535361.83,1,1,1,659863.19,0
496,South India,Male,24,2,0.0,2,1,1,756080.23,0
857,North India,Male,28,3,47364.27,2,1,0,1371256.73,0
618,South India,Female,41,3,289731.03,1,1,0,1173862.37,0
631,South India,Male,37,9,435263.05,1,0,1,291539.89,0
646,South India,Male,39,6,760131.94,1,1,1,943385.08,0
548,South India,Female,41,6,234713.55,1,0,1,629616.49,0
744,South India,Female,42,6,375197.92,1,1,1,533145.19,0
707,South India,Female,48,3,166785.12,1,1,0,1926457.71,0
732,South India,Female,40,4,147011.85,1,1,1,583648.62,0
540,North India,Male,33,3,0.0,1,1,1,769122.99,0
752,South India,Male,43,8,0.0,3,0,1,1260810.26,0
741,West India,Female,56,3,778522.37,1,0,0,370492.68,0
629,West India,Female,34,0,0.0,2,1,1,254694.39,0
730,East India,Female,25,7,1764166.66,2,0,0,389651.57,0
674,North India,Female,48,5,6853266.5,2,1,1,386124.29,1
506,North India,Male,34,1,0.0,2,0,0,463232.46,0
633,South India,Male,18,0,2037113.04,2,1,0,604400.74,0
606,North India,Female,45,9,0.0,1,1,1,2291117.85,0
657,North India,Female,30,6,0.0,1,0,1,849367.56,0
741,South India,Female,35,7,771732.85,1,0,1,714785.7,0
502,North India,Female,39,9,1441035.02,1,0,0,596550.72,0
610,North India,Male,38,8,368809.52,1,0,1,190707.56,0
576,East India,Male,43,10,64143.11,1,1,0,554731.24,0
579,North India,Female,31,3,341721.03,2,1,1,400971.68,0
575,North India,Male,41,6,3443009.47,2,1,1,460632.78,1
656,North India,Male,33,4,0.0,2,0,0,1538202.88,0
697,West India,Male,44,1,2205962.76,1,0,0,1090592.09,0
681,West India,Male,42,2,2128371.12,3,1,0,568880.32,1
666,North India,Male,25,7,649099.21,2,1,1,682445.58,0
705,North India,Female,47,9,298049.98,2,1,1,578784.55,0
864,West India,Male,30,10,259487.01,1,0,0,1002319.0,0
662,North India,Male,44,4,693171.13,2,0,1,885747.08,0
741,East India,Female,40,2,0.0,3,0,0,751019.27,0
736,South India,Male,56,7,0.0,1,0,1,333812.59,0
810,North India,Female,33,6,156061.95,2,0,0,404392.06,0
700,West India,Male,32,6,0.0,2,0,0,414280.09,0
574,North India,Female,35,6,0.0,2,1,0,569067.35,0
677,North India,Male,32,4,0.0,1,0,0,641148.0,0
672,North India,Male,44,3,976083.61,1,0,1,358187.8,0
723,West India,Female,18,5,551619.49,1,1,0,773315.15,0
571,North India,Female,24,5,0.0,2,1,1,927714.95,0
763,South India,Male,24,5,4110466.4,1,1,0,434676.8,1
650,North India,Female,46,10,622046.01,2,1,1,856202.15,1
725,West India,Male,54,7,1131070.81,1,1,0,734907.82,0
677,North India,Female,34,5,0.0,2,1,1,1274386.28,0
661,North India,Male,34,9,2059388.11,1,1,0,1306374.89,0
671,South India,Male,36,3,1014855.72,1,1,1,162491.25,1
710,West India,Male,48,9,609097.7,4,1,1,1628281.18,0
826,West India,Male,25,9,326479.11,1,1,1,1429288.87,0
468,North India,Male,38,3,1356910.47,1,0,0,382367.06,0
698,West India,Male,46,4,0.0,1,1,0,379254.39,0
653,South India,Male,41,6,2304836.97,1,1,0,256017.88,0
634,North India,Male,38,10,2595849.61,1,0,1,261331.27,0
437,West India,Male,47,0,633478.61,3,1,0,568989.6,0
702,South India,Female,18,0,318726.29,1,1,1,1478143.39,0
638,South India,Female,43,4,310636.51,3,0,1,1038316.92,0
574,East India,Female,28,4,0.0,2,1,1,1730323.44,0
653,South India,Female,18,10,1865498.82,2,1,0,338007.22,1
623,North India,Female,41,0,0.0,1,1,1,393001.9,0
493,West India,Female,51,6,0.0,2,1,1,663504.98,0
657,North India,Male,34,6,172971.62,1,0,1,483686.9,0
702,South India,Male,46,3,172326.44,2,0,0,287929.48,0
600,North India,Male,53,1,622773.53,2,0,1,675014.86,0
673,North India,Male,50,1,135037.78,1,1,1,703155.89,0
659,West India,Female,54,3,0.0,2,1,0,947706.51,1
744,South India,Male,44,1,300986.26,2,0,1,550883.97,0
640,South India,Male,36,0,518996.04,2,1,0,710331.65,0
722,West India,Female,18,0,1232940.17,1,0,0,1389300.48,0
621,North India,Male,33,7,184578.24,4,0,1,563056.2,0
827,South India,Male,26,1,0.0,2,1,0,354736.5,1
610,West India,Male,59,8,439357.54,1,0,0,507640.73,0
588,West India,Female,34,1,452149.48,2,0,1,667677.68,0
640,South India,Female,37,10,879640.23,1,1,0,1065953.82,0
584,South India,Female,42,10,343975.01,2,1,1,409334.61,0
537,South India,Male,36,3,678236.76,3,0,0,722215.15,1
715,South India,Male,54,6,1017321.71,2,0,0,265431.14,0
374,North India,Male,29,6,396161.4,1,1,1,276545.91,0
585,West India,Female,38,9,631457.45,1,0,0,2273208.82,0
529,North India,Male,27,10,749459.42,2,1,0,185398.93,0
662,East India,Male,21,7,0.0,2,1,0,337856.99,0
452,West India,Female,29,2,306353.2,1,1,1,1373419.11,0
699,North India,Female,35,0,106064.81,2,1,1,1103068.94,0
709,North India,Female,31,3,221974.57,1,1,1,378548.02,0
503,West India,Male,28,2,0.0,1,1,0,715748.42,0
667,West India,Male,20,10,527052.6,2,1,0,477261.15,0
696,East India,Male,35,3,1061739.26,3,1,0,194619.38,0
734,North India,Female,19,5,934858.38,2,1,0,624475.19,0
517,North India,Male,44,0,1253947.92,2,1,1,669775.93,0
505,East India,Female,36,0,0.0,2,0,1,2028204.36,0
785,North India,Female,19,1,496761.32,1,1,1,512065.44,0
576,West India,Male,32,9,1845432.42,2,1,0,740238.41,1
602,North India,Male,27,9,120673.79,1,1,1,1430099.87,0
706,West India,Female,39,2,98004.88,2,1,1,523089.0,0
544,North India,Female,50,4,457695.59,2,1,0,953584.03,0
626,West India,Female,18,8,970248.51,2,0,0,583142.56,1
730,South India,Male,37,5,174086.14,2,1,0,245622.49,0
522,East India,Male,34,4,526170.49,1,0,0,829861.72,0
604,North India,Female,43,7,375770.44,2,1,1,418077.49,0
548,North India,Female,38,0,181623.91,1,1,0,674896.03,0
580,North India,Male,27,6,0.0,1,1,1,697620.11,0
756,West India,Male,32,7,88718.09,2,0,0,856005.46,0
776,South India,Female,27,8,788631.17,1,1,0,314133.94,0
673,South India,Male,47,10,1155991.86,1,1,0,598697.26,0
697,North India,Female,36,8,262172.9,3,0,0,616002.67,0
695,South India,Male,56,7,0.0,1,1,1,365706.8,1
589,South India,Female,35,9,839460.54,3,0,0,213092.98,0
671,North India,Female,28,2,0.0,1,0,0,691415.15,0
533,West India,Male,19,5,406520.91,2,1,0,425806.83,0
563,North India,Female,18,4,819561.7,1,1,1,869773.94,0
642,South India,Female,18,2,708359.3,1,1,1,426829.76,0
554,West India,Female,38,1,121244.6,2,1,1,552954.34,1
535,East India,Male,41,1,758006.19,1,1,1,771999.14,0
585,West India,Female,18,9,158612.64,2,1,1,1048366.73,0
753,North India,Female,45,9,0.0,1,1,1,786314.29,0
790,South India,Male,30,9,742513.33,1,0,1,395427.35,0
647,North India,Female,37,3,417394.95,1,1,0,400559.26,1
702,North India,Male,53,8,549035.88,2,0,1,524274.62,0
599,South India,Male,45,1,1735531.71,1,0,1,459085.61,1
464,West India,Male,33,4,388548.86,2,1,1,899055.52,0
569,North India,Male,26,7,0.0,2,0,1,466102.21,0
622,North India,Female,18,9,115105.94,2,1,1,381551.81,0
662,South India,Female,28,10,1320725.82,2,1,1,1295527.11,0
640,North India,Male,33,1,0.0,3,0,1,1025319.04,0
624,South India,Female,25,6,0.0,1,0,1,447935.12,0
598,North India,Male,34,5,924493.96,1,1,0,712265.97,0
680,North India,Male,36,0,2016972.95,2,1,1,297275.53,0
527,South India,Male,33,6,200633.98,2,1,1,668794.8,0
722,West India,Male,28,9,190355.07,1,1,0,730597.79,0
597,West India,Male,37,8,0.0,2,1,1,514273.84,0
836,West India,Female,40,0,0.0,1,0,1,454608.4,0
621,North India,Male,24,1,0.0,2,1,1,687461.22,0
606,West India,Male,51,6,0.0,2,1,0,1317026.09,0
599,South India,Male,34,0,798269.47,1,0,0,350998.66,0
607,West India,Male,36,1,0.0,1,1,0,649968.61,0
704,South India,Female,43,2,648961.62,2,1,0,749980.48,0
646,North India,Male,38,1,269091.76,2,1,0,540501.06,0
738,North India,Female,46,1,0.0,2,1,1,261399.48,0
691,South India,Male,39,1,1000576.1,2,0,0,230111.84,0
652,North India,Female,29,6,393467.61,1,0,1,769385.29,0
683,East India,Male,39,9,0.0,2,0,1,1590834.05,0
757,North India,Female,23,3,337404.67,2,1,0,836220.15,0
709,North India,Male,37,3,0.0,1,1,1,246275.37,0
675,North India,Female,35,7,884889.54,1,1,0,335450.74,0
688,North India,Female,33,4,555684.42,1,0,0,1230276.8,1
546,West India,Female,34,0,1377150.67,2,0,0,454660.53,0
881,South India,Male,18,1,156047.5,1,1,1,1642976.18,0
697,West India,Female,29,9,368439.05,1,0,1,369895.18,0
706,North India,Female,37,2,300310.49,3,0,0,783906.57,0
647,East India,Male,37,3,0.0,1,0,0,964888.8,0
443,North India,Male,24,8,142149.71,2,0,0,768202.75,0
626,East India,Male,49,9,0.0,1,1,1,485787.96,0
656,North India,Male,26,9,0.0,1,0,0,450180.79,0
575,West India,Female,46,4,0.0,2,0,0,346421.84,1
575,South India,Female,40,10,113106.58,4,0,0,598453.44,1
619,South India,Male,28,10,325000.61,1,1,0,228981.9,0
719,North India,Female,55,5,132654.49,1,1,1,825634.03,0
763,South India,Male,22,10,591226.51,2,1,1,388195.2,1
665,North India,Female,46,10,0.0,1,1,0,226778.01,0
598,South India,Female,47,2,235818.71,1,1,1,700365.92,0
617,South India,Female,28,1,793722.27,2,0,1,718540.21,0
658,West India,Female,51,1,1845659.33,2,1,0,1167775.28,0
669,East India,Male,33,5,21664.27,2,0,0,352178.02,0
689,North India,Male,39,5,369431.53,2,1,1,845009.63,0
610,North India,Male,38,6,255630.67,2,0,0,332105.83,0
697,North India,Male,34,8,230711.06,2,1,1,214909.93,0
690,West India,Female,44,2,832866.74,1,0,1,835089.14,0
614,East India,Male,44,6,248999.79,2,1,1,527910.63,0
495,East India,Female,18,6,592877.4,2,1,1,415445.57,0
570,East India,Female,50,7,611900.81,2,0,1,1017080.39,1
791,West India,Male,18,4,300447.04,2,1,1,516362.99,0
497,East India,Male,47,2,2205024.69,2,0,1,872264.94,1
768,South India,Male,48,10,2110576.68,1,1,0,476324.28,0
494,East India,Female,23,10,45870.43,1,0,0,446602.53,0
580,West India,Female,31,1,892052.87,2,1,0,635267.89,0
616,North India,Male,23,3,0.0,1,0,0,1328460.26,0
810,North India,Male,33,7,166157.22,1,1,1,1088153.45,0
652,North India,Male,32,4,500757.64,1,1,1,409074.66,1
630,West India,Female,44,0,0.0,2,0,1,610151.86,0
565,South India,Male,50,2,337166.82,1,0,1,591241.2,0
696,North India,Male,51,4,260581.64,2,0,0,557834.4,1
603,West India,Female,29,5,475389.6,2,1,1,1079170.56,0
629,North India,Female,33,1,0.0,1,1,0,381966.98,0
617,West India,Female,18,7,0.0,1,0,1,324959.03,0
714,West India,Male,27,6,673290.07,2,0,0,285253.11,0
718,East India,Female,46,6,187979.4,1,1,1,401834.48,0
569,North India,Male,53,10,1003228.14,1,1,1,820229.69,1
593,East India,Male,22,6,0.0,1,1,1,1532526.71,0
584,North India,Female,29,4,1109150.06,1,0,1,393666.51,1
666,South India,Male,35,1,135439.38,3,0,0,983786.12,0
731,South India,Male,39,7,0.0,1,0,0,869579.37,0
667,South India,Female,27,2,774511.03,2,1,1,495074.99,0
452,East India,Male,40,2,152269.09,1,1,0,399943.29,0
718,South India,Female,30,1,407051.87,2,1,1,267373.19,0
528,East India,Male,35,1,0.0,2,1,0,562762.76,0
585,North India,Male,42,1,2225936.92,2,1,0,731784.56,0
667,South India,Female,36,5,0.0,3,0,1,667349.97,0
642,South India,Female,31,7,11868180.41,2,1,1,419525.0,1
728,North India,Male,34,2,0.0,4,1,0,1448256.5,1
595,East India,Female,35,5,115852.15,1,1,1,1150816.67,0
563,West India,Male,31,2,722261.71,2,0,0,543985.7,1
621,South India,Female,33,8,285027.5,3,0,1,1549520.32,0
737,West India,Male,53,0,66742.75,2,1,0,261596.29,1
706,South India,Female,42,6,1537648.69,1,1,1,1435728.68,0
657,North India,Male,32,7,0.0,2,1,1,254657.48,0
769,South India,Female,43,8,2296143.88,2,0,0,196093.98,0
753,South India,Female,32,4,392615.63,2,0,1,289965.77,0
720,East India,Male,48,5,180862.68,1,0,0,952627.83,0
543,North India,Female,40,4,153481.91,1,1,0,514570.97,0
720,South India,Male,34,9,137233.93,2,0,0,365655.17,0
631,North India,Male,40,4,0.0,2,1,1,433905.55,0
614,North India,Female,18,10,715735.02,2,1,0,819677.24,0
588,South India,Male,23,10,191632.53,1,1,0,2170078.81,0
634,North India,Male,22,6,269612.87,2,1,1,344868.96,0
593,West India,Male,37,3,1901519.22,2,1,1,810765.6,1
665,South India,Female,55,5,0.0,1,1,1,1468474.47,0
634,North India,Male,60,3,1455640.73,2,0,0,478193.85,0
669,South India,Male,43,1,0.0,2,1,0,603162.02,0
699,North India,Female,41,1,0.0,2,1,0,842962.15,1
623,West India,Female,18,3,580059.45,2,0,1,771855.69,0
583,North India,Female,30,10,0.0,2,1,0,311117.94,0
469,North India,Female,27,4,1392372.77,1,1,1,551789.2,1
719,South India,Female,29,0,0.0,2,1,0,336688.4,1
657,East India,Male,34,2,403694.98,1,1,1,457978.0,0
634,West India,Male,30,4,0.0,1,1,0,422489.33,0
755,North India,Female,18,7,455755.25,2,1,0,723684.62,0
534,North India,Female,44,3,213457.76,2,1,1,920679.87,1
655,South India,Female,24,5,2696536.5,1,1,0,387816.95,0
563,West India,Male,38,3,534471.73,2,1,1,806045.52,0
709,South India,Male,58,4,247720.32,1,1,1,579915.17,0
449,South India,Female,25,6,234584.65,2,1,1,400068.63,0
722,North India,Female,18,7,0.0,1,1,1,1326720.65,0
718,North India,Female,32,9,0.0,2,1,1,593191.82,0
566,South India,Male,48,9,3074204.75,1,1,1,293450.37,1
655,North India,Male,57,7,298313.04,1,1,1,1353217.51,0
568,North India,Female,22,10,1150400.48,2,1,1,1347713.11,0
688,North India,Female,41,6,514663.74,1,0,1,1438992.82,0
723,South India,Male,30,3,113267.13,2,0,0,1176433.6,0
559,North India,Male,34,3,516979.78,1,1,1,895959.23,0
533,South India,Female,65,1,795812.69,1,1,1,1047850.37,1
748,East India,Female,19,8,872758.5,2,1,1,676910.31,0
824,North India,Male,38,5,914691.52,2,1,1,610135.25,0
694,South India,Male,41,10,245781.31,1,1,1,1090767.72,0
701,West India,Male,47,2,0.0,1,1,0,334140.14,0
620,North India,Male,37,2,76887.88,1,1,0,956957.16,1
666,North India,Female,39,10,0.0,3,1,1,561013.59,0
681,North India,Female,31,10,0.0,1,1,0,1216623.45,0
633,South India,Female,38,0,0.0,2,0,1,890455.76,1
771,South India,Female,32,1,701237.41,2,0,0,745676.07,0
665,North India,Male,42,4,128285.1,1,1,0,1231809.0,0
677,West India,Male,31,8,594432.08,1,0,0,1477085.97,0
635,West India,Male,40,2,597072.59,1,1,1,662250.09,0
644,North India,Male,35,6,388601.67,1,1,1,468625.99,0
759,West India,Male,48,5,0.0,2,1,0,1007963.23,0
663,North India,Female,35,10,708377.9,4,1,1,484999.27,1
665,West India,Female,18,2,0.0,3,1,1,1140303.05,0
666,North India,Female,49,10,0.0,1,1,0,542264.18,0
617,West India,Female,26,3,0.0,1,1,1,747443.91,0
523,North India,Female,28,10,405160.06,1,1,0,922309.01,0
791,South India,Female,29,10,0.0,1,1,0,550848.51,0
746,North India,Male,51,4,0.0,1,0,0,520818.16,0
762,West India,Female,18,1,0.0,2,1,1,977226.46,0
553,North India,Male,70,7,835635.72,1,1,1,379841.96,0
780,North India,Male,47,6,457227.31,2,0,1,686776.52,0
827,North India,Male,38,8,0.0,2,1,0,938067.99,0
744,North India,Female,35,7,621053.16,2,0,1,396934.65,0
798,West India,Female,39,6,394750.09,2,1,1,311071.03,1
721,East India,Female,41,8,170916.31,2,1,0,366756.2,0
573,West India,Female,43,9,214664.37,1,0,0,616461.21,0
695,West India,Male,42,4,668731.65,1,1,0,767712.97,0
558,North India,Female,36,2,994276.39,3,1,0,1121926.93,0
596,North India,Female,33,5,183281.13,2,1,0,645627.08,0
678,South India,Female,34,8,504417.85,1,0,1,566915.07,0
666,East India,Male,33,5,327477.01,2,1,0,415460.28,0
691,West India,Male,48,2,0.0,2,1,0,610843.49,0
488,South India,Female,42,1,686096.27,1,1,0,527975.66,0
636,North India,Male,18,4,382172.39,4,1,0,1638247.23,0
699,North India,Female,43,7,0.0,1,1,0,1747277.19,0
717,South India,Male,38,7,0.0,2,0,1,544742.61,0
723,West India,Female,35,0,256281.79,1,1,0,538742.52,0
672,North India,Male,31,2,208026.48,1,1,0,937869.16,0
615,West India,Female,48,10,2200226.75,1,1,0,833984.09,0
695,East India,Male,46,10,1422634.03,1,1,1,207666.66,0
623,West India,Female,27,4,452292.42,1,1,0,607717.98,0
731,East India,Male,40,0,212243.48,2,1,1,338001.84,0
688,North India,Female,25,5,0.0,1,1,1,353975.88,0
644,East India,Female,20,3,0.0,1,1,0,672470.07,0
580,South India,Male,29,8,319655.94,3,1,0,729822.63,0
750,West India,Female,45,1,1991091.22,2,1,0,671144.06,0
700,North India,Male,46,9,320635.91,1,1,0,509554.62,0
839,South India,Male,41,4,0.0,1,0,1,956789.96,0
697,North India,Male,43,4,0.0,2,1,0,718127.92,0
704,North India,Female,41,5,288436.15,1,0,0,1810159.24,0
518,East India,Male,28,4,883188.57,2,1,1,644551.77,0
677,West India,Male,40,9,692457.53,1,0,1,293357.47,0
621,South India,Female,44,9,0.0,2,1,0,294925.56,0
724,South India,Female,44,8,1480318.62,2,0,1,437831.0,0
680,West India,Male,49,0,0.0,2,1,0,700145.53,0
738,North India,Female,43,7,2553534.55,2,1,0,709529.95,0
841,West India,Female,39,5,271466.62,4,1,1,345147.6,0
578,South India,Male,47,10,179750.63,1,1,0,822051.62,0
735,South India,Female,35,8,2303399.44,2,1,0,1387067.29,1
711,East India,Male,26,9,243200.45,2,1,1,412948.55,0
828,South India,Female,34,6,510874.94,1,1,0,456765.9,0
713,South India,Male,27,2,374383.1,1,1,0,361649.65,0
704,East India,Female,28,7,0.0,2,0,0,497564.1,0
726,East India,Male,34,9,277686.18,1,1,0,1235275.48,0
732,East India,Female,27,2,205924.76,2,1,1,1049511.12,0
780,South India,Male,32,2,120396.43,1,1,1,859689.59,0
576,North India,Male,18,3,311521.68,2,0,1,367485.89,0
614,North India,Male,38,2,921223.36,2,0,0,761695.18,1
806,North India,Female,36,5,2703754.69,3,0,1,951630.16,0
473,West India,Male,27,10,0.0,1,1,0,754041.12,0
642,North India,Male,43,6,0.0,1,0,1,479834.53,0
663,South India,Male,46,2,1072326.83,2,0,0,349299.85,1
634,East India,Female,18,2,395336.31,1,1,1,831276.63,0
792,East India,Male,27,6,0.0,1,0,0,438568.86,0
692,North India,Female,27,9,1612529.11,1,0,1,803966.98,1
615,North India,Male,25,8,1138538.87,2,0,1,582980.49,0
592,West India,Male,45,2,57767.45,1,0,0,1371572.68,0
675,South India,Male,33,5,644024.07,2,1,0,454298.04,0
754,West India,Female,33,4,0.0,1,1,1,1643206.03,1
662,West India,Male,18,7,525878.19,3,1,0,839378.02,0
637,South India,Male,42,8,159298.14,4,1,0,618312.13,0
587,South India,Male,22,7,0.0,1,1,1,466873.26,1
683,South India,Female,36,0,140630.86,2,1,0,872447.36,0
678,West India,Male,39,6,1021197.31,1,1,0,420759.14,0
584,South India,Female,50,7,1687449.54,2,1,0,945563.82,0
742,West India,Male,21,4,0.0,2,0,0,402498.34,0
803,East India,Male,18,3,2251705.76,2,0,0,371910.06,0
654,North India,Male,38,6,993745.8,2,0,1,391038.52,0
677,East India,Female,55,5,0.0,2,1,0,1240705.71,0
550,South India,Female,49,1,680537.32,1,1,0,366996.19,1
716,West India,Male,38,8,0.0,1,1,0,400097.85,0
691,North India,Female,30,10,1166834.37,2,1,0,399209.17,0
620,North India,Male,44,2,66619.52,2,1,1,857157.05,0
583,North India,Female,25,0,0.0,2,1,0,514842.6,0
816,North India,Male,41,2,2855115.57,4,1,0,939441.78,0
684,North India,Male,41,0,0.0,2,0,1,279390.62,1
567,West India,Female,47,9,1129923.47,1,1,0,461879.22,0
726,South India,Female,66,6,326590.05,1,1,1,485547.9,0
670,East India,Male,40,10,77024.83,2,0,1,538171.24,0
655,South India,Female,30,5,225801.26,1,1,0,259158.89,0
738,North India,Male,35,7,6648282.04,2,1,1,455933.77,1
414,South India,Female,18,3,6364495.7,1,1,1,915827.95,1
487,East India,Male,28,5,359964.89,1,1,0,478105.93,0
774,South India,Female,31,2,697673.31,1,1,1,1471276.18,0
638,North India,Male,30,3,0.0,2,1,1,530928.01,0
611,East India,Male,37,5,531062.67,2,0,1,510715.49,0
529,North India,Male,26,4,935906.2,2,0,0,311214.31,0
667,West India,Male,48,1,3368373.41,1,1,1,273971.7,1
678,South India,Male,36,8,747978.6,2,1,1,265887.19,1
779,North India,Male,35,1,842355.39,1,1,0,949148.55,0
683,North India,Female,32,7,449476.81,3,1,1,449900.31,0
622,East India,Male,37,4,240361.11,2,0,0,567742.36,0
686,East India,Female,45,6,0.0,2,1,0,482458.17,0
749,South India,Male,26,5,1952335.27,1,0,1,180391.31,0
730,North India,Female,28,10,236431.25,1,0,1,860013.59,0
705,North India,Female,32,1,71220.35,1,1,1,278917.37,0
674,North India,Female,21,3,30645.29,1,1,0,220904.77,0
597,South India,Female,26,8,652570.63,2,1,1,352410.62,0
557,North India,Male,30,6,462402.69,2,1,0,379021.03,1
542,North India,Female,45,0,2685995.77,3,1,1,381193.8,1
685,South India,Female,38,3,0.0,1,1,1,536451.05,0
694,West India,Male,38,9,1994054.53,2,0,1,256272.61,1
748,West India,Male,45,2,229147.57,2,1,1,539517.73,1
700,South India,Male,34,0,839095.38,2,0,0,701060.0,0
744,West India,Male,40,4,291050.96,1,1,1,178776.91,0
638,South India,Male,34,8,404778.99,2,1,1,391795.54,0
719,South India,Male,38,3,0.0,2,1,1,395501.62,0
559,West India,Male,29,1,140468.46,3,1,0,1143486.03,1
644,West India,Female,18,6,0.0,2,1,1,518091.29,0
485,South India,Male,34,7,305199.05,2,0,0,585322.4,0
652,South India,Female,51,10,1107514.38,1,0,0,590453.49,0
760,East India,Male,46,1,180382.71,1,0,0,528687.4,0
656,South India,Male,46,10,1117301.74,2,0,1,844131.09,0
714,South India,Male,49,10,82163.54,1,1,1,331602.51,0
674,West India,Male,36,9,852614.86,2,1,0,374423.31,0
598,North India,Male,38,10,0.0,2,0,1,1488810.18,0
633,South India,Female,29,8,0.0,2,0,1,337386.6,0
756,East India,Female,32,9,1326588.98,2,1,0,567090.68,0
714,South India,Female,42,7,0.0,1,1,1,622839.2,0
594,North India,Male,49,3,1478002.69,2,0,0,686879.06,1
525,South India,Male,34,3,516550.65,2,1,0,600283.95,0
668,North India,Female,31,4,0.0,1,1,0,1107625.31,0
597,South India,Male,36,0,834500.67,1,0,1,401943.51,0
634,North India,Male,42,6,420090.3,2,1,1,363487.02,0
519,South India,Male,20,3,0.0,1,1,0,627554.94,0
743,South India,Male,18,0,0.0,1,1,0,278282.33,0
641,South India,Male,29,3,1242188.74,1,0,0,889790.08,0
654,South India,Male,22,3,285871.04,2,1,1,482034.93,0
575,North India,Male,30,0,158290.22,2,0,0,593358.26,0
625,North India,Female,34,8,791251.48,1,1,1,1270044.68,0
661,South India,Male,31,7,408646.96,1,1,0,549850.65,0
594,North India,Male,51,8,0.0,1,1,1,849888.24,0
630,West India,Female,39,6,231872.05,2,1,0,341884.8,1
774,West India,Female,39,4,37544.45,1,0,0,306679.32,0
492,North India,Male,42,6,152458.59,1,1,0,201244.88,0
666,North India,Female,23,1,96026.39,1,0,0,1713414.86,0
579,North India,Male,47,9,0.0,1,1,0,900395.6,0
770,South India,Male,35,6,0.0,2,1,1,736084.89,0
633,North India,Female,43,3,0.0,2,0,1,750995.37,0
555,North India,Female,24,4,27122.37,2,1,0,290206.71,0
630,South India,Male,18,10,0.0,2,1,0,374697.04,0
681,East India,Female,44,6,2104328.85,2,0,0,263959.03,0
899,West India,Female,40,1,0.0,1,0,1,614162.85,0
460,West India,Male,26,4,0.0,2,1,0,1032848.55,0
542,North India,Male,26,1,0.0,2,0,1,948347.08,0
767,North India,Male,48,9,0.0,2,0,0,223417.76,0
514,North India,Female,22,5,677343.03,2,1,1,1403963.09,0
650,East India,Male,54,9,0.0,4,1,1,608950.69,0
606,North India,Female,26,7,488384.78,1,1,0,287745.71,0
592,South India,Male,43,6,504576.62,2,0,0,498561.85,1
634,South India,Male,32,4,57178.06,1,1,0,143533.31,0
620,West India,Female,42,2,0.0,2,1,0,140346.57,1
745,North India,Female,30,3,0.0,1,1,1,319005.65,0
769,South India,Male,34,1,0.0,1,0,0,588888.67,0
688,East India,Male,36,5,461718.04,2,1,1,248399.41,0
628,South India,Female,24,7,129340.4,2,0,0,767694.01,0
673,South India,Male,44,7,344337.37,4,0,0,716961.98,0
722,South India,Male,30,8,525226.29,2,1,1,1053823.7,0
740,West India,Female,33,4,729929.53,2,0,1,893521.48,0
683,North India,Male,25,9,0.0,3,1,0,1331376.31,0
787,North India,Male,18,10,31081.96,1,1,1,575750.57,0
594,West India,Male,33,5,433981.34,2,1,1,1200834.44,0
752,South India,Female,62,1,1774076.32,1,1,1,1184655.61,0
713,East India,Male,44,9,0.0,2,1,0,772473.51,0
595,South India,Female,35,3,616139.79,2,0,1,713915.22,0
670,South India,Male,33,2,0.0,1,0,1,1533878.01,0
677,North India,Male,36,8,171153.9,2,1,0,889758.44,0
637,West India,Male,42,5,3200198.56,1,1,1,328479.29,1
636,West India,Male,23,5,0.0,2,1,0,1042041.9,0
512,South India,Female,48,3,905214.56,1,1,1,1046369.95,0
587,North India,Male,43,5,0.0,1,0,1,696609.87,0
628,East India,Female,43,10,823186.22,2,1,0,672401.21,1
598,North India,Male,40,0,1402084.48,1,1,0,1351588.83,0
572,North India,Male,36,8,0.0,1,0,1,699484.35,0
745,East India,Male,43,2,993310.03,1,1,0,822630.32,0
640,West India,Female,42,4,249606.15,2,1,0,1090923.52,0
845,South India,Female,32,6,586125.71,1,1,1,176790.28,0
670,East India,Female,29,1,0.0,2,0,0,1228894.44,0
743,North India,Male,37,3,529380.8,1,1,1,659843.55,0
631,North India,Female,53,5,61517.28,1,1,1,674807.45,0
590,West India,Male,22,0,484098.6,1,0,1,746225.13,0
673,North India,Female,19,5,616992.18,1,1,0,388245.87,0
766,East India,Female,37,4,0.0,1,1,0,382328.08,0
641,West India,Male,36,1,828091.62,2,0,1,1188690.89,1
690,North India,Male,37,5,347191.88,1,1,0,2348870.04,0
673,West India,Female,38,4,0.0,2,1,0,516879.83,0
641,North India,Female,33,0,2196593.14,1,0,0,756779.49,0
645,South India,Male,52,10,203060.07,1,0,1,676095.87,0
560,East India,Female,18,5,208925.75,2,0,1,209810.43,0
649,West India,Female,26,6,1434267.98,2,1,1,524271.27,0
708,South India,Male,34,8,224867.56,1,1,1,540442.15,0
676,North India,Male,18,10,587504.73,2,1,1,276159.69,0
666,North India,Female,34,1,372078.49,2,1,1,1358771.95,0
715,South India,Male,54,5,40404.34,2,1,1,531022.99,0
667,South India,Male,36,5,426655.65,1,1,0,1136313.01,0
651,North India,Male,38,0,0.0,1,1,1,451792.56,0
716,South India,Female,22,7,588509.89,2,1,1,402463.42,0
662,West India,Female,29,4,1095955.93,2,0,1,380512.69,0
628,South India,Male,31,1,189049.9,2,1,1,245251.11,1
692,North India,Female,32,4,0.0,2,1,1,376167.0,0
646,East India,Female,50,3,97355.98,1,1,1,556591.71,0
624,North India,Male,42,6,528233.03,2,1,0,670052.54,0
663,West India,Female,23,9,414806.19,1,1,0,444807.65,0
665,North India,Female,38,7,0.0,2,1,1,1330527.42,0
550,South India,Female,41,0,634270.0,2,1,1,1006226.37,0
679,South India,Female,48,0,593838.73,1,0,1,865533.56,0
816,South India,Male,53,7,277387.05,4,1,0,1288848.96,0
561,South India,Male,24,10,1192504.66,2,1,0,485310.97,1
604,North India,Male,27,3,853631.3,2,1,0,578619.61,1
900,South India,Female,22,7,734898.55,2,0,0,588417.7,0
576,South India,Female,33,6,418130.72,2,1,1,488810.22,1
765,North India,Male,41,8,1609753.76,1,1,1,1156938.22,0
629,East India,Male,46,6,736546.91,2,0,0,1611667.43,0
655,West India,Male,35,3,593177.68,1,1,0,366919.06,0
638,West India,Female,32,4,0.0,2,1,1,803008.41,0
688,West India,Male,37,6,0.0,2,1,0,1043136.55,0
507,North India,Female,26,1,5628011.15,1,1,1,235643.65,1
666,South India,Male,58,2,309748.78,1,0,0,371199.48,0
613,West India,Male,18,2,307684.86,2,0,0,285561.5,1
482,North India,Male,38,8,303826.78,1,0,1,320546.71,0
750,South India,Female,58,1,346022.62,1,0,1,1301003.7,0
460,South India,Female,36,3,0.0,2,0,1,888654.91,1
843,North India,Female,33,7,2821421.87,2,0,1,303518.37,0
705,South India,Male,32,0,1031320.77,2,1,0,295336.85,0
527,East India,Male,34,8,0.0,1,0,0,567093.69,0
770,West India,Male,51,5,1090226.52,1,1,1,288626.94,0
582,North India,Female,18,3,1050368.3,1,1,0,362357.08,0
586,South India,Female,52,4,0.0,2,0,1,1134794.81,1
487,North India,Male,20,6,408513.92,2,1,0,289661.01,0
572,South India,Female,33,10,623738.67,2,1,0,1850339.23,0
582,West India,Male,31,7,946600.89,2,0,1,624700.58,0
723,South India,Male,42,4,880968.87,2,1,1,2376381.67,0
755,West India,Male,18,6,489697.4,2,1,1,1264330.26,0
538,South India,Female,41,2,69700.2,1,1,0,382297.08,0
674,South India,Male,58,1,107447.29,2,0,1,259304.33,0
484,West India,Male,21,1,292179.1,1,1,0,194415.18,0
674,West India,Male,38,9,1429214.93,1,1,1,510503.25,0
844,West India,Male,28,2,511073.7,2,1,0,673045.66,0
489,East India,Male,40,5,451474.74,2,1,0,1032256.22,0
558,West India,Male,36,10,253162.5,2,1,1,859716.09,0
715,West India,Male,28,9,0.0,2,1,1,481676.99,0
726,West India,Female,41,0,1162952.25,1,1,0,1513799.91,0
565,North India,Male,55,2,472644.25,2,1,1,351828.88,0
782,South India,Male,33,2,574078.69,2,0,1,318155.62,0
576,South India,Male,43,1,48705.0,1,0,0,674169.92,1
800,South India,Male,21,0,144273.97,1,1,1,597176.55,0
692,West India,Female,25,0,1109053.88,1,1,1,422327.94,0
764,North India,Male,41,0,0.0,1,1,1,467881.75,0
683,North India,Female,52,7,385731.07,1,1,1,280560.31,1
709,West India,Female,39,5,202621.88,1,0,1,588586.12,0
713,North India,Female,32,8,0.0,1,1,1,534478.76,0
753,North India,Male,35,10,372533.47,1,1,1,333942.0,0
647,South India,Male,22,2,299577.17,2,1,0,1522275.45,0
569,West India,Female,42,6,0.0,1,1,1,378667.56,0
642,South India,Female,45,5,1431891.24,1,0,1,495019.41,0
589,East India,Female,31,8,1230259.43,2,1,0,440757.98,0
595,North India,Male,30,8,0.0,1,1,1,1009851.7,0
798,West India,Male,38,10,0.0,2,1,0,712264.95,0
706,North India,Female,31,8,2229033.83,2,1,0,428430.71,0
701,North India,Female,35,6,589179.26,1,1,1,299354.77,0
746,South India,Male,59,8,1240069.38,1,1,1,1275555.47,0
705,North India,Male,33,6,1920971.69,1,0,1,230647.23,1
818,South India,Male,32,8,0.0,2,1,0,2403292.55,0
461,South India,Female,28,1,253739.18,2,1,1,519852.01,0
560,North India,Female,44,1,688503.48,1,1,1,448558.0,1
586,West India,Female,34,6,118818.74,2,0,1,413576.1,0
526,South India,Female,28,9,0.0,1,1,1,716140.89,0
660,East India,Male,50,5,782825.39,2,1,1,1136560.86,0
664,West India,Female,51,5,56219.43,1,1,0,1590785.66,0
827,North India,Female,29,4,0.0,2,1,0,495232.06,0
731,South India,Female,18,0,1083601.8,1,1,1,591544.37,0
604,South India,Female,47,6,87715.03,1,1,0,697272.15,0
694,West India,Male,28,1,0.0,1,1,1,144489.59,0
485,West India,Female,44,7,0.0,2,1,0,396391.87,0
662,South India,Female,18,9,0.0,1,1,1,783147.78,0
657,North India,Female,45,6,469178.31,2,1,1,1194779.57,0
568,South India,Male,22,1,970287.18,2,0,0,357679.11,0
631,West India,Female,44,1,921697.69,2,1,1,611985.54,0
587,West India,Male,36,9,1098867.95,2,0,1,336219.55,1
566,West India,Male,25,7,0.0,2,1,1,622565.25,0
710,West India,Male,31,4,1469764.24,2,1,1,462693.32,0
743,North India,Female,43,7,0.0,1,1,1,1274892.7,0
695,East India,Male,37,0,0.0,2,1,1,702790.11,0
610,East India,Male,42,8,0.0,1,1,1,2277063.1,0
590,North India,Female,57,7,49085.89,2,1,0,786750.37,0
613,North India,Female,18,5,490746.25,1,0,0,534019.75,0
630,South India,Female,53,7,1416480.15,2,1,1,853540.13,0
571,West India,Male,37,0,0.0,1,0,0,474247.96,0
744,South India,Female,26,10,0.0,2,1,1,528604.31,0
631,North India,Male,21,7,410401.2,2,1,1,1359446.49,0
718,South India,Male,33,0,1172154.77,2,1,0,213331.23,0
524,North India,Male,46,3,236014.17,2,1,1,543503.77,0
588,South India,Female,34,9,0.0,2,1,1,966693.12,0
727,South India,Male,52,2,4566098.23,2,0,1,414140.13,0
728,West India,Male,20,10,1140971.9,2,1,1,489957.66,1
541,South India,Male,35,2,0.0,2,0,0,232688.59,1
677,West India,Male,22,9,133687.62,2,0,0,788846.42,1
679,West India,Female,39,8,0.0,2,1,1,591478.28,0
586,South India,Female,45,7,3409857.68,1,1,1,3125467.69,0
682,North India,Male,31,9,3537064.96,1,1,1,998391.44,0
507,South India,Male,18,7,798817.6,2,0,1,412736.59,0
566,North India,Male,38,10,27728.44,1,0,1,269559.55,0
703,East India,Female,40,6,278245.06,2,1,0,805965.6,0
652,West India,Male,40,7,0.0,2,1,0,229228.27,0
657,South India,Male,49,7,505639.68,2,1,0,541141.88,1
634,East India,Male,24,9,0.0,2,0,1,680697.19,0
698,West India,Male,43,5,440218.68,1,0,0,425179.05,1
702,East India,Male,49,7,547209.28,2,1,0,588674.6,0
721,North India,Male,18,1,0.0,1,1,1,692140.97,0
661,West India,Male,39,6,0.0,1,1,1,1003762.4,0
615,South India,Male,30,2,0.0,2,0,1,814223.13,0
599,West India,Female,35,7,354841.53,1,1,0,462733.31,0
554,North India,Male,39,4,95627.13,2,0,0,575440.78,0
613,West India,Male,30,10,2425615.24,4,1,0,1494192.16,1
595,South India,Female,28,4,474357.4,1,1,1,1422248.26,0
794,West India,Female,36,2,265326.19,1,1,0,585588.98,0
555,West India,Male,24,0,836607.25,1,1,1,2130051.54,0
743,North India,Female,24,1,264720.12,1,0,0,166838.78,0
625,North India,Male,43,1,0.0,2,1,0,697406.96,0
631,West India,Female,23,6,575419.52,1,1,0,483230.52,0
686,South India,Female,43,1,827191.94,2,1,1,547916.95,0
522,South India,Male,41,6,974771.1,2,1,1,1323566.37,0
578,West India,Male,18,0,159635.26,2,1,1,557170.61,0
538,West India,Male,28,1,50749.74,2,1,1,906327.62,0
615,North India,Female,49,6,1692450.65,2,1,1,419887.96,0
568,South India,Female,25,6,0.0,2,0,0,555581.31,1
768,West India,Female,30,1,0.0,2,1,0,833038.6,1
597,West India,Male,41,9,272418.71,2,0,0,1660123.93,0
435,North India,Male,44,6,1916648.51,3,1,0,713338.18,1
619,North India,Female,33,8,0.0,1,0,0,535630.93,1
722,North India,Male,29,7,0.0,2,1,0,349825.58,0
796,East India,Male,51,5,525403.38,1,1,0,200990.03,0
629,South India,Male,55,3,0.0,2,1,1,202620.24,0
603,South India,Female,46,10,0.0,2,1,0,792051.07,0
648,North India,Female,36,2,0.0,2,1,0,578708.52,0
687,North India,Female,27,7,1063978.12,2,1,1,906846.14,0
548,West India,Male,26,2,396507.55,1,1,0,340899.11,1
627,South India,Female,41,10,925099.12,1,1,1,1187286.35,0
645,South India,Female,40,4,93627.46,4,1,0,838090.24,0
654,North India,Male,51,10,2132618.09,2,0,1,1025596.04,0
636,South India,Male,43,2,0.0,1,1,1,473815.87,1
565,West India,Male,19,8,258937.49,3,1,1,775752.95,0
680,North India,Female,47,10,0.0,1,1,1,346263.67,0
645,West India,Male,25,6,347696.69,3,1,1,548253.19,0
645,North India,Male,31,2,0.0,1,0,1,182494.67,0
552,North India,Male,38,9,378258.56,2,1,1,286669.01,0
707,South India,Female,57,6,362253.38,2,1,0,661905.75,0
564,East India,Male,70,3,249790.29,1,1,1,432605.65,1
795,North India,Male,42,0,401388.6,1,1,0,1397736.02,1
543,West India,Male,33,3,526655.65,2,1,1,495743.78,0
718,South India,Male,41,10,0.0,2,1,0,504138.64,0
478,North India,Male,45,9,0.0,1,0,0,2201797.33,0
446,North India,Male,32,10,272752.69,1,0,1,852794.01,0
600,East India,Female,55,10,252373.75,1,0,1,587749.6,0
446,North India,Female,38,7,1398814.83,1,1,1,370340.25,0
715,West India,Female,41,5,849481.89,1,1,1,513910.21,0
648,East India,Male,43,0,2603760.95,2,1,0,467261.29,1
776,North India,Female,40,0,598601.3,1,1,0,230779.09,0
634,South India,Male,45,3,631012.53,3,1,1,191111.33,1
671,North India,Male,29,10,1194664.82,2,1,1,885935.83,0
625,North India,Female,29,5,0.0,1,0,1,532368.81,0
571,North India,Female,23,3,307169.08,3,0,1,1388955.09,1
613,South India,Male,40,10,1566733.38,1,0,0,534984.21,1
541,West India,Female,44,8,664674.88,2,1,0,1123125.95,0
684,West India,Female,41,1,173522.13,1,1,1,1332049.84,0
622,East India,Female,54,5,2037806.84,1,1,1,1855590.58,0
640,North India,Female,35,6,0.0,2,0,0,583164.14,0
900,North India,Female,43,3,835972.13,3,1,0,354699.71,0
613,North India,Male,23,4,0.0,1,0,0,728613.8,0
678,North India,Male,31,4,124528.12,1,1,1,157644.33,1
645,North India,Female,43,1,0.0,1,0,0,822248.97,0
754,South India,Male,45,4,837940.57,1,0,1,271101.68,0
671,West India,Male,32,9,0.0,1,1,1,300349.81,0
625,East India,Male,35,10,374662.66,2,1,1,1383452.43,0
856,North India,Male,19,4,395224.59,1,0,0,294959.3,0
572,West India,Female,32,4,942969.21,1,1,0,1271380.42,0
632,West India,Female,45,3,910790.09,2,1,1,1449422.36,0
732,South India,Male,42,9,0.0,2,1,1,621700.76,1
576,North India,Female,41,3,1093312.08,1,1,0,914430.91,0
718,East India,Female,36,6,1591501.1,1,1,0,369156.52,0
606,West India,Male,36,5,611505.94,1,1,0,759894.87,0
740,East India,Female,28,10,0.0,2,1,1,1160691.95,0
737,South India,Male,43,7,750242.26,1,0,0,378590.19,0
641,South India,Male,40,0,0.0,1,1,0,454957.22,0
559,North India,Male,41,9,686651.32,1,1,1,456629.99,0
614,East India,Female,30,1,0.0,1,1,0,387614.37,0
648,North India,Male,18,10,305048.72,2,1,1,392202.22,0
729,North India,Female,48,10,1648027.79,1,1,1,534323.34,0
678,South India,Female,30,1,1113742.35,1,1,1,513724.49,0
698,South India,Male,26,1,1309992.53,1,0,1,260475.62,0
681,North India,Male,43,2,1617885.4,2,1,0,481747.04,1
726,South India,Male,31,5,213762.72,2,1,0,415160.79,0
631,South India,Male,47,2,0.0,1,1,1,1344990.75,0
664,South India,Female,42,6,1381483.15,2,0,0,402641.82,0
652,North India,Male,43,2,50692.51,1,0,0,433613.01,0
610,South India,Female,20,5,0.0,2,1,0,658091.32,0
741,North India,Male,49,1,0.0,2,1,0,1708152.47,0
739,North India,Female,38,1,354933.39,1,0,1,1084890.65,0
758,West India,Female,31,2,330342.81,1,0,0,1125824.91,1
581,North India,Female,37,7,281189.42,2,1,0,536136.84,0
681,North India,Female,18,8,777199.71,2,1,1,579080.87,0
748,South India,Male,40,1,438462.33,2,0,0,893602.46,0
785,North India,Male,24,6,1102085.69,2,1,0,511319.08,0
514,North India,Female,21,0,0.0,2,0,0,623029.86,0
649,South India,Female,19,3,357614.33,1,0,0,414262.85,0
632,West India,Male,48,5,797110.57,1,1,0,883114.72,0
793,West India,Male,29,6,654557.51,1,0,0,392114.87,0
451,South India,Male,52,2,359806.19,1,1,1,1679880.78,0
555,South India,Female,30,2,0.0,1,1,0,689001.97,0
778,West India,Male,18,4,220910.74,1,0,0,891446.39,0
607,North India,Male,23,2,1522875.25,2,1,1,522402.69,0
532,North India,Female,49,8,374708.15,2,1,0,443551.35,0
786,West India,Male,34,1,649293.92,3,1,0,499287.99,0
521,South India,Male,29,9,2032327.69,1,1,0,648754.48,0
741,West India,Male,37,6,0.0,2,0,0,1022686.66,0
509,North India,Male,41,6,0.0,1,0,1,376777.68,0
520,North India,Male,48,2,742924.46,2,0,1,488413.62,1
668,West India,Male,51,7,0.0,1,1,1,2455913.46,0
573,South India,Male,32,10,516245.37,2,0,1,383721.05,0
674,South India,Female,21,2,4936866.63,1,0,1,276595.61,1
812,North India,Female,31,4,347023.27,2,1,1,659092.53,0
636,North India,Male,38,0,332918.88,2,1,0,261660.49,0
796,North India,Male,25,9,234512.11,1,0,1,781437.29,0
679,South India,Female,25,3,449668.5,4,1,0,358602.0,0
736,East India,Male,39,1,0.0,2,0,0,380427.17,0
438,West India,Male,35,4,2051985.01,1,1,1,748991.08,0
707,South India,Male,36,3,593512.97,2,0,1,734993.16,0
693,West India,Female,27,3,947928.99,2,0,1,442886.69,1
617,South India,Male,33,3,0.0,1,0,0,462902.52,0
820,South India,Female,25,4,0.0,1,1,0,635812.57,0
605,North India,Female,45,8,1256933.31,2,1,1,218841.87,0
505,West India,Female,47,8,254333.83,1,0,0,1247972.93,1
720,North India,Male,18,3,45678.33,1,1,0,553119.32,0
521,South India,Female,25,10,2872664.1,2,1,1,563250.65,0
656,West India,Male,19,8,0.0,4,0,0,680814.98,1
770,North India,Male,28,7,0.0,1,1,0,420232.22,0
694,North India,Male,35,4,0.0,3,1,0,607964.89,0
627,North India,Male,20,7,159737.58,2,1,0,552044.58,0
618,South India,Female,25,6,415044.1,1,1,1,389104.74,0
763,North India,Male,24,1,970038.26,1,1,1,499913.27,0
540,South India,Male,38,9,485462.79,2,1,0,1467038.93,0
719,North India,Male,36,7,517367.31,2,1,1,820391.58,0
847,South India,Female,28,8,0.0,2,1,0,726114.42,0
698,North India,Male,37,1,107092.76,2,1,0,354723.37,0
628,East India,Female,29,10,786745.21,1,1,0,867071.23,0
635,South India,Female,33,1,1037175.49,2,1,1,386118.31,0
606,West India,Female,54,9,0.0,1,1,1,1044561.34,0
591,West India,Male,50,8,2041908.05,1,1,1,731547.46,0
660,South India,Female,21,0,1343178.46,1,1,1,235674.01,0
711,North India,Male,45,2,789463.36,1,1,1,422743.88,0
794,South India,Female,44,2,0.0,2,1,1,811161.91,0
473,West India,Female,23,5,175695.49,1,1,0,583606.08,0
430,South India,Male,45,10,0.0,1,0,0,778294.01,0
796,North India,Female,52,6,1997422.88,1,0,1,769536.8,0
655,North India,Male,23,2,0.0,1,1,1,366430.18,0
659,North India,Male,25,7,926654.72,2,1,0,1391346.02,0
695,North India,Male,47,1,596746.96,2,0,0,388319.87,0
633,East India,Female,38,10,564322.79,2,0,1,567971.11,0
827,North India,Female,42,2,0.0,1,1,0,299306.44,0
694,South India,Female,39,9,1362970.27,2,1,1,686071.76,0
609,West India,Female,40,1,94728.97,1,1,0,576955.03,0
617,West India,Male,21,1,525203.54,2,1,1,189510.65,0
637,South India,Female,47,10,306880.38,2,1,0,442413.98,1
580,North India,Male,48,5,609209.06,1,0,0,641372.22,0
802,North India,Female,33,2,81183.44,2,0,0,529737.22,1
661,South India,Female,35,2,182122.29,1,1,0,448676.15,0
544,South India,Male,19,8,126006.7,1,1,0,1497325.33,0
686,North India,Male,41,0,0.0,2,0,1,445776.51,1
779,North India,Male,42,8,384298.67,2,0,1,241990.02,0
745,East India,Female,35,10,387846.55,1,0,1,839862.08,0
581,North India,Male,48,1,0.0,2,1,1,867353.98,0
550,South India,Male,32,1,323797.49,2,0,0,729941.52,0
778,East India,Female,42,4,1191005.52,2,1,0,565249.12,0
503,West India,Male,24,5,0.0,2,1,1,575174.93,0
683,South India,Male,35,7,0.0,4,0,0,330997.97,0
598,North India,Female,34,0,1301834.57,1,1,0,691505.63,0
768,East India,Male,38,4,0.0,2,1,0,310708.67,0
555,North India,Female,31,9,0.0,1,0,0,673417.49,1
578,West India,Male,34,7,222917.03,3,1,0,275873.05,1
705,West India,Male,45,10,0.0,1,0,0,286695.66,0
721,North India,Male,31,1,46274.02,2,1,0,2013024.65,0
772,West India,Male,18,9,461211.43,1,1,0,233256.66,0
692,East India,Female,55,8,138971.87,4,1,1,530536.02,0
681,South India,Female,51,9,1822707.54,2,1,0,669136.01,0
744,South India,Male,21,3,419210.11,2,1,0,807514.21,0
526,West India,Male,43,10,278118.5,2,1,0,257639.32,0
570,South India,Male,30,6,693169.96,2,1,1,266102.51,0
534,West India,Male,38,0,0.0,3,1,0,740450.32,1
408,South India,Male,39,1,135727.7,3,1,1,771636.5,0
725,North India,Female,33,0,295153.39,1,1,1,569564.89,0
778,North India,Male,27,7,989879.13,2,0,1,954728.06,1
700,North India,Male,28,0,544312.76,2,1,0,797623.44,0
684,North India,Male,25,8,0.0,1,1,1,976114.8,0
657,North India,Male,26,6,593076.95,2,0,1,624222.55,0
654,South India,Female,35,4,0.0,2,0,1,729222.05,0
802,North India,Male,28,0,703865.73,2,0,0,818955.14,0
789,West India,Male,43,3,0.0,2,1,1,482411.43,0
597,West India,Male,52,2,2340098.34,1,1,0,851354.28,0
749,South India,Female,29,6,757050.99,2,1,1,671575.13,0
760,South India,Male,38,0,0.0,1,0,1,559029.81,0
708,North India,Female,41,9,266929.69,2,0,0,411620.57,0
684,South India,Male,41,3,381618.61,2,1,1,628719.97,0
681,South India,Female,36,10,329296.95,1,1,1,531732.61,0
516,West India,Female,44,4,102030.67,1,1,1,461154.89,1
508,North India,Male,41,2,254390.19,1,0,0,413562.27,0
720,West India,Female,22,4,0.0,2,1,1,818588.85,0
550,West India,Female,45,3,95152.08,2,0,1,488388.54,1
524,South India,Male,45,4,1944539.78,1,1,1,647776.24,0
463,North India,Male,27,8,0.0,1,1,0,379195.99,0
607,South India,Female,36,7,86626.02,2,0,1,547741.66,0
683,South India,Female,43,7,124855.15,3,0,0,1875024.49,0
690,South India,Female,33,1,98208.05,2,0,1,809581.59,0
726,South India,Female,47,2,0.0,2,0,1,741560.87,0
614,North India,Female,62,10,414706.76,2,1,0,542830.37,0
659,North India,Female,27,3,864999.01,3,1,0,787601.56,0
726,North India,Male,20,9,104756.91,1,1,0,602393.86,0
691,North India,Male,39,0,1026810.07,2,1,0,687253.2,0
597,North India,Female,43,8,0.0,1,1,1,312171.73,0
676,North India,Male,33,1,324110.08,2,1,1,475760.59,0
471,North India,Male,51,1,716523.39,4,1,1,462453.64,0
650,West India,Female,21,7,438254.44,1,1,1,409389.53,0
594,West India,Male,43,9,228911.27,1,1,1,551701.99,0
786,North India,Male,29,8,830267.54,3,1,0,1175053.42,0
562,North India,Male,54,0,270266.7,1,0,1,272663.64,0
660,West India,Female,57,1,0.0,1,0,0,699875.27,0
611,South India,Female,27,9,176365.67,2,1,0,730126.57,0
599,North India,Male,29,4,1242875.84,2,1,0,816924.52,1
683,West India,Male,45,8,0.0,1,1,1,435272.65,0
612,North India,Male,31,9,112008.75,1,0,1,808384.16,0
816,South India,Male,35,4,0.0,2,1,0,887503.34,0
472,East India,Male,36,6,2247018.94,1,0,1,555490.66,1
706,North India,Male,18,5,633797.78,1,1,1,798376.31,0
642,East India,Male,35,5,454281.6,1,1,0,1054851.45,0
645,North India,Male,28,1,163769.82,2,1,0,1206750.99,0
677,South India,Male,30,9,665258.6,2,1,0,702762.84,0
739,South India,Female,51,7,330193.19,1,0,1,389091.62,0
673,West India,Female,22,5,254039.18,1,1,1,427715.27,0
740,North India,Female,44,3,1472358.72,2,1,1,1238345.67,0
654,South India,Female,32,6,0.0,2,0,0,850646.99,0
556,West India,Male,32,8,92524.02,3,1,0,566708.67,0
641,South India,Female,44,6,0.0,2,0,0,437958.97,0
753,North India,Male,39,5,291494.51,2,1,0,688904.46,0
613,North India,Female,42,1,0.0,1,1,1,328883.94,1
552,West India,Female,46,2,0.0,2,1,0,658746.3,0
705,West India,Female,32,6,919570.06,2,1,0,1121198.09,1
680,South India,Female,29,10,733688.22,1,1,1,1041595.56,0
580,South India,Female,24,0,238252.01,1,1,1,712354.77,1
629,North India,Female,26,0,538120.26,2,0,1,665502.79,0
633,South India,Male,68,2,65032.21,2,1,0,733564.89,0
650,North India,Female,49,10,0.0,1,1,1,310408.14,0
708,West India,Male,21,4,112058.97,2,0,0,473368.98,0
613,East India,Female,21,2,528537.3,2,1,1,1022222.56,0
712,West India,Male,41,8,0.0,2,1,1,579181.85,0
601,North India,Male,42,6,465976.75,2,1,1,1157568.35,0
799,South India,Female,42,1,0.0,1,0,0,415934.32,0
801,North India,Male,33,9,69962.97,1,0,1,772973.85,0
572,North India,Female,34,9,1759717.86,1,1,1,1341782.8,0
539,North India,Male,39,2,107466.98,1,1,1,638160.63,0
738,North India,Female,36,2,59413.96,1,1,0,734481.46,0
673,West India,Female,18,8,0.0,1,1,1,765786.44,0
699,South India,Female,33,6,483819.07,2,0,0,608103.05,0
591,East India,Male,26,10,1513669.96,1,1,1,879893.03,0
638,North India,Male,37,10,1669771.88,2,0,1,474973.07,0
618,South India,Female,68,2,70514.81,2,1,1,355203.98,0
677,North India,Male,40,10,432416.4,1,1,1,1003763.45,0
537,North India,Male,32,0,638242.31,1,1,1,1005729.53,0
641,East India,Female,46,10,623685.17,2,1,1,1143944.59,0
536,South India,Male,41,3,394546.38,1,1,0,921117.17,0
603,East India,Male,40,4,0.0,1,1,0,570365.6,0
641,South India,Male,42,8,0.0,1,1,0,339167.3,1
695,North India,Male,58,3,0.0,2,1,0,374868.31,0
703,North India,Female,23,9,0.0,1,0,1,698399.58,0
718,West India,Male,41,1,0.0,1,1,0,392957.75,0
516,North India,Female,25,0,0.0,2,1,1,2219147.4,1
763,East India,Male,42,4,428085.15,2,1,1,988152.42,0
591,South India,Male,25,2,1588327.37,1,0,0,474159.32,0
598,North India,Male,31,8,0.0,1,0,0,1074616.53,0
674,South India,Male,32,2,0.0,2,0,0,483190.14,0
619,North India,Female,46,2,0.0,1,1,0,537756.34,0
682,North India,Female,46,1,192400.82,2,0,1,374032.58,0
699,West India,Male,22,2,0.0,1,1,0,427410.47,0
581,South India,Female,36,8,36909.16,1,0,0,693139.33,0
633,South India,Male,28,6,0.0,3,1,1,480471.45,0
636,North India,Male,22,1,626071.75,3,1,0,335301.85,1
736,North India,Male,33,2,4303579.74,1,1,1,385918.05,0
608,South India,Female,32,7,293188.83,1,1,1,663732.22,0
604,South India,Male,62,9,0.0,1,1,0,632589.43,0
558,West India,Female,40,7,330917.14,1,1,0,489960.48,0
568,South India,Male,20,9,937900.47,2,1,1,258705.17,0
528,West India,Male,29,0,0.0,2,0,0,572011.85,0
586,North India,Male,47,0,48929.89,1,0,1,1176131.52,0
793,North India,Female,58,7,0.0,1,1,0,1279628.95,0
712,North India,Female,18,7,0.0,1,0,0,471864.05,0
764,West India,Male,18,10,1682075.72,1,1,1,627378.45,0
564,West India,Female,56,1,553984.08,2,1,0,248081.07,0
474,North India,Male,40,7,1031374.46,2,1,0,495802.26,0
678,North India,Female,26,0,340296.25,2,1,0,620542.68,0
816,West India,Female,41,4,0.0,2,1,1,239548.78,0
606,West India,Female,18,9,452452.16,2,0,0,1205288.56,0
659,West India,Female,36,4,279957.36,2,1,1,511006.1,1
508,North India,Male,39,7,898774.59,2,0,0,925227.34,0
652,South India,Female,46,7,253445.63,1,1,1,1292058.45,0
638,West India,Male,24,9,876700.49,1,1,1,2457081.36,0
461,North India,Male,36,3,916895.23,2,0,1,715592.29,0
556,South India,Male,25,1,1288069.38,1,1,1,473531.48,1
549,North India,Male,38,5,0.0,1,1,0,716784.38,0
507,North India,Male,26,10,4142835.36,1,1,0,395126.25,1
584,East India,Male,31,3,0.0,2,0,1,495793.89,0
695,East India,Male,25,1,2535430.37,2,0,1,240215.23,1
593,South India,Male,43,8,1502910.79,1,1,1,1194659.67,0
753,North India,Female,45,8,0.0,2,1,0,504969.57,0
617,West India,Male,33,6,1330730.76,1,1,0,718342.17,0
679,North India,Female,36,1,308889.81,2,1,0,346605.25,0
694,North India,Male,20,2,0.0,3,1,1,1132934.2,0
788,South India,Male,32,8,282493.5,2,1,0,884524.2,0
585,South India,Male,35,7,766177.4,2,1,1,468340.1,0
689,North India,Male,64,10,1118545.41,1,1,1,552652.37,0
564,South India,Female,23,9,2064501.51,2,1,1,980970.04,1
804,North India,Female,52,1,0.0,2,1,1,428990.71,0
556,West India,Male,46,4,110238.6,1,1,1,363564.7,0
684,East India,Male,39,1,344235.86,1,0,0,812337.35,0
790,West India,Female,55,10,632667.88,1,0,0,609384.74,1
542,South India,Male,40,0,148915.0,2,0,1,782735.86,0
703,North India,Male,40,8,3156924.33,2,1,1,894015.34,0
560,West India,Female,35,6,774606.08,1,1,0,787953.82,0
859,East India,Male,49,3,364683.57,2,1,1,398331.45,0
479,North India,Female,48,2,0.0,2,0,0,388660.37,1
513,South India,Female,29,2,482091.14,1,1,0,1179464.49,0
549,North India,Male,21,6,117039.93,2,1,0,434481.29,1
551,South India,Male,33,9,0.0,2,1,1,1669917.19,0
696,South India,Male,27,8,0.0,2,1,1,562951.0,0
811,East India,Male,35,6,0.0,1,1,0,1688740.46,0
753,North India,Female,49,1,1257645.81,1,1,1,1250892.38,0
671,South India,Female,30,5,76970.52,1,0,1,855118.3,0
650,East India,Male,35,7,0.0,1,0,1,764003.85,0
595,South India,Male,36,6,509086.53,1,1,1,1280658.31,0
685,West India,Male,45,1,0.0,2,1,0,1331369.89,0
631,North India,Male,18,6,2920231.73,2,1,1,1516681.77,0
667,East India,Female,29,8,2280283.69,1,1,0,645445.37,0
583,North India,Female,38,10,458422.64,2,1,0,827381.65,0
541,East India,Female,49,2,77462.6,1,0,1,200705.17,0
652,North India,Male,30,10,371024.9,2,1,0,730104.15,0
650,South India,Female,18,2,619867.52,2,1,1,605354.11,0
596,North India,Male,42,4,1104911.54,2,0,0,479421.38,0
581,South India,Female,29,8,2890265.41,2,1,0,1149438.72,1
700,North India,Male,22,10,204152.6,1,0,1,409360.72,1
690,East India,Female,29,0,0.0,1,1,0,582201.33,0
818,North India,Female,33,6,866321.99,2,1,1,785012.67,0
774,West India,Female,29,6,140767.65,2,1,1,541880.11,0
542,North India,Female,18,3,723777.09,2,1,1,664098.03,0
632,West India,Female,45,5,550498.14,1,0,1,572589.17,0
527,South India,Female,50,0,0.0,2,1,1,140542.83,0
484,East India,Female,43,9,0.0,1,1,1,797040.73,0
847,South India,Female,23,10,463140.03,1,0,1,163642.53,0
783,North India,Female,33,3,914128.68,1,1,0,769269.77,0
593,North India,Male,35,10,0.0,1,1,1,1058342.78,0
761,West India,Male,42,2,129946.63,2,1,0,843709.12,0
775,West India,Female,43,4,286199.16,2,1,0,936139.39,0
477,West India,Male,27,7,601545.32,2,1,0,1764961.11,0
726,North India,Female,36,4,6184480.08,3,1,0,1497679.87,1
605,South India,Male,41,0,139762.66,1,1,1,440530.87,0
684,East India,Male,52,1,453440.94,2,1,1,638205.12,0
900,North India,Female,43,1,0.0,2,1,1,628569.3,0
792,North India,Female,44,8,0.0,1,1,1,692349.64,0
638,West India,Male,36,9,0.0,1,1,0,849663.92,0
777,North India,Female,51,6,650977.8,1,1,0,401187.39,0
477,West India,Female,40,3,4777816.34,1,0,0,626200.18,1
695,South India,Male,26,8,144706.06,1,1,1,920983.63,0
697,East India,Male,51,8,564363.84,1,1,0,504029.51,0
713,West India,Male,43,6,0.0,2,1,0,199378.7,0
604,West India,Male,31,10,518704.03,2,0,1,1102344.1,0
684,North India,Male,30,8,563085.29,1,1,0,650369.25,0
727,North India,Male,39,8,951539.58,2,1,1,1220909.67,0
440,West India,Male,41,6,525693.34,2,0,0,580153.27,0
621,South India,Female,38,4,0.0,1,0,1,1429729.33,0
568,West India,Male,39,8,346503.66,2,1,1,597074.21,1
709,South India,Female,54,2,0.0,2,0,1,387705.57,0
774,North India,Male,47,3,255154.67,2,1,0,676828.7,0
594,North India,Female,38,5,395373.58,2,1,0,695581.87,0
552,North India,Female,46,6,471383.5,1,1,1,809679.67,0
660,West India,Male,24,9,231945.35,1,1,0,922353.33,0
546,West India,Female,40,7,100546.17,2,0,0,175038.96,0
629,North India,Female,55,3,0.0,1,1,0,425925.45,0
620,South India,Female,33,8,385957.02,1,1,0,1073504.89,0
702,West India,Female,26,2,1412265.24,2,1,0,1057410.16,1
678,West India,Male,28,2,0.0,3,1,0,390426.27,0
664,South India,Male,24,4,1324183.74,1,0,0,358640.48,0
797,North India,Male,27,1,0.0,1,1,0,196137.95,0
674,West India,Male,31,0,0.0,2,1,0,664946.17,0
612,South India,Male,20,8,317933.83,1,1,1,746269.54,0
623,West India,Female,36,7,520390.89,1,1,1,361622.01,0
581,West India,Male,45,2,399685.91,4,0,1,638647.33,0
558,West India,Female,26,10,473532.32,2,1,0,554877.97,1
524,East India,Female,52,4,113881.84,1,1,0,246762.66,0
752,West India,Male,41,7,0.0,1,1,1,1117279.58,0
585,North India,Male,47,1,439758.3,2,0,1,675909.7,1
678,North India,Male,28,6,1562593.26,2,1,1,918704.63,0
623,North India,Female,45,8,0.0,1,0,1,820178.94,0
647,North India,Female,23,3,46626.68,1,0,0,924857.76,1
753,North India,Male,45,1,0.0,1,1,0,401177.55,0
665,South India,Female,37,8,195562.94,2,0,1,1478886.1,0
566,North India,Female,42,9,718105.02,1,1,1,708274.65,0
599,South India,Male,23,0,875400.24,3,1,0,802982.41,1
727,West India,Female,26,5,2347635.35,1,0,1,974116.67,0
693,West India,Female,42,7,0.0,1,0,0,1069063.38,0
733,East India,Male,25,1,0.0,1,0,1,255891.68,0
628,North India,Female,41,9,37991.54,1,1,1,486344.36,0
524,South India,Male,20,6,0.0,1,1,0,800042.99,0
695,North India,Male,45,6,1006862.13,2,1,0,1764523.41,0
672,South India,Male,22,2,426959.15,1,0,0,1000736.72,0
675,South India,Female,42,9,1953304.72,1,0,0,264707.6,1
525,North India,Female,42,3,0.0,2,1,1,837317.94,0
592,North India,Male,28,7,0.0,1,1,1,120996.47,0
565,West India,Male,42,5,269721.87,1,1,1,831423.68,0
685,West India,Male,38,10,0.0,1,1,1,346782.18,0
689,South India,Female,30,1,565192.8,3,1,1,1088281.25,0
646,North India,Male,24,5,590831.21,2,1,0,338143.63,0
737,South India,Female,18,6,59723.38,1,1,1,436067.5,1
784,North India,Female,39,7,0.0,1,1,0,885964.71,0
681,East India,Female,18,7,746174.09,2,1,0,284081.05,0
710,West India,Male,37,7,511743.63,1,1,1,1147781.96,0
601,North India,Male,33,7,0.0,1,1,1,628362.64,0
584,North India,Male,43,5,0.0,1,0,1,647179.16,1
740,South India,Female,32,0,245232.86,2,0,0,353000.22,0
571,North India,Female,32,3,316042.96,2,0,0,693808.43,0
712,East India,Male,44,1,686670.93,2,1,0,723485.89,0
804,West India,Male,39,9,41576.02,2,1,0,1287847.6,0
708,North India,Female,39,6,209603.69,2,1,0,354443.76,0
642,North India,Male,41,0,10194511.36,2,0,1,1266398.46,0
529,West India,Male,19,4,2962173.13,1,1,1,432085.39,0
664,South India,Female,44,9,1793516.97,1,0,0,490522.11,1
740,South India,Male,42,7,619118.12,1,1,0,423223.74,0
633,North India,Female,24,3,118640.41,1,0,0,456747.93,0
741,North India,Female,33,6,342054.73,1,1,0,817294.84,0
682,West India,Female,35,4,0.0,2,0,0,475898.6,0
676,South India,Male,34,0,274036.56,1,1,1,319719.51,0
621,North India,Male,39,10,0.0,1,1,1,448164.42,0
518,North India,Male,51,10,421088.1,4,0,0,698890.9,0
611,South India,Male,47,1,166778.71,2,0,1,1157647.0,0
611,West India,Female,21,4,204731.49,1,0,0,414696.12,0
701,North India,Female,42,6,291436.58,1,0,0,834813.81,0
648,West India,Male,50,6,0.0,2,1,1,1625149.44,0
747,North India,Female,40,8,714163.51,2,1,0,705301.85,0
675,North India,Female,48,2,174011.18,1,1,1,416828.31,0
604,West India,Male,58,3,0.0,2,0,1,469603.58,0
576,West India,Male,47,2,281126.88,1,1,0,646298.27,0
595,North India,Male,38,7,922403.83,2,0,0,534041.91,0
664,North India,Female,47,8,518938.17,2,0,1,1005796.93,0
616,North India,Male,37,7,34526.07,1,0,1,654193.89,0
553,West India,Female,36,1,128992.0,2,1,0,391088.99,0
740,North India,Male,32,9,0.0,1,0,1,444881.27,0
663,North India,Female,53,0,164706.67,2,1,0,722786.02,0
674,North India,Male,26,4,64349.8,2,0,0,265779.72,0
575,South India,Female,52,1,308540.51,1,1,0,416032.74,1
556,West India,Female,41,2,194554.98,1,1,1,646504.38,0
635,North India,Male,20,8,0.0,1,0,1,794258.19,0
467,South India,Female,40,2,0.0,2,0,1,432708.82,0
720,North India,Female,18,0,474700.77,2,1,1,1065030.35,0
586,South India,Female,42,8,362839.32,2,1,0,466203.75,0
625,North India,Male,45,1,0.0,1,1,1,950923.94,0
688,North India,Male,29,9,302603.88,1,1,0,374601.16,0
629,South India,Female,37,5,865990.75,1,0,0,407778.93,0
544,West India,Female,57,10,545050.62,2,1,0,736049.97,0
785,West India,Male,30,10,0.0,1,1,0,232361.3,0
512,South India,Female,24,6,1301194.38,2,1,0,337839.34,0
448,North India,Male,52,8,158007.14,2,1,0,385624.64,0
728,North India,Female,57,7,0.0,1,0,0,750979.23,0
518,South India,Male,36,5,400989.07,1,0,0,583547.98,0
762,West India,Male,47,3,0.0,2,0,0,433097.39,0
683,East India,Male,50,3,0.0,1,1,1,220154.09,0
675,South India,Male,27,3,193877.65,2,1,0,376297.58,0
598,South India,Male,30,10,0.0,2,1,0,1904531.51,0
575,West India,Male,49,9,98495.26,2,0,1,1116072.28,0
616,North India,Male,54,1,414742.09,1,1,1,431402.35,0
571,South India,Male,42,6,0.0,1,1,0,402602.36,0
758,North India,Female,26,0,420652.66,4,0,0,241984.12,0
583,North India,Male,57,4,4694277.36,1,1,0,1814227.56,0
695,North India,Male,30,10,255848.18,1,0,1,485589.54,0
740,South India,Female,32,3,124108.65,1,1,0,756435.17,0
570,South India,Female,39,1,154801.49,2,1,0,650397.27,0
683,West India,Female,53,8,719920.35,1,0,1,562082.88,0
569,West India,Male,45,0,2804835.35,1,1,0,933199.75,0
634,East India,Female,40,3,802630.7,1,1,1,448389.0,1
608,North India,Female,41,5,129409.49,2,0,1,431579.08,0
587,South India,Male,36,3,227120.13,3,1,1,477510.44,0
664,South India,Female,42,9,1694445.87,1,1,1,628271.61,0
540,West India,Male,18,9,217263.08,2,1,0,722626.23,0
733,North India,Male,32,3,206187.81,1,1,0,214092.82,0
552,North India,Male,38,1,3515643.51,1,1,1,506082.86,0
535,North India,Female,23,10,140918.53,1,0,1,543072.23,0
627,East India,Male,40,9,843553.61,1,1,1,381466.09,0
616,West India,Male,33,8,0.0,2,1,1,451069.53,0
682,South India,Male,55,8,931622.61,1,1,0,659242.22,0
657,West India,Male,53,0,2050159.32,1,1,1,220349.85,0
503,North India,Male,30,0,1035570.0,2,1,0,844233.91,0
738,North India,Male,34,7,0.0,1,1,1,825786.25,0
625,West India,Male,35,8,0.0,2,0,1,901748.49,0
671,North India,Female,31,10,1691679.01,2,1,0,369104.88,0
848,North India,Male,38,2,500601.89,1,1,1,211344.01,0
765,West India,Male,27,2,689182.25,2,1,0,1298565.69,0
668,South India,Male,23,1,241372.3,2,0,1,422472.96,1
526,East India,Male,42,8,0.0,1,0,0,512643.14,0
527,North India,Male,42,1,132594.79,2,0,0,184130.01,0
754,South India,Male,27,6,863092.53,3,1,1,1419990.15,0
613,North India,Female,45,1,0.0,2,1,1,717847.91,0
634,West India,Male,29,9,563340.39,1,0,0,287924.26,1
546,North India,Male,38,9,682653.23,1,0,0,1013893.05,1
690,South India,Male,45,5,0.0,1,1,1,542841.8,0
752,North India,Female,35,2,547765.46,2,1,0,828164.24,0
787,West India,Female,41,0,127481.02,1,0,1,990554.36,0
609,North India,Male,30,5,0.0,1,0,0,949378.1,1
708,North India,Male,33,1,0.0,2,0,1,963324.11,0
641,South India,Female,33,6,44723.3,3,0,0,1351874.62,0
729,South India,Male,27,8,85346.78,1,1,0,258556.09,0
649,North India,Male,34,0,89542.32,1,1,0,1779540.22,0
575,North India,Male,18,3,359204.02,2,1,1,752106.71,0
768,West India,Female,30,4,335787.07,1,1,0,1036125.4,0
658,North India,Female,32,8,155661.11,1,1,1,1038247.98,0
618,North India,Female,33,2,902641.01,1,1,0,513767.94,0
666,North India,Female,33,5,465376.19,2,1,1,692013.73,0
583,East India,Male,35,4,0.0,1,0,0,1510025.59,0
687,North India,Male,41,4,736831.25,1,0,1,329874.94,0
632,West India,Male,45,1,1675575.62,1,1,1,231250.63,0
578,West India,Female,28,9,71022.06,1,1,1,451071.08,0
863,South India,Female,22,4,0.0,1,1,0,450948.84,1
559,North India,Male,24,2,872145.87,1,1,0,382045.42,0
681,West India,Male,30,1,61184.36,2,0,1,609054.7,0
655,West India,Male,32,10,0.0,3,1,1,566008.02,0
557,West India,Female,27,5,80897.26,4,0,1,1092905.2,1
619,West India,Male,21,0,739438.69,1,0,1,668682.24,0
529,North India,Male,30,5,1381127.38,2,0,0,388423.62,1
835,West India,Male,37,7,310458.17,3,1,1,632812.17,1
625,North India,Male,42,2,307229.48,2,0,1,1065519.81,0
633,South India,Female,29,9,1959439.08,1,1,1,2115952.42,0
825,South India,Female,31,6,0.0,2,0,0,660606.38,0
575,North India,Female,25,2,285469.62,1,1,0,1144622.43,0
766,North India,Female,35,5,0.0,2,0,1,467576.85,0
703,North India,Male,26,6,1107943.71,2,1,1,956885.76,0
471,South India,Female,42,10,754854.54,1,0,1,500259.36,0
616,West India,Male,18,2,411158.49,1,0,1,645837.51,1
689,South India,Female,32,10,1405575.6,1,0,1,1717470.27,1
653,West India,Male,39,4,491324.55,2,1,0,596827.96,0
653,North India,Female,38,2,362159.76,1,0,1,1348924.7,0
595,North India,Male,65,3,0.0,1,0,1,402610.27,0
585,North India,Male,39,4,994972.52,1,0,1,521544.18,0
622,North India,Female,24,6,751100.92,1,1,0,198682.45,0
826,South India,Female,34,3,0.0,2,1,0,2730322.47,0
568,West India,Male,18,3,532132.72,2,1,1,1357326.14,0
606,South India,Male,35,1,218704.0,1,0,1,376388.96,0
652,South India,Female,26,4,377371.32,1,0,1,1441084.7,0
518,North India,Female,46,2,0.0,1,1,1,335346.31,0
688,North India,Male,29,3,347901.78,1,1,0,1290448.32,0
534,North India,Female,34,10,0.0,2,0,0,478927.91,0
552,West India,Male,29,7,760558.1,2,1,1,714847.31,0
547,South India,Male,55,3,0.0,2,0,0,546246.05,0
502,North India,Female,32,5,531617.44,2,1,1,471176.66,0
764,South India,Male,56,2,437899.37,2,0,0,757488.32,0
696,South India,Male,44,0,526015.11,2,1,1,557322.7,0
733,North India,Male,41,3,568637.33,2,0,0,598004.99,0
724,South India,Male,40,5,0.0,1,0,0,896986.97,0
634,West India,Male,40,8,1596556.19,2,0,1,1654706.47,0
647,North India,Male,18,4,1548928.18,2,1,0,530830.75,0
741,West India,Male,32,6,318144.49,2,1,0,845377.65,0
797,North India,Male,45,10,0.0,2,0,0,479257.0,1
536,West India,Male,35,10,66067.51,1,1,1,1650560.54,0
876,East India,Male,20,0,0.0,1,1,0,983578.34,0
531,South India,Female,35,7,0.0,1,1,1,517319.81,0
608,North India,Male,54,3,2331042.26,2,1,1,145637.68,1
656,South India,Male,49,7,1357909.45,2,1,0,1626273.25,0
664,North India,Female,35,8,86906.45,2,1,0,576759.96,0
826,North India,Female,46,2,564299.66,1,1,0,354718.39,0
741,West India,Female,31,3,0.0,2,0,0,260171.93,0
687,North India,Male,18,5,700436.15,1,1,0,815464.41,0
743,North India,Female,25,2,1420618.24,1,1,1,737890.89,0
681,West India,Male,53,8,66963.24,1,1,0,516994.78,0
589,West India,Male,32,2,0.0,1,1,1,385269.98,0
693,North India,Male,33,6,5101905.27,1,1,1,318284.59,0
656,West India,Male,32,6,315735.3,2,0,0,336868.78,0
574,East India,Male,56,10,0.0,2,1,0,811141.87,0
763,North India,Female,53,4,0.0,2,0,0,492774.96,0
645,South India,Female,60,5,305008.89,1,1,1,1344851.89,0
549,West India,Male,34,0,0.0,2,1,0,388697.25,1
563,West India,Male,39,2,0.0,1,0,1,525814.07,1
698,North India,Male,19,2,255527.34,2,0,1,725932.61,0
744,North India,Male,52,1,0.0,3,0,1,390637.3,0
693,West India,Female,23,0,80258.32,1,1,1,514906.46,0
693,East India,Female,38,8,2485179.47,1,0,0,2531794.61,0
577,West India,Female,23,3,372138.4,2,1,1,884100.7,0
658,East India,Female,29,7,0.0,1,0,0,918983.4,0
620,South India,Male,26,6,0.0,2,0,0,807763.43,0
632,East India,Male,29,5,734270.35,1,1,0,1321120.79,0
639,West India,Male,30,0,1812587.04,1,1,0,1056239.82,0
590,East India,Male,29,2,3403039.17,2,1,1,956041.53,0
717,North India,Female,45,4,0.0,1,0,1,581151.54,0
559,West India,Male,23,0,769961.01,1,1,1,262691.46,0
533,North India,Male,38,0,728685.17,1,1,1,225778.97,0
579,North India,Female,49,9,193268.22,2,1,1,230762.23,0
729,South India,Female,30,8,81859.65,1,1,1,805696.58,0
680,North India,Male,28,0,279584.82,2,1,0,1584639.9,0
489,North India,Female,33,3,887709.08,2,0,0,555754.15,0
703,East India,Male,48,7,942527.7,1,0,0,1104068.34,0
645,West India,Male,38,8,28878.56,2,0,0,287688.51,1
612,East India,Male,30,5,109898.62,1,1,1,500836.56,0
628,East India,Male,41,7,346436.41,1,1,1,307487.02,0
529,South India,Female,23,5,0.0,2,0,0,427643.04,0
665,North India,Male,43,7,172688.88,2,1,0,174668.93,1
535,North India,Female,40,6,1199856.9,2,0,0,595001.39,1
618,South India,Female,32,8,396676.13,2,0,1,634774.04,0
618,South India,Male,26,10,1173588.23,1,1,1,706913.63,0
719,South India,Female,26,8,67384.91,1,1,1,498280.13,0
653,South India,Male,41,1,0.0,1,1,1,913847.94,0
713,North India,Male,49,4,228123.51,2,1,0,557797.71,0
542,South India,Female,28,1,545221.88,2,1,1,1166722.51,0
640,North India,Female,41,5,30371.26,2,1,0,1120823.03,0
697,West India,Male,18,3,3787328.28,1,1,0,360766.93,1
761,North India,Female,29,7,300843.65,2,0,1,799005.48,0
547,South India,Male,35,9,714868.2,2,0,1,1213661.48,0
574,North India,Female,25,3,1339914.2,2,1,0,926588.65,0
695,West India,Male,25,5,1871622.88,2,0,0,431573.72,0
795,North India,Male,28,0,280879.75,2,1,0,383630.53,1
675,North India,Male,39,3,1535335.74,2,1,1,503357.71,0
550,South India,Male,33,3,0.0,2,1,0,784806.08,1
551,East India,Female,18,5,363761.2,1,1,1,918114.62,0
662,East India,Female,18,7,608045.58,1,0,1,603847.09,0
682,North India,Male,29,3,169289.75,2,1,1,663254.15,1
630,West India,Male,41,3,314294.32,1,1,0,800753.11,0
552,North India,Male,18,2,701748.95,2,0,1,248633.14,1
749,North India,Male,30,10,2140825.16,1,0,0,626426.28,0
618,South India,Female,30,10,397000.34,2,0,0,230074.04,0
697,North India,Female,51,7,0.0,1,1,1,1156411.35,0
490,West India,Female,31,5,472998.41,1,1,0,1594631.43,0
758,East India,Male,40,3,0.0,1,0,1,896368.7,0
588,North India,Male,37,4,0.0,1,1,0,946280.08,0
771,North India,Male,18,1,282212.72,4,1,1,195976.81,0
705,South India,Female,44,8,171281.99,2,0,1,440615.31,0
521,South India,Female,38,7,71216.7,2,0,1,541993.02,0
672,East India,Male,41,1,505251.53,2,1,0,1241185.47,0
799,West India,Male,75,7,3973424.85,1,1,0,651801.73,0
596,South India,Female,18,5,500417.04,2,0,1,735685.29,0
799,North India,Female,54,0,0.0,3,0,1,282184.74,0
684,West India,Female,32,9,1072770.3,1,1,0,374403.93,0
770,North India,Male,39,3,0.0,2,1,1,1402850.36,0
664,East India,Female,35,4,941377.63,1,1,0,472107.32,1
638,North India,Male,31,1,153445.99,2,1,1,564307.99,0
815,South India,Female,29,9,864545.64,1,1,0,521775.38,0
714,North India,Female,39,4,1042755.69,2,1,0,669073.02,0
628,South India,Female,19,0,0.0,2,1,1,403942.44,0
688,South India,Female,44,1,560065.27,1,1,0,772296.08,0
599,West India,Male,31,0,453908.45,2,1,1,1117844.9,1
659,West India,Male,23,10,2632057.4,2,1,0,506296.78,0
757,South India,Male,31,1,408128.63,4,1,1,975168.9,0
635,North India,Male,49,10,0.0,1,0,1,182565.66,0
571,West India,Male,30,10,0.0,1,1,0,1471970.01,0
562,West India,Male,39,1,1660179.15,2,0,1,966460.02,0
656,North India,Female,27,6,2136289.03,2,1,0,382524.53,0
577,West India,Male,44,6,0.0,3,1,0,388228.93,0
521,East India,Female,43,6,0.0,2,0,0,970127.2,0
542,South India,Female,56,1,0.0,2,1,1,343594.98,0
755,North India,Male,34,2,0.0,1,0,1,464984.15,0
637,South India,Male,43,1,0.0,3,1,1,1060329.63,0
655,North India,Male,37,4,0.0,1,0,1,365327.32,0
563,West India,Female,50,2,953343.96,2,1,1,481419.58,1
597,South India,Female,28,9,65207.89,2,1,0,820398.53,0
594,East India,Male,44,5,41527.56,1,1,0,1095527.86,0
625,South India,Female,33,5,99435.43,2,0,0,905828.93,0
500,North India,Male,35,10,184650.79,2,1,0,341837.22,0
748,West India,Female,37,4,0.0,1,1,1,936390.48,0
648,North India,Male,38,1,700067.03,1,0,0,493632.72,1
668,North India,Female,34,7,151166.52,3,1,0,830925.29,0
732,South India,Female,38,5,761733.82,2,1,1,513210.47,0
725,North India,Female,53,1,186229.68,3,1,0,898713.4,1
598,East India,Male,46,0,1251051.79,1,0,1,573959.7,0
704,South India,Male,45,5,0.0,1,1,0,816071.22,0
703,West India,Female,30,1,1297281.38,1,1,0,456060.94,0
678,North India,Male,26,3,0.0,1,1,0,484124.0,0
745,West India,Male,46,3,0.0,1,0,1,170086.56,0
721,South India,Female,45,8,145605.42,1,0,1,3542128.56,0
715,South India,Male,52,10,249219.61,1,0,1,823003.29,0
772,East India,Male,29,9,1097747.62,1,0,1,616062.37,0
652,South India,Female,33,9,475073.83,1,1,0,601294.23,0
655,West India,Male,18,6,2337898.42,2,1,0,870839.92,1
723,North India,Male,31,8,50338.82,1,1,1,541007.69,0
633,North India,Female,46,5,530206.04,2,1,0,872300.08,0
693,West India,Female,30,0,146143.29,2,1,0,1031953.33,1
599,West India,Male,43,10,0.0,1,1,0,858629.57,0
444,South India,Female,33,9,0.0,2,1,1,734162.65,0
703,East India,Female,39,7,402244.06,1,0,1,512831.2,0
510,South India,Male,23,3,190790.25,2,0,0,730986.52,0
587,South India,Male,36,9,587605.67,2,1,0,3121217.51,0
723,South India,Male,18,7,1928042.03,2,0,0,928381.55,0
724,South India,Female,33,2,0.0,1,1,1,835129.39,0
755,North India,Female,18,10,3258739.45,1,1,1,899547.05,0
468,South India,Male,49,5,1052679.01,3,1,1,350305.48,0
676,East India,Female,44,3,389971.09,2,1,0,562056.9,1
626,North India,Female,41,9,0.0,4,1,0,336767.89,0
738,North India,Male,52,3,0.0,2,1,0,356805.54,0
782,North India,Female,25,1,272726.76,2,0,0,902161.04,0
532,North India,Male,55,10,1024395.34,3,1,0,1257587.87,1
651,South India,Female,46,3,303580.11,1,0,1,270823.66,0
724,North India,Male,33,0,228730.13,1,1,1,518808.84,0
619,South India,Female,48,0,447539.18,2,1,1,2519164.59,0
807,South India,Female,23,4,2377010.61,1,1,1,1150639.06,0
613,West India,Male,26,0,146937.95,2,1,0,1564865.99,0
622,East India,Female,29,2,125291.51,2,0,0,901759.38,0
553,South India,Female,30,2,252720.06,1,0,1,364279.3,0
663,North India,Female,24,9,0.0,1,0,1,329363.49,0
378,North India,Female,49,3,0.0,2,1,0,314571.8,0
627,West India,Male,33,0,0.0,2,1,0,550624.04,0
764,West India,Female,39,6,0.0,2,1,1,367173.49,0
524,North India,Female,29,3,684965.83,2,1,0,1276239.57,0
504,North India,Female,18,6,0.0,2,1,0,259046.31,0
750,West India,Female,38,4,209595.39,1,1,1,322993.77,0
762,South India,Male,18,0,0.0,2,1,0,395449.16,0
527,South India,Male,35,10,673180.21,2,1,1,589332.22,0
805,North India,Male,20,3,77250.52,2,1,0,755539.76,0
688,South India,Female,57,4,456797.0,2,1,1,868515.5,0
744,West India,Female,46,10,180346.42,1,0,1,887817.3,0
578,West India,Female,37,3,727601.37,2,1,0,812183.67,0
784,West India,Male,49,6,1298014.97,1,1,1,1191158.28,0
625,South India,Female,26,0,242995.87,1,0,1,670697.91,0
621,West India,Female,41,8,1026866.97,2,1,0,915370.97,0
693,South India,Female,38,5,1590275.5,1,0,0,504642.89,0
614,North India,Male,38,7,0.0,2,1,1,224612.77,0
513,West India,Female,49,7,0.0,2,1,0,288641.97,0
661,South India,Female,44,8,2245313.43,1,1,1,1758813.73,1
621,South India,Female,39,4,2259236.79,3,1,1,379122.04,0
580,East India,Female,18,7,470529.55,4,1,0,372188.13,1
761,East India,Female,25,7,505082.73,1,1,0,930838.62,0
865,South India,Male,34,5,643803.07,2,0,0,930127.23,0
567,North India,Male,37,9,325329.0,2,1,0,793271.25,0
667,South India,Female,23,10,394714.13,3,1,0,703721.14,0
614,East India,Male,62,7,0.0,2,0,1,696117.73,0
855,North India,Male,52,4,1646739.54,2,0,0,941823.28,0
694,East India,Male,42,10,0.0,1,1,1,824854.16,0
733,North India,Female,36,9,0.0,2,1,0,738933.63,0
756,South India,Female,33,7,1323263.4,2,1,1,470620.31,0
661,South India,Male,25,9,497386.18,1,1,0,595010.25,0
633,North India,Female,36,2,161392.6,2,1,1,557556.91,0
786,East India,Female,38,3,291085.79,1,1,0,830262.43,0
720,South India,Male,22,10,2086021.21,3,1,1,276891.7,0
573,North India,Male,39,2,1615414.58,1,1,1,681774.8,0
584,South India,Female,34,4,410951.82,2,0,0,1014891.75,0
614,West India,Female,18,4,160597.57,1,0,0,377863.09,0
754,North India,Male,26,4,0.0,2,1,0,167385.04,0
782,West India,Male,31,1,0.0,2,1,1,558295.5,0
843,North India,Male,56,8,0.0,1,0,1,1431627.52,0
586,North India,Male,42,6,231442.39,2,0,0,611298.76,0
662,North India,Male,21,7,785585.62,1,0,1,1132931.75,0
613,North India,Female,41,1,1861562.24,1,1,1,540272.2,0
633,North India,Female,18,9,721629.07,2,0,1,656996.71,0
733,East India,Female,47,9,607014.64,2,1,0,660181.67,0
645,North India,Male,30,6,134862.85,2,0,0,336455.69,0
768,North India,Female,34,2,0.0,1,0,0,332103.1,0
603,North India,Male,50,4,679345.99,2,1,0,614035.95,0
716,South India,Male,21,6,495929.78,1,1,0,279252.9,0
610,West India,Female,20,8,235132.18,3,1,0,488775.2,1
484,West India,Female,29,9,417388.1,2,0,0,296166.21,0
558,North India,Male,47,0,962444.75,4,0,0,337252.16,1
661,West India,Female,19,5,442216.16,1,1,0,872733.17,0
822,South India,Female,18,5,852261.59,2,1,0,410477.5,0
608,South India,Male,31,1,0.0,2,0,0,1342642.08,0
634,South India,Female,42,9,310002.57,2,0,0,316303.01,0
694,West India,Female,49,8,0.0,1,1,1,821820.48,0
596,North India,Female,30,4,277189.79,1,1,0,331122.23,1
606,North India,Male,31,8,232776.58,2,0,0,1156830.61,0
656,North India,Male,48,10,0.0,1,1,1,346650.25,0
610,South India,Male,18,3,685105.04,2,1,0,1079575.6,0
489,North India,Male,31,4,0.0,2,0,1,982308.09,0
591,South India,Female,38,4,0.0,1,1,0,617647.7,0
705,West India,Male,40,4,0.0,1,1,0,1151936.3,0
708,South India,Female,30,8,246598.77,2,1,0,2150995.75,0
770,South India,Male,36,0,0.0,2,0,0,425257.43,0
762,West India,Female,18,7,0.0,1,1,1,926915.09,0
568,West India,Male,28,6,412965.91,1,1,0,1197785.31,0
582,South India,Male,40,0,3396075.34,1,1,1,1046007.45,0
586,South India,Female,25,1,142944.01,2,1,0,830376.8,1
636,West India,Male,36,0,67431.71,1,0,1,380724.04,0
593,North India,Male,40,3,371121.16,2,1,0,293695.14,0
634,South India,Male,32,9,545431.46,1,0,1,968634.32,0
571,North India,Male,37,8,199455.63,2,1,0,534206.8,0
720,East India,Female,25,0,1509060.47,2,1,1,967297.66,0
564,North India,Female,33,2,213280.19,1,1,0,1563011.75,1
560,North India,Male,42,10,378296.31,4,0,0,1896779.32,0
696,South India,Female,37,6,526093.55,1,1,1,416444.06,0
715,West India,Female,29,3,0.0,2,1,1,652654.2,0
629,South India,Female,38,5,1121241.8,2,1,0,630245.66,0
728,West India,Female,43,6,706949.73,1,1,0,582422.66,0
721,West India,Female,18,5,631117.61,1,1,1,466951.54,0
820,South India,Male,48,7,0.0,1,1,0,715930.05,0
715,West India,Male,32,1,3446210.42,1,1,1,672770.81,1
803,North India,Male,40,0,85265.18,2,1,0,472367.15,0
655,East India,Female,49,6,0.0,3,0,0,417188.14,0
775,West India,Female,20,2,184843.11,2,1,1,148786.57,0
777,East India,Female,28,3,0.0,2,1,1,271610.83,0
637,West India,Female,32,6,98039.72,1,1,0,1008597.21,0
588,West India,Male,27,1,123955.66,1,1,0,273711.19,0
603,North India,Female,55,6,457422.32,1,1,0,700248.07,0
687,North India,Male,26,3,1803784.0,2,0,1,829001.13,0
546,North India,Male,29,8,0.0,3,0,0,257685.59,1
609,North India,Male,38,0,0.0,1,1,0,225702.75,0
757,West India,Female,22,2,242780.23,1,0,0,412203.09,0
710,North India,Male,31,7,665137.0,1,0,1,688944.86,0
438,North India,Female,39,6,121741.54,1,0,1,1602563.71,0
530,West India,Male,32,1,4309559.14,2,0,0,626494.5,0
844,East India,Male,34,4,708036.63,2,1,1,832529.21,0
756,West India,Female,30,6,0.0,1,1,0,1118939.17,0
597,West India,Female,19,4,351679.69,1,1,1,545362.5,1
516,South India,Male,39,9,371798.19,2,1,1,606542.61,0
537,West India,Male,55,10,0.0,1,1,1,320857.02,1
695,South India,Female,36,0,421449.65,2,1,0,1600796.78,0
827,East India,Male,38,4,0.0,1,1,1,999568.05,0
822,North India,Female,43,9,114525.23,2,1,1,639571.18,0
508,West India,Male,22,2,425446.79,2,1,0,191533.54,1
623,South India,Male,54,0,95917.44,3,0,1,1822662.52,0
572,South India,Male,38,9,0.0,2,1,0,342104.23,0
662,West India,Female,53,10,316019.9,1,0,0,221981.89,0
530,West India,Female,27,3,191561.96,2,0,1,713591.94,1
600,West India,Male,55,6,410228.41,2,0,0,169849.29,0
571,North India,Female,44,6,0.0,3,1,0,393884.13,0
697,North India,Female,42,1,6777218.11,1,1,0,486887.85,1
603,North India,Female,38,1,1156143.03,2,1,1,713567.33,0
616,North India,Male,33,0,596372.08,2,1,1,743055.94,0
695,North India,Male,49,1,137069.03,3,0,1,361627.48,1
797,West India,Female,37,8,208996.94,2,1,0,508958.93,0
840,South India,Male,18,10,105325.56,2,1,1,617431.87,0
691,West India,Male,23,8,0.0,1,1,1,496744.1,0
642,South India,Female,33,6,238619.74,2,1,0,1360241.64,0
768,South India,Male,39,10,787323.62,2,1,1,180395.04,1
755,North India,Male,35,2,913935.24,2,1,1,721110.41,0
729,West India,Male,49,7,320899.45,1,1,1,672324.36,0
507,West India,Female,18,3,282289.78,1,0,1,1451768.8,0
758,North India,Male,37,4,453335.26,2,0,1,792850.48,0
682,North India,Female,18,9,214860.28,1,0,1,1029053.6,0
569,North India,Female,44,4,172126.36,1,0,0,534941.9,0
589,West India,Male,34,1,0.0,2,1,0,928163.34,0
702,West India,Male,40,8,108576.45,1,1,0,509608.56,0
423,South India,Male,26,5,509419.56,2,1,1,1794893.5,0
638,North India,Female,50,5,0.0,2,0,1,507844.37,0
591,North India,Male,47,0,437566.1,2,1,0,835428.77,1
581,North India,Female,42,1,0.0,2,1,1,394204.83,0
608,North India,Male,34,3,1156848.05,1,1,0,422054.41,0
516,North India,Male,42,7,3246501.15,2,1,0,605695.83,1
744,North India,Male,28,7,511375.46,1,0,1,1358915.75,0
458,South India,Female,45,8,369689.25,2,0,0,226669.25,1
665,South India,Male,54,0,683211.1,2,0,1,818898.69,0
573,South India,Male,47,10,67728.93,2,1,1,1403026.66,0
828,South India,Female,27,7,998848.3,2,0,0,687981.54,0
652,West India,Female,39,3,0.0,2,0,1,1095172.05,0
458,South India,Female,21,10,0.0,2,1,0,382864.18,1
699,North India,Female,42,4,122537.76,1,0,1,801065.53,0
551,West India,Female,40,9,278907.6,2,1,1,392135.92,0
738,East India,Male,18,4,109124.61,1,1,1,501932.51,0
705,North India,Male,23,10,1916393.54,1,1,0,387511.03,0
782,North India,Female,32,6,0.0,2,0,1,979931.05,0
666,West India,Male,32,2,359457.47,3,1,0,316487.6,0
723,East India,Female,22,4,235829.77,2,1,1,215938.92,0
653,North India,Male,40,6,0.0,1,0,0,580115.0,0
596,North India,Male,38,5,0.0,2,1,1,718558.88,0
745,West India,Male,33,1,680245.42,2,1,1,421359.23,0
539,North India,Male,27,7,0.0,1,0,1,328998.79,0
646,East India,Female,47,8,90008.39,2,0,1,691622.79,0
598,North India,Male,54,8,2677790.96,2,1,0,436542.96,0
725,West India,Male,30,8,575453.07,1,1,1,485367.46,0
564,North India,Female,29,1,700876.85,1,1,1,895117.51,1
613,North India,Male,41,9,145033.41,1,0,0,233831.8,0
653,East India,Female,32,2,1615575.25,1,0,0,570997.36,1
783,North India,Female,34,3,135119.1,1,1,1,815871.13,0
602,North India,Female,44,1,0.0,2,1,0,248722.15,0
613,West India,Female,18,5,0.0,1,1,0,321477.43,0
528,North India,Male,50,6,1811739.1,2,1,1,1510237.26,0
561,North India,Female,36,8,0.0,2,1,1,733655.51,0
687,North India,Female,31,0,0.0,1,0,0,708894.89,0
652,South India,Female,35,6,0.0,1,0,1,481160.25,0
654,West India,Male,35,4,1000680.68,2,1,1,1190615.03,0
806,West India,Female,18,2,905713.91,1,0,0,424863.66,0
499,South India,Female,52,10,543087.76,1,1,0,603088.04,0
858,South India,Female,36,4,651396.4,1,0,1,395440.57,0
756,South India,Male,40,5,254561.55,2,1,1,643910.04,0
620,West India,Male,46,3,150978.9,2,1,1,1178439.23,0
685,West India,Female,24,9,2258099.06,3,1,0,711741.97,0
588,East India,Male,41,8,533494.26,1,1,1,1416251.3,0
678,East India,Male,33,0,407544.68,1,1,1,530465.67,0
843,North India,Female,45,9,643787.27,1,0,0,1803726.02,0
591,South India,Male,18,5,0.0,2,1,1,831026.9,0
629,South India,Male,34,9,4041287.71,1,1,1,475348.97,1
581,North India,Male,29,10,1667725.13,2,1,1,579015.75,0
596,North India,Male,40,10,234616.65,1,1,1,308600.74,0
613,West India,Male,41,10,0.0,1,1,0,393224.85,1
551,South India,Male,28,1,0.0,1,1,1,794149.38,1
626,South India,Male,28,6,415008.02,1,0,0,468090.24,0
654,South India,Female,34,8,74338.3,1,1,0,604803.78,0
613,West India,Female,26,5,2845603.49,1,0,1,886569.02,0
443,North India,Male,45,10,1437165.7,2,1,0,602413.53,0
636,South India,Male,31,10,252408.09,2,1,1,576316.66,0
645,South India,Male,18,9,357854.84,1,1,1,478745.55,0
820,West India,Female,31,10,492007.64,1,0,0,260499.28,0
652,South India,Female,24,8,1477836.65,2,0,0,308786.65,0
734,East India,Male,18,10,0.0,1,1,1,761458.5,1
611,South India,Male,22,7,248068.22,1,1,1,149062.95,1
766,East India,Female,37,4,578580.24,2,1,0,381926.45,0
564,West India,Female,50,7,2180628.29,2,0,1,397200.92,1
695,South India,Male,39,4,0.0,1,0,0,493681.98,1
725,South India,Female,29,7,655070.49,2,1,0,2302558.58,0
712,South India,Female,41,6,2618014.52,2,0,0,408288.38,0
844,West India,Female,30,4,298822.81,1,0,1,1346031.79,1
597,South India,Male,28,7,677358.68,1,0,0,778229.23,0
777,South India,Female,23,5,0.0,2,0,0,536018.42,0
754,South India,Male,18,6,231811.31,1,1,1,266075.01,0
654,West India,Female,31,10,0.0,1,1,1,2637185.23,0
815,North India,Male,37,4,119920.46,1,0,1,1290186.72,0
636,North India,Male,34,7,24601.82,1,0,0,487960.4,0
652,North India,Female,31,10,1738304.09,1,1,0,922990.21,0
649,North India,Male,25,7,64776.47,1,0,1,808858.84,0
535,South India,Male,42,0,1795396.78,2,1,0,1308419.31,0
718,West India,Male,21,7,711770.49,1,1,0,1122932.26,0
704,South India,Male,44,9,0.0,1,0,0,358041.04,0
640,North India,Male,24,7,569932.7,3,1,1,416601.44,0
808,South India,Female,27,6,224293.43,2,0,0,249367.04,0
610,East India,Male,19,5,163700.99,2,1,1,540671.65,0
494,North India,Male,30,10,0.0,2,0,1,581712.02,0
821,East India,Male,46,9,277790.78,1,1,1,440490.49,0
740,North India,Male,41,2,3863582.17,2,0,1,1244215.83,0
706,North India,Male,46,6,472660.17,1,1,1,918332.85,0
619,West India,Male,41,10,541930.28,1,1,1,685221.81,0
680,South India,Male,23,3,225067.03,1,1,0,1146806.51,0
536,West India,Male,32,7,0.0,1,1,1,623805.05,0
629,West India,Female,27,10,574242.24,2,1,1,828153.84,0
568,North India,Female,50,4,0.0,1,1,0,923934.51,0
673,West India,Male,22,2,675909.1,2,1,0,670824.75,0
733,South India,Male,45,5,403394.89,1,1,0,868695.11,0
555,West India,Female,45,5,0.0,1,0,0,370633.79,0
715,South India,Male,56,5,0.0,2,0,1,1154536.84,0
667,North India,Female,31,7,136833.42,1,1,0,511119.63,0
711,South India,Male,43,0,1313681.15,1,1,1,283613.03,0
628,East India,Male,61,9,134945.18,1,1,0,802820.81,0
713,North India,Female,29,0,425543.44,3,0,1,1447332.34,0
587,North India,Female,19,9,0.0,1,0,0,388650.17,0
498,North India,Male,18,6,0.0,2,0,0,322658.96,0
519,West India,Male,43,10,1086039.77,1,1,0,737366.66,1
604,North India,Male,18,2,0.0,2,0,0,762000.94,0
504,North India,Female,31,7,180070.78,1,1,1,1184859.04,0
789,South India,Female,40,2,381620.7,1,1,0,1285230.27,1
642,North India,Male,38,5,0.0,1,1,0,190072.26,0
732,North India,Male,40,0,1528647.92,3,1,1,816876.92,0
720,South India,Male,38,1,1292064.86,2,1,1,249003.26,1
650,South India,Male,50,6,0.0,1,1,1,780602.04,0
900,North India,Male,25,5,2568375.38,2,1,0,658671.99,0
900,North India,Female,28,0,90939.28,3,1,1,579861.67,0
775,South India,Male,27,9,0.0,1,1,1,1670853.85,0
568,West India,Male,45,6,418821.18,2,1,1,400924.18,1
778,South India,Female,45,3,686207.22,1,1,1,848199.87,0
492,South India,Male,40,0,881160.05,1,1,0,1127178.73,0
775,North India,Male,49,8,141868.93,2,0,0,555571.0,0
419,North India,Male,23,2,428942.62,2,1,0,707121.08,1
621,West India,Male,54,8,817517.91,1,1,1,662221.47,0
758,North India,Female,52,6,177710.06,1,1,1,888360.01,0
684,South India,Female,44,7,437006.52,2,0,0,565542.22,0
516,West India,Male,55,6,971642.22,2,1,0,706073.08,0
665,West India,Male,18,9,3161916.3,1,0,1,977827.67,0
684,West India,Male,30,10,280614.61,1,0,1,1067412.39,0
668,West India,Male,27,8,0.0,1,1,0,703399.75,0
613,North India,Male,43,2,726135.91,1,0,1,957842.84,0
726,East India,Male,24,7,0.0,2,1,0,601327.61,0
753,East India,Male,44,1,0.0,1,0,0,533486.1,0
636,North India,Male,51,3,458425.05,1,1,0,471810.9,0
786,West India,Female,43,9,771012.43,2,1,1,511693.03,0
635,South India,Female,39,3,365333.69,1,1,1,634144.01,0
605,West India,Female,25,5,387549.08,2,1,0,574421.1,0
772,North India,Male,26,2,317993.38,2,0,1,1291555.97,0
768,South India,Female,49,0,195908.18,2,1,0,343599.4,0
594,North India,Female,44,9,0.0,1,1,0,778340.38,0
581,South India,Female,35,7,529385.65,2,1,0,335100.39,1
808,North India,Male,31,8,281538.21,1,0,0,429845.38,0
640,South India,Female,18,6,210516.36,2,0,1,681766.17,0
650,West India,Male,24,8,848644.72,2,0,0,688897.52,0
627,West India,Female,57,5,566600.03,2,0,0,568425.05,0
768,North India,Male,21,2,0.0,2,0,0,1053672.49,0
842,West India,Female,38,10,475337.91,1,1,0,593982.05,0
656,South India,Female,47,8,0.0,2,1,1,1210429.78,0
867,West India,Male,22,0,0.0,1,0,1,355645.27,0
600,South India,Male,38,0,0.0,1,1,0,787963.71,0
624,West India,Male,46,1,223136.12,2,0,1,179719.04,0
710,West India,Male,36,10,341110.69,1,1,1,919482.84,0
576,South India,Male,67,3,793198.95,1,0,1,311976.08,0
709,North India,Male,18,2,274649.45,1,0,0,393741.56,0
603,East India,Female,47,0,0.0,2,1,1,1429509.59,0
511,West India,Male,34,6,0.0,1,1,1,614125.29,0
493,South India,Female,44,3,1238431.74,1,1,0,1315407.48,0
620,North India,Female,40,10,776475.86,1,0,1,623837.58,0
687,West India,Female,27,0,322670.43,1,1,1,563436.13,0
527,East India,Female,38,5,420107.41,2,1,1,388093.92,0
666,North India,Male,18,5,137077.65,2,1,0,642152.98,0
666,East India,Female,42,0,433035.57,1,1,0,523272.05,0
634,North India,Male,39,6,200228.02,2,1,0,1215198.29,0
566,East India,Female,43,7,608998.5,2,1,1,860042.24,0
671,West India,Female,47,4,790960.7,1,0,1,562403.27,1
637,North India,Female,40,9,472386.82,3,1,0,1419093.74,0
738,North India,Male,37,10,674009.72,2,1,1,373161.89,0
533,South India,Female,26,6,640379.0,1,1,0,1380814.47,0
660,South India,Female,28,7,0.0,2,1,1,251922.59,0
535,East India,Female,49,6,50296.02,2,0,1,535122.53,0
628,West India,Male,51,2,1006033.92,1,0,1,100000.0,1
551,South India,Female,33,9,0.0,2,0,1,540013.19,0
567,East India,Male,36,9,862260.78,1,1,1,625533.91,0
649,South India,Female,26,1,175463.3,2,1,0,388442.87,0
599,West India,Female,48,8,1426074.1,2,1,1,221819.53,1
782,West India,Male,43,4,0.0,2,1,1,547963.49,0
756,East India,Male,57,8,0.0,2,1,0,692623.51,0
722,North India,Female,26,3,778023.43,3,1,0,365126.86,0
720,South India,Male,31,10,0.0,2,0,1,1045952.68,0
661,South India,Male,38,0,0.0,2,0,1,850486.56,0
767,South India,Female,43,7,109937.24,2,1,0,838462.55,0
623,South India,Female,33,4,350779.88,2,1,1,1122398.3,0
840,West India,Female,26,3,155106.95,2,1,0,486860.55,0
565,North India,Male,45,8,53393.82,1,0,1,707563.42,0
548,South India,Male,43,8,249754.56,1,1,1,292792.75,0
524,North India,Female,25,1,673662.02,1,0,1,1292615.81,0
540,North India,Male,50,0,0.0,2,0,0,1004174.46,0
503,West India,Female,48,7,2200195.93,2,0,0,938368.22,0
669,North India,Female,37,8,479036.12,2,1,1,336180.34,0
726,North India,Male,36,10,270888.06,2,1,0,627518.31,0
653,South India,Male,42,3,668559.31,1,1,0,336386.9,0
525,North India,Female,26,10,2051794.56,2,1,0,240337.09,1
607,North India,Male,36,0,532806.24,4,1,0,237271.32,0
725,West India,Female,18,6,1948130.08,2,0,1,831802.44,1
619,West India,Female,45,4,1198238.96,2,1,0,424663.83,0
578,North India,Female,18,4,1024791.89,2,1,0,573635.69,0
513,North India,Male,52,4,555037.04,2,0,1,788006.42,0
611,East India,Male,32,9,7897521.16,2,1,0,825703.62,1
586,North India,Female,33,8,0.0,1,0,1,1234601.18,0
642,South India,Female,29,6,646593.15,1,0,1,798443.21,0
692,South India,Male,32,1,1231185.31,1,0,0,283089.89,1
624,West India,Male,51,9,99251.76,3,1,1,679514.36,0
666,East India,Male,18,8,326485.15,2,1,1,623008.6,0
692,South India,Female,50,3,256076.05,2,1,0,1079085.42,0
539,South India,Male,39,4,236929.36,1,1,1,498136.89,0
819,West India,Female,22,1,796723.17,2,1,1,493092.31,0
583,East India,Female,24,2,4185357.06,1,0,0,325322.1,1
696,West India,Female,54,4,0.0,1,1,0,397107.42,0
547,West India,Female,25,0,316497.41,1,1,0,1065178.97,0
659,West India,Female,23,0,361988.63,1,1,1,747499.28,0
663,North India,Male,48,0,556191.13,2,1,0,548841.45,0
799,South India,Male,39,6,240244.92,1,1,0,622873.86,0
629,North India,Female,25,9,184123.29,1,0,1,332879.09,0
766,North India,Male,38,3,656626.14,1,1,0,1036657.78,0
676,South India,Male,24,3,0.0,2,0,0,2565887.56,0
816,West India,Male,48,10,0.0,1,1,0,1530502.81,0
489,South India,Male,47,2,2406551.52,1,1,1,499056.99,0
693,West India,Female,41,10,0.0,1,0,1,379166.03,0
409,North India,Female,39,1,153868.22,2,1,0,249219.43,0
644,West India,Male,55,3,1379325.66,2,0,0,1109740.21,0
741,South India,Female,35,10,445447.59,2,1,0,555786.46,1
780,West India,Male,22,1,245666.81,3,1,0,695748.32,0
716,North India,Female,40,10,513544.51,2,0,0,642140.66,0
623,South India,Male,58,10,60177.71,2,0,1,346445.6,0
699,South India,Female,24,6,711202.66,1,0,0,207440.51,0
876,South India,Male,32,9,191872.0,2,0,1,399929.27,0
656,North India,Male,40,5,890517.53,3,1,0,513240.11,0
736,South India,Female,35,5,7444976.82,2,1,0,2384754.65,0
611,South India,Male,25,1,5311632.68,2,1,1,455619.35,1
746,West India,Female,48,10,1311036.55,2,1,1,1221268.29,0
731,West India,Female,61,4,3005845.6,1,1,0,571380.54,0
595,East India,Male,38,9,715625.36,2,0,1,828575.7,0
719,South India,Female,26,7,234792.63,2,1,1,508441.6,0
724,North India,Male,18,1,126561.2,2,0,1,801493.83,0
716,West India,Male,38,7,416742.42,3,0,1,332818.97,1
646,South India,Female,48,8,0.0,1,1,0,851858.62,0
760,North India,Male,41,2,135834.43,1,0,0,111017.45,0
565,West India,Female,35,3,0.0,1,0,0,326852.41,0
650,North India,Male,29,7,427173.1,1,1,1,471847.16,0
660,North India,Female,23,1,220766.38,2,0,1,571490.64,0
755,West India,Male,45,1,500995.18,2,1,1,576337.96,0
563,West India,Male,46,0,180476.49,1,1,0,548154.27,1
671,West India,Female,18,1,0.0,1,1,0,441091.75,0
605,North India,Male,53,8,0.0,1,0,1,750137.42,0
659,West India,Female,42,4,301718.33,2,1,0,863617.36,0
685,West India,Male,51,3,466512.37,1,1,0,326667.95,0
534,West India,Male,21,1,0.0,2,1,0,235958.18,1
763,West India,Female,20,1,2166905.99,1,0,1,628933.63,0
688,South India,Male,34,5,2619284.98,1,0,0,905461.85,0
572,North India,Male,41,6,540659.94,1,0,1,1012458.34,0
619,West India,Female,55,3,3276350.09,1,0,1,729041.49,0
784,West India,Female,43,10,865697.28,2,0,0,147757.7,1
687,North India,Male,33,6,509862.47,2,1,0,536310.46,0
563,West India,Male,24,0,1376996.31,3,1,1,673132.74,0
579,South India,Female,49,7,584626.08,2,0,0,463645.41,0
706,South India,Female,25,2,536975.24,1,1,1,322307.38,0
717,South India,Female,53,6,438962.69,2,1,0,491706.42,0
682,North India,Female,32,6,0.0,2,0,0,581267.42,0
623,North India,Male,53,2,0.0,1,1,0,527002.52,0
722,West India,Female,43,4,0.0,2,1,1,644376.46,0
621,North India,Female,34,1,0.0,1,1,1,1221454.11,0
573,North India,Male,30,8,211043.78,1,1,1,1579156.82,0
792,East India,Male,32,4,70608.14,1,1,0,343056.99,0
693,North India,Male,40,3,318650.71,2,0,0,430796.13,0
579,West India,Female,36,9,0.0,2,0,1,1221990.14,0
662,East India,Male,29,2,0.0,2,1,1,302786.28,0
652,South India,Male,34,0,896469.44,2,1,0,665065.05,0
618,West India,Male,36,6,0.0,1,0,1,852704.47,0
671,East India,Male,18,2,2340675.9,1,1,1,343451.25,0
566,West India,Male,41,10,286728.26,1,1,1,629347.33,0
728,South India,Female,25,9,1148958.96,1,1,0,745589.85,0
649,South India,Male,23,0,265639.17,2,1,0,898563.09,0
505,South India,Female,18,9,804334.72,2,1,1,817403.29,0
629,West India,Female,18,9,563247.04,2,1,1,728908.79,0
594,West India,Female,21,7,319516.86,1,1,0,1805465.0,0
380,West India,Female,28,7,0.0,1,1,0,439183.29,0
635,South India,Male,57,2,404733.36,2,0,0,810210.87,0
743,South India,Male,30,9,408081.22,2,0,0,339829.81,0
640,North India,Male,37,2,0.0,4,1,0,932293.68,0
713,North India,Female,40,1,0.0,3,1,1,767609.06,0
650,West India,Male,37,7,0.0,1,1,1,2261333.96,0
608,North India,Female,35,8,921075.35,2,1,1,766822.63,0
584,North India,Female,22,3,319735.76,2,1,1,574415.88,0
534,West India,Female,51,3,409909.66,1,1,1,573313.1,1
733,North India,Female,55,4,156573.97,2,1,0,516182.57,0
715,East India,Female,18,2,0.0,2,1,0,418592.57,0
624,North India,Male,24,4,143246.76,2,1,1,345257.76,0
467,East India,Female,32,3,0.0,2,1,1,1615264.15,0
692,South India,Male,25,7,0.0,1,0,1,657199.6,0
568,North India,Female,41,4,3854058.06,2,1,1,1216181.08,0
662,West India,Male,27,6,181773.59,2,0,0,782715.82,0
511,West India,Male,59,3,1274113.11,1,1,0,378748.5,1
658,South India,Female,49,1,946199.95,2,1,1,888019.8,0
638,West India,Male,38,7,295320.47,2,1,0,362863.56,0
433,East India,Female,47,3,0.0,2,0,0,336742.63,0
795,North India,Female,48,8,449690.78,1,1,0,958472.91,0
620,West India,Female,29,5,1923520.28,1,1,0,223946.06,0
626,North India,Male,27,7,1978347.63,1,1,1,233071.55,0
698,South India,Male,36,8,254653.54,1,0,1,885620.8,0
645,North India,Female,45,8,606675.47,1,1,0,676753.18,0
682,South India,Female,37,8,312230.56,2,1,1,453750.72,0
547,North India,Male,18,6,0.0,1,0,1,484870.43,0
637,North India,Male,27,2,1037365.35,1,1,1,1487137.43,0
478,South India,Male,35,7,0.0,1,1,0,377654.69,0
628,South India,Female,35,6,206592.8,1,1,1,549575.38,0
780,South India,Male,57,8,470610.35,2,1,1,1213872.03,0
514,South India,Male,20,4,0.0,2,0,1,715603.86,0
618,North India,Female,41,3,2731779.97,1,0,1,2592340.0,0
458,East India,Male,52,1,0.0,2,0,1,204315.98,0
650,South India,Female,60,6,1052806.84,1,1,0,322466.6,1
691,North India,Male,31,5,227698.8,1,0,0,617216.86,0
684,South India,Male,41,5,401990.68,1,0,1,554557.45,0
595,West India,Male,42,9,0.0,1,0,1,315649.42,0
457,North India,Male,38,7,479459.41,1,1,1,962870.2,1
538,North India,Male,34,0,278241.28,2,0,1,1315773.8,0
763,West India,Male,40,0,493622.33,1,1,0,309388.56,0
729,South India,Male,18,3,1215732.01,2,1,0,241008.14,0
641,South India,Female,43,7,0.0,1,0,1,586614.71,1
664,East India,Male,37,4,342251.11,1,0,0,654610.8,0
557,North India,Female,33,8,201453.39,2,1,1,422737.52,0
766,South India,Female,58,2,32745.16,2,1,1,277784.37,0
585,North India,Male,28,5,0.0,1,1,1,339507.95,0
689,North India,Male,31,5,722018.86,2,0,1,695212.42,0
530,North India,Male,57,3,0.0,2,0,1,467663.55,0
633,South India,Male,26,10,0.0,1,1,0,479341.89,0
762,North India,Male,29,1,45550.84,3,1,0,184943.09,0
564,South India,Male,34,5,861488.59,2,0,1,912948.73,1
717,East India,Female,45,9,163582.79,2,1,0,481038.6,0
552,West India,Male,38,2,2170918.94,1,1,1,798533.48,0
568,North India,Male,21,7,160726.77,1,1,0,933354.5,0
649,North India,Male,30,1,447157.35,1,0,0,1523335.04,0
737,South India,Female,29,2,802102.21,1,0,1,458725.92,0
623,South India,Male,35,8,697968.18,2,1,1,354064.46,0
705,East India,Female,40,10,450031.57,4,1,1,903510.0,0
752,East India,Male,40,1,385409.61,2,1,0,386612.89,0
580,South India,Female,18,10,1450806.2,2,0,1,526590.98,0
512,North India,Male,47,10,378291.44,2,1,1,405402.99,0
618,East India,Female,38,10,617238.98,2,0,0,405450.88,0
764,West India,Female,51,9,2011120.15,2,1,0,412511.56,0
576,South India,Male,40,0,608675.2,1,1,0,1032949.93,0
741,South India,Male,48,2,0.0,1,0,1,421149.59,0
626,South India,Male,41,9,1196916.06,1,1,1,456697.7,0
808,East India,Female,50,5,428772.2,1,1,1,378698.76,0
852,North India,Female,41,7,1133443.96,2,1,1,842242.41,0
742,West India,Male,34,9,252511.25,1,1,0,820931.11,0
501,North India,Male,60,4,301948.57,1,1,0,563661.45,0
433,East India,Male,45,1,523025.27,2,1,1,453260.15,0
655,South India,Female,42,7,279177.42,1,0,1,751014.5,0
731,North India,Female,21,1,0.0,1,1,0,580583.13,0
695,North India,Male,21,3,2082187.59,2,1,1,326672.0,0
584,South India,Male,39,8,417964.5,2,1,1,854064.85,0
516,North India,Male,37,6,85798.96,1,0,1,1077119.96,0
733,South India,Male,29,2,1170403.47,1,1,1,326434.97,0
817,North India,Male,37,0,1050105.66,2,0,0,453254.76,0
589,North India,Male,53,10,2070877.24,2,0,0,665571.48,0
724,South India,Male,43,5,0.0,1,1,0,799124.92,0
884,South India,Female,23,8,0.0,1,0,1,849412.74,0
632,South India,Female,34,3,0.0,2,1,0,341575.85,0
634,South India,Female,27,10,557223.28,2,1,1,378215.74,0
700,South India,Male,31,6,1670249.81,2,0,1,540214.96,0
624,South India,Female,31,2,1318351.74,2,0,0,314787.85,1
770,North India,Female,30,0,623690.45,2,1,1,477862.5,0
613,North India,Male,22,4,168576.08,2,1,1,966375.57,0
647,North India,Male,34,0,1094795.88,1,1,1,577317.75,0
520,West India,Female,29,1,958373.84,1,1,1,286634.83,1
628,South India,Female,18,6,968385.67,2,0,1,751967.16,0
559,South India,Male,58,0,200980.48,2,0,0,750298.87,0
681,West India,Male,47,5,905460.21,1,1,0,1178188.87,0
500,North India,Female,31,6,73881.25,2,1,1,274340.08,0
738,South India,Female,36,3,0.0,2,1,1,439826.46,0
571,North India,Female,23,3,498355.19,2,1,0,694374.43,0
810,West India,Male,54,1,800540.63,2,1,0,446542.1,1
773,West India,Male,56,4,1001236.59,2,0,1,287184.61,1
698,West India,Male,37,6,154190.13,2,1,0,613905.9,0
511,West India,Female,47,3,0.0,1,1,0,613954.67,0
593,West India,Female,37,7,231921.68,2,0,0,472620.59,1
569,West India,Female,21,7,327710.4,1,1,0,645967.13,0
580,North India,Male,31,10,357635.37,1,1,0,449650.06,0
791,North India,Female,37,6,104920.85,3,1,0,686843.72,0
636,East India,Female,30,2,215887.21,2,1,0,672579.44,0
590,East India,Female,33,9,615081.49,2,1,0,629063.73,0
582,South India,Female,34,8,2017549.93,1,1,0,445016.73,0
602,South India,Female,35,7,738437.45,2,1,1,333050.09,0
697,West India,Female,36,9,0.0,1,1,1,568159.27,0
503,North India,Male,24,0,0.0,1,0,1,1180592.58,0
658,North India,Female,28,8,654847.13,1,0,0,320712.07,0
688,South India,Male,21,6,0.0,1,1,1,151220.42,0
493,North India,Female,46,9,377249.53,1,0,0,890974.59,0
522,South India,Female,18,9,0.0,2,1,0,332788.27,0
645,West India,Male,48,3,97046.35,2,0,0,1042230.51,0
779,North India,Female,51,4,726993.5,1,1,0,1050737.89,0
758,East India,Male,32,6,0.0,1,1,0,746820.79,0
595,East India,Female,18,7,464419.6,3,1,0,369813.02,0
776,West India,Female,32,3,1228313.6,2,1,0,592273.62,0
621,East India,Female,35,6,0.0,2,0,0,789725.22,0
620,South India,Female,24,5,0.0,2,1,1,567648.71,0
658,South India,Male,30,8,6642604.09,2,1,0,390535.31,1
725,West India,Male,52,3,0.0,2,0,0,623256.3,0
595,South India,Male,43,3,91263.67,2,1,0,194724.34,0
614,South India,Female,25,2,0.0,1,1,1,235282.23,0
537,South India,Male,18,7,0.0,2,1,0,677382.09,0
681,West India,Female,32,7,624801.71,2,1,1,215201.99,0
734,West India,Male,33,3,139405.78,1,1,1,1271755.43,0
739,West India,Female,41,2,0.0,1,1,0,291338.63,0
527,West India,Male,30,5,338808.44,1,0,1,201592.02,0
615,West India,Female,41,8,188067.51,1,1,0,1230866.41,0
762,South India,Female,57,7,547710.7,2,1,0,1099051.81,0
670,North India,Female,44,6,0.0,1,1,0,210152.55,0
653,West India,Female,35,6,141785.7,2,1,0,546719.23,0
650,North India,Female,33,4,0.0,2,0,0,668542.94,0
698,East India,Female,32,1,6685228.18,1,1,0,687237.0,0
675,West India,Female,48,8,0.0,1,1,1,1062606.95,0
598,West India,Male,29,2,0.0,2,0,1,650074.98,0
729,East India,Female,36,8,0.0,1,1,1,2114431.33,0
541,South India,Female,36,9,107924.39,2,1,0,228231.36,0
768,North India,Male,30,1,257099.29,1,0,1,346210.6,0
569,South India,Female,20,0,1192605.69,3,1,0,277065.06,0
699,North India,Female,39,9,45984.97,1,1,1,630588.54,1
635,South India,Female,35,6,261236.45,1,1,1,585961.97,0
607,South India,Female,41,0,0.0,1,1,1,428203.83,0
772,West India,Male,30,7,0.0,2,1,0,680478.77,0
716,South India,Male,49,2,231065.4,1,1,0,332224.49,0
644,South India,Male,26,2,453661.74,2,1,0,469437.33,0
807,North India,Male,54,8,294633.14,2,1,0,616980.14,0
738,South India,Female,18,10,144584.03,1,1,1,928439.51,0
577,North India,Male,40,0,781864.57,1,1,0,329181.86,1
446,North India,Female,41,6,350446.04,4,0,1,673511.87,0
659,West India,Female,27,1,655486.86,1,0,1,901697.01,0
774,North India,Female,40,10,0.0,1,0,1,672187.77,0
704,North India,Male,50,2,719007.06,1,1,0,392625.69,0
791,North India,Male,18,9,556022.98,2,1,1,305258.86,0
596,South India,Male,41,7,385077.55,2,0,0,2196527.77,0
639,West India,Male,18,2,115286.67,1,1,0,671894.52,0
641,East India,Female,25,1,735520.35,1,1,1,478695.4,0
671,West India,Female,53,6,0.0,2,1,0,725637.75,0
719,South India,Male,29,2,0.0,2,0,0,423609.24,0
796,North India,Female,23,7,1456023.39,2,0,1,662457.62,0
815,North India,Male,33,3,1792803.74,1,1,1,770416.09,0
799,South India,Female,58,5,775942.68,1,0,0,526305.33,0
710,South India,Male,18,10,1480026.2,2,0,1,602613.37,0
619,West India,Female,24,7,503009.96,2,1,0,577560.81,0
670,North India,Male,52,3,3930254.18,2,1,1,458467.25,1
708,North India,Male,56,4,76593.15,1,1,1,136063.23,0
662,North India,Male,34,2,1392384.29,2,1,0,456213.22,0
567,West India,Male,22,3,202172.16,2,0,0,803860.18,0
608,North India,Female,59,9,0.0,1,0,1,1170424.03,0
728,South India,Male,53,7,314533.78,1,1,1,450390.27,0
627,North India,Female,43,6,152839.02,2,1,1,1307109.35,0
652,South India,Female,27,5,0.0,1,0,0,527628.29,0
642,North India,Female,35,4,0.0,1,1,1,973907.71,0
569,North India,Female,34,8,128326.54,2,1,0,1498432.47,0
634,North India,Male,39,3,31962.53,2,1,1,283067.57,0
608,North India,Female,51,2,303965.05,1,1,1,356869.47,0
587,North India,Female,45,10,0.0,2,1,0,689952.72,0
554,West India,Female,24,5,200448.91,1,0,0,400292.15,0
640,North India,Female,51,1,2448929.24,2,1,0,499890.58,0
705,North India,Female,39,8,0.0,2,1,1,1272788.6,0
750,South India,Male,43,5,73999.44,2,0,1,651178.14,0
524,West India,Female,52,2,0.0,2,1,1,498548.68,0
794,North India,Female,23,1,0.0,1,1,0,1104912.23,0
676,South India,Male,35,8,1415491.71,2,1,0,2431339.84,1
548,West India,Female,30,9,340014.82,1,1,0,631409.95,0
613,North India,Male,18,2,121015.21,2,1,0,744072.21,0
481,South India,Male,39,5,0.0,1,1,1,1001342.71,0
504,North India,Female,63,8,0.0,2,0,1,642562.85,0
804,North India,Female,18,2,0.0,1,1,0,762005.44,0
587,East India,Female,35,8,0.0,2,1,1,550649.38,0
698,North India,Female,43,1,0.0,2,1,1,1159734.42,0
639,North India,Male,37,3,542109.39,2,0,1,530851.31,0
651,East India,Female,34,9,152718.37,2,0,1,910448.97,0
683,West India,Male,21,2,293482.04,1,0,0,487730.03,1
462,South India,Male,38,6,170063.66,2,1,0,410125.38,0
768,West India,Male,27,10,498541.02,1,1,0,309581.27,0
641,West India,Female,18,3,427950.31,1,1,1,594153.19,0
604,West India,Male,49,3,1583106.47,1,0,0,1004833.21,0
692,North India,Female,46,0,0.0,1,1,1,302163.03,0
585,South India,Female,36,9,965066.26,1,1,0,390570.77,0
668,North India,Male,38,2,553213.93,2,1,1,1659248.62,0
635,North India,Female,47,4,1680764.28,1,1,1,530128.98,0
713,South India,Male,38,4,362295.32,1,0,0,724360.49,0
630,South India,Male,45,3,0.0,2,1,0,367898.19,0
557,North India,Female,32,6,0.0,1,0,1,839669.96,0
682,North India,Male,50,9,223751.46,2,1,0,276702.79,0
625,South India,Female,39,9,2227652.52,1,1,1,584010.53,0
486,South India,Female,38,3,0.0,1,1,1,551739.6,0
667,West India,Male,22,6,667037.93,3,0,0,751426.57,0
601,West India,Female,39,5,0.0,1,1,1,315893.0,0
681,East India,Male,26,5,0.0,1,1,1,327246.72,0
573,South India,Male,28,4,97968.89,1,1,1,969914.36,0
541,West India,Male,27,10,313435.99,2,1,0,1121026.1,0
756,West India,Male,24,7,2396009.98,2,1,0,611244.77,0
725,West India,Male,59,8,698299.4,1,0,0,1563421.32,1
649,West India,Female,50,8,6306795.34,1,0,1,906384.02,1
689,South India,Male,57,5,405310.81,1,1,1,324663.92,0
722,North India,Female,22,4,181810.84,1,1,0,351579.67,0
649,West India,Male,36,0,411061.39,1,0,1,506085.45,0
541,West India,Male,21,2,709821.28,2,0,1,1415153.08,0
676,West India,Male,28,7,0.0,2,0,0,1054721.04,0
740,North India,Female,25,10,366068.34,2,1,1,736523.81,0
703,North India,Male,49,0,0.0,1,0,1,386933.93,0
655,South India,Male,31,0,439671.35,1,0,1,190346.08,0
700,West India,Female,47,7,197651.27,2,1,1,675136.53,0
629,West India,Female,42,10,53617.94,2,0,0,996188.32,0
743,North India,Male,61,6,177625.1,2,1,1,672451.31,0
771,West India,Female,19,1,0.0,1,1,0,1492123.4,0
533,North India,Male,49,5,0.0,1,1,1,710576.52,0
750,South India,Female,48,8,727332.97,1,0,1,336697.78,0
851,South India,Male,25,7,0.0,1,0,1,951591.13,0
697,West India,Male,47,5,513608.5,2,1,1,493909.21,0
738,West India,Male,39,1,0.0,1,0,1,279263.19,1
591,North India,Female,33,10,629290.37,2,0,0,765014.91,0
604,South India,Male,26,2,196406.71,1,0,0,537709.39,1
631,South India,Female,28,2,1239116.94,1,1,1,618038.05,0
613,North India,Male,58,8,0.0,3,1,0,580183.81,0
531,East India,Male,36,8,1823700.96,2,1,0,727334.71,0
634,West India,Male,44,4,564530.74,1,0,0,1186260.69,0
725,North India,Male,27,10,709427.87,1,1,0,524825.53,0
533,South India,Female,27,4,1229157.3,2,1,0,1276902.48,0
666,North India,Female,47,7,0.0,2,0,0,632386.23,0
663,South India,Female,21,2,0.0,1,1,1,597580.99,0
622,West India,Female,31,8,1281535.64,2,1,0,158805.65,1
694,North India,Male,36,4,0.0,1,1,1,442892.67,0
686,West India,Female,37,8,0.0,1,1,0,1388841.15,0
616,South India,Male,34,9,0.0,4,1,1,743177.35,0
745,East India,Female,40,8,137281.18,3,1,0,333537.33,0
700,North India,Female,43,10,200136.03,2,0,1,184794.94,0
791,West India,Female,44,3,1204492.36,2,1,1,131872.11,1
644,West India,Female,25,1,373294.12,2,0,0,511647.86,0
621,North India,Female,32,6,452784.61,1,0,0,314950.94,0
631,North India,Female,49,0,823872.22,1,0,0,2121750.88,0
756,West India,Male,45,6,0.0,1,0,1,635251.3,1
636,South India,Male,20,0,1254480.93,2,0,1,535675.41,0
642,South India,Female,39,4,797338.03,1,1,0,1355962.03,0
826,East India,Female,18,0,1472705.02,1,1,0,351969.55,0
528,North India,Male,36,7,2471316.89,2,1,0,582133.7,0
682,South India,Male,56,0,836400.93,1,1,1,369284.28,0
644,West India,Male,25,5,652917.46,1,1,1,1027970.0,0
627,South India,Female,26,0,278717.46,1,1,0,995928.09,1
564,North India,Male,44,1,670663.42,2,1,0,361633.19,1
590,South India,Female,19,3,487740.35,2,1,1,373025.33,0
613,West India,Male,29,7,421578.54,2,0,0,446984.01,1
694,South India,Male,42,2,551010.72,1,1,1,390925.05,0
726,West India,Female,29,7,745324.78,2,0,0,1178303.64,0
489,North India,Male,33,6,288629.91,2,1,1,492526.03,0
541,West India,Male,44,5,492478.76,3,1,0,511919.73,1
699,South India,Male,40,9,0.0,3,1,1,1239279.71,0
706,East India,Male,38,0,1958614.36,2,0,0,220640.58,1
518,North India,Female,32,5,788459.81,2,0,0,1806583.42,0
728,South India,Male,40,5,672950.64,2,1,1,483864.48,0
648,North India,Female,34,9,938081.09,1,0,1,386033.62,0
717,South India,Male,41,7,4183645.4,1,1,1,703765.14,1
573,North India,Female,30,10,820921.68,4,1,1,439657.63,0
524,West India,Female,33,5,730567.65,1,1,1,379955.25,0
622,West India,Female,25,1,2001369.96,1,1,1,346744.81,0
626,North India,Female,35,9,0.0,1,1,0,307751.6,0
621,North India,Male,27,2,91199.31,2,1,1,633764.1,0
614,West India,Male,23,1,161825.09,1,0,0,728023.12,0
802,South India,Female,38,2,820639.72,1,0,0,636442.5,0
497,South India,Male,38,0,143640.2,1,0,0,1164310.67,0
573,North India,Male,44,6,0.0,1,1,0,327553.61,0
612,South India,Male,31,4,0.0,2,1,1,471734.09,0
652,North India,Male,40,8,534444.21,1,1,1,428923.55,0
713,West India,Male,42,6,479429.84,3,1,1,642454.0,0
727,South India,Male,40,0,446394.4,2,1,1,217649.4,0
746,West India,Male,26,0,709190.11,1,1,0,453310.63,0
693,North India,Female,37,1,0.0,1,1,1,473336.18,0
494,South India,Male,40,6,913521.48,2,1,0,868122.17,0
500,North India,Female,36,6,1400344.35,1,0,0,332928.5,0
753,East India,Male,18,8,1875341.94,2,0,1,834259.81,0
747,South India,Female,37,2,108262.52,2,1,1,581040.7,0
707,North India,Male,60,2,0.0,2,1,1,947713.59,0
576,North India,Male,32,7,554699.69,1,0,0,454410.25,0
620,North India,Male,27,5,0.0,1,1,1,479962.36,0
614,North India,Male,40,2,625522.24,1,1,0,342573.25,1
557,South India,Female,39,7,319890.59,2,0,1,188501.8,0
673,North India,Female,49,2,155053.21,1,0,0,667101.62,0
843,East India,Male,22,5,144331.39,3,1,1,840067.88,0
605,North India,Male,44,0,0.0,2,0,1,638527.53,0
766,West India,Male,42,3,0.0,1,1,0,2296325.35,0
570,North India,Male,34,5,534950.5,2,1,1,315719.68,0
511,North India,Male,39,4,0.0,2,1,1,631825.73,0
738,East India,Female,47,3,255239.91,2,1,1,432876.38,0
630,West India,Male,45,9,3113716.15,2,1,1,407515.29,0
764,South India,Female,23,0,0.0,2,1,1,396209.13,0
782,West India,Female,45,3,0.0,2,1,1,781547.13,0
624,East India,Female,35,0,386042.44,2,1,0,332536.87,0
770,South India,Male,36,10,229417.37,1,1,1,361457.71,0
571,North India,Female,36,9,1475884.4,2,1,1,565334.58,1
569,North India,Female,34,3,271397.16,1,0,0,443659.62,0
746,West India,Male,49,2,287886.34,1,0,0,1045694.3,0
510,West India,Male,35,6,0.0,1,0,0,616620.32,1
649,West India,Female,23,10,363623.36,3,0,0,306804.74,1
762,North India,Female,31,5,253486.35,1,1,0,452724.07,0
768,East India,Male,37,5,2876932.44,2,0,0,1043330.89,0
611,South India,Male,49,9,1030687.86,1,1,0,683742.97,0
740,South India,Male,42,10,0.0,1,1,0,601130.14,0
548,North India,Male,26,2,0.0,2,0,1,789422.93,0
589,East India,Male,63,5,285005.6,1,0,0,567434.58,0
670,South India,Male,38,2,0.0,3,0,0,816698.3,0
683,South India,Female,50,6,88194.43,1,0,0,621680.11,0
555,East India,Female,34,1,208225.96,1,1,1,441025.28,0
817,East India,Female,41,8,1185413.87,2,1,1,346759.85,0
481,North India,Male,45,9,0.0,2,1,1,452948.88,0
654,East India,Female,49,1,437091.93,2,0,1,680928.2,0
667,West India,Male,47,0,310026.83,2,1,1,797185.64,0
492,North India,Male,45,3,326292.04,2,1,0,586833.62,1
769,North India,Female,32,7,1611511.34,3,1,1,921097.91,0
583,South India,Male,29,6,0.0,2,1,0,403372.46,0
658,South India,Male,39,5,1006915.06,3,1,0,859425.3,1
679,West India,Male,46,9,645943.16,2,1,1,1304902.55,0
519,North India,Male,33,6,1102414.34,1,1,1,422661.35,0
553,West India,Female,47,3,1134617.23,2,1,0,535693.26,1
790,West India,Female,51,7,297164.44,1,1,0,708689.26,0
644,South India,Female,25,3,802760.73,1,1,1,375948.28,0
407,East India,Female,26,9,0.0,2,1,1,727550.19,0
622,West India,Female,34,7,322526.97,3,0,1,606130.12,0
647,North India,Female,39,10,371522.43,2,1,1,227024.99,0
669,West India,Male,30,4,2290808.98,2,0,1,382027.16,0
470,East India,Female,50,8,1598032.33,2,1,0,614036.2,0
647,North India,Male,40,6,449976.65,1,0,1,185901.45,0
575,East India,Female,36,9,0.0,2,0,0,301862.47,0
669,North India,Male,20,9,907123.75,2,1,1,494456.23,0
695,South India,Female,21,5,702951.1,2,1,1,1433837.62,0
685,West India,Female,39,1,322396.93,1,0,1,664954.58,0
776,West India,Female,18,5,0.0,1,0,1,418305.21,0
847,West India,Female,47,0,264138.72,3,0,1,459071.49,0
547,South India,Male,34,1,1942228.58,2,0,0,718139.13,0
615,West India,Male,71,4,714820.65,1,1,0,714505.68,1
716,West India,Male,61,6,489658.69,2,0,1,1148970.06,0
638,South India,Male,34,0,484183.6,2,0,0,666177.76,0
404,South India,Male,34,1,722792.66,2,1,0,406709.7,0
632,West India,Male,46,3,1346556.04,2,1,1,2428279.41,0
761,North India,Male,54,8,1333250.7,2,1,0,448788.01,0
524,South India,Female,18,7,1222421.21,2,0,0,1015580.71,0
669,North India,Female,18,9,0.0,1,1,0,931263.88,0
478,West India,Male,29,8,66432.57,1,1,0,512276.66,0
728,North India,Male,42,3,83728.33,2,0,0,1159427.12,0
671,South India,Male,41,10,778771.28,2,1,0,673707.54,0
598,North India,Male,47,6,1138309.77,4,1,1,852080.47,0
612,North India,Male,22,10,1199299.96,1,1,0,682912.77,0
515,South India,Male,18,2,0.0,2,0,0,383781.92,0
740,South India,Female,45,7,610819.94,1,1,0,490433.41,0
578,South India,Male,26,6,1036499.14,2,1,1,846853.45,0
695,North India,Male,18,7,0.0,1,0,1,233772.52,0
563,East India,Male,37,8,379615.34,2,0,1,505205.62,0
847,North India,Female,44,5,0.0,1,1,1,1324090.55,0
790,West India,Female,34,3,271693.32,1,1,1,1148496.37,0
836,West India,Male,30,2,1694650.63,2,0,1,464975.06,0
847,North India,Male,34,2,117617.66,2,0,1,355709.64,0
592,South India,Male,31,10,192974.55,2,0,1,305795.35,0
570,East India,Male,21,10,430352.87,2,1,1,190064.21,0
832,South India,Male,28,10,596909.7,2,1,1,849950.53,0
637,North India,Male,41,5,191021.53,2,1,1,816569.14,0
724,South India,Male,39,7,6177034.5,1,1,1,962072.59,0
594,South India,Male,37,7,3028652.5,1,1,0,1525718.35,0
595,West India,Female,25,10,0.0,1,1,1,511034.23,0
724,East India,Male,34,7,377552.24,1,1,1,1170430.16,0
472,North India,Male,18,8,265373.74,2,1,0,608451.22,1
720,North India,Male,37,0,943810.46,1,1,0,2599592.81,0
697,North India,Male,51,6,0.0,2,1,0,1157026.16,0
602,East India,Female,19,9,1998408.2,2,1,1,1230287.8,0
652,South India,Female,29,8,0.0,2,1,1,724773.88,0
666,West India,Male,39,10,922463.28,2,1,1,613048.44,0
671,South India,Female,49,1,436789.12,2,1,0,531629.37,1
712,West India,Female,31,3,0.0,2,1,0,370315.82,0
576,North India,Male,28,5,112076.81,1,1,0,276886.67,0
892,East India,Male,18,3,183654.37,2,1,0,338100.06,0
631,South India,Female,37,8,1232975.13,1,1,0,361857.8,0
638,West India,Male,58,9,0.0,1,1,1,1074799.21,0
825,North India,Male,39,0,253166.16,1,1,1,637490.24,0
485,West India,Male,35,8,1538737.41,2,1,0,443396.03,1
824,South India,Female,39,9,985651.72,3,0,1,766983.77,1
658,North India,Female,35,0,0.0,2,1,0,361893.13,0
602,South India,Female,27,0,257544.57,2,0,1,949332.96,0
549,South India,Female,45,4,0.0,2,1,1,289668.37,0
535,North India,Female,38,0,0.0,1,0,0,1184576.89,0
619,North India,Female,36,9,725916.87,1,1,1,585035.44,0
675,South India,Female,25,8,0.0,2,1,1,255624.63,0
706,North India,Female,50,5,2078579.25,1,0,0,343605.67,1
673,South India,Male,43,8,1318557.41,1,0,0,369665.68,0
604,South India,Female,29,4,0.0,2,0,1,1035793.29,0
770,North India,Female,47,5,533403.58,2,0,1,540256.24,0
890,North India,Female,30,1,749267.82,2,1,1,717930.5,0
784,West India,Female,27,8,377694.5,1,1,1,296623.71,0
617,North India,Female,27,2,33370.09,2,1,0,585623.11,0
695,West India,Female,18,4,977585.48,2,0,1,2347166.57,0
700,South India,Male,41,7,719049.81,2,0,1,295850.04,0
794,East India,Male,18,4,1695280.65,2,1,0,1133427.61,0
619,North India,Male,22,9,162714.2,1,1,0,731455.25,0
563,West India,Male,18,3,193100.22,2,0,1,864294.78,0
752,South India,Male,35,3,3112180.37,1,1,0,1618844.5,0
686,North India,Male,34,4,92269.4,4,1,0,275523.72,0
550,North India,Male,32,2,0.0,1,0,0,897259.99,0
713,South India,Female,24,9,808386.49,2,1,0,1452735.12,0
815,North India,Male,23,10,85955.62,1,0,0,493225.83,0
587,South India,Female,41,3,149680.93,1,1,1,1157744.04,0
569,East India,Female,29,4,742535.64,1,1,1,844888.89,0
652,South India,Male,39,3,259426.53,2,1,1,1103835.73,0
711,South India,Male,26,2,0.0,1,1,0,1244655.09,0
643,West India,Female,37,0,637975.77,2,0,1,421806.81,0
752,West India,Female,50,1,1009224.05,2,0,1,1333958.06,0
673,North India,Male,42,10,0.0,1,1,0,463874.22,0
741,West India,Male,31,8,542398.56,1,1,0,561921.0,0
585,South India,Male,38,9,593656.55,2,1,1,587541.31,0
539,North India,Male,33,1,0.0,2,1,1,618570.0,1
619,North India,Male,36,1,0.0,1,1,1,780123.58,0
528,North India,Male,32,4,1127920.54,2,1,0,1495413.98,0
686,South India,Female,34,9,0.0,2,1,0,804383.5,0
468,North India,Female,38,8,946974.71,1,1,1,320966.12,0
609,South India,Female,25,2,1030140.84,1,1,1,970629.93,0
624,South India,Female,24,8,0.0,1,0,0,308027.91,0
555,West India,Female,20,3,473205.33,2,1,1,336927.69,0
622,South India,Female,18,2,112846.42,2,0,1,1011562.89,0
650,West India,Male,22,4,1580303.95,1,1,1,924821.53,0
764,West India,Male,37,6,0.0,2,1,1,319736.42,0
556,West India,Female,26,6,780723.52,2,1,1,428665.71,0
682,West India,Female,41,1,0.0,1,1,0,767589.01,0
700,North India,Male,36,10,0.0,2,1,1,514095.16,0
648,North India,Male,18,6,145727.78,1,0,1,427692.21,0
605,South India,Female,43,6,528909.52,2,0,0,370583.42,0
547,South India,Male,44,1,112195.86,1,1,0,262653.67,0
820,North India,Male,25,9,520836.45,1,0,1,236313.17,0
656,North India,Female,40,8,0.0,1,1,1,555539.36,0
621,East India,Male,26,7,0.0,2,1,1,1760423.07,0
840,North India,Female,37,1,1536135.46,1,1,1,495343.52,0
670,South India,Female,22,5,696437.64,2,0,1,1419881.36,0
878,North India,Male,18,7,855863.58,1,1,0,778423.36,0
522,West India,Male,31,8,0.0,1,0,0,582947.63,0
628,South India,Male,34,0,426750.59,2,0,1,663353.36,1
526,North India,Male,31,6,985442.09,2,1,1,400570.76,0
639,East India,Female,22,9,1410931.96,1,1,0,828972.38,0
638,West India,Male,31,4,2431162.93,2,1,1,853582.15,0
608,West India,Male,38,8,253524.81,1,1,1,133141.93,0
654,East India,Male,35,8,339580.74,2,0,0,580369.68,0
613,South India,Male,38,2,290297.32,2,0,0,444138.68,0
640,West India,Male,28,9,252784.45,3,1,0,1192756.1,1
581,North India,Female,48,6,0.0,2,1,0,346019.89,0
779,West India,Male,23,2,596101.92,1,1,1,873268.67,0
550,North India,Male,41,3,1115530.12,2,1,0,895224.5,1
669,North India,Male,49,7,83605.57,2,1,0,189107.7,1
542,South India,Female,41,0,284473.25,1,0,0,735690.35,0
574,North India,Male,33,3,2514653.0,1,1,0,573462.66,0
584,South India,Female,30,3,0.0,1,1,0,631289.29,0
638,South India,Female,47,2,375430.11,1,1,0,1284086.66,0
665,South India,Female,20,1,894914.82,1,1,0,373280.2,0
550,North India,Male,25,7,171019.06,1,1,1,3017476.72,0
612,North India,Female,31,5,0.0,1,1,1,705243.55,0
560,South India,Female,49,1,352498.14,2,1,1,545333.57,0
556,West India,Female,40,7,76139.27,2,1,1,598887.12,0
752,North India,Male,25,7,0.0,1,0,1,409747.91,0
524,South India,Female,32,6,1489612.98,2,0,1,1248230.25,0
656,West India,Female,29,7,320912.26,1,0,1,719404.39,0
802,North India,Male,28,8,0.0,1,1,1,300284.0,0
758,South India,Male,46,2,0.0,2,1,1,342815.83,0
688,North India,Female,20,1,0.0,1,1,0,460165.74,0
648,East India,Male,53,10,446484.84,2,0,0,483875.21,0
716,North India,Female,45,6,589245.46,2,1,0,601212.12,1
683,North India,Male,47,1,2578963.36,1,1,1,548325.42,0
778,West India,Male,30,2,40326.15,2,1,0,590544.39,0
637,North India,Female,34,5,382267.31,2,0,0,1113359.17,0
740,South India,Male,20,8,1525956.51,2,0,1,1178375.55,0
620,North India,Female,30,8,0.0,1,1,1,178127.08,0
820,East India,Female,41,9,581141.82,2,1,0,1129881.77,0
635,West India,Female,50,1,315816.81,2,1,0,484104.4,0
504,South India,Female,23,0,142755.44,2,1,0,256286.99,0
656,North India,Female,31,5,325284.88,1,1,0,695319.99,0
718,North India,Male,34,6,0.0,2,1,0,336036.45,0
796,South India,Female,20,7,1192285.01,2,0,0,1163673.79,1
560,North India,Male,42,3,0.0,1,0,1,1546343.92,0
493,South India,Male,28,6,288821.48,2,1,1,1203591.78,0
694,South India,Male,33,8,858479.69,2,1,1,3581006.3,0
691,West India,Female,31,0,0.0,1,0,1,1245930.44,0
523,North India,Male,27,2,710455.33,1,1,0,1529156.48,0
620,South India,Male,35,4,187086.42,2,1,1,491683.94,0
624,West India,Female,33,6,0.0,2,1,1,248167.41,0
724,South India,Male,31,4,2066838.01,2,1,1,1157159.66,0
612,West India,Female,27,0,1017752.19,1,1,1,273897.37,0
610,North India,Female,39,0,330403.46,2,1,0,1186895.49,0
660,West India,Male,54,0,449631.74,1,0,1,1464785.63,0
525,East India,Male,37,7,65854.85,2,1,1,396838.96,0
821,North India,Female,46,6,636414.28,2,0,0,721073.35,0
734,South India,Male,20,2,0.0,1,1,0,746095.87,0
586,North India,Male,37,3,154450.86,2,1,0,911696.3,1
549,South India,Male,23,7,515733.1,2,0,1,803415.79,0
556,South India,Male,19,6,0.0,2,0,1,314302.58,0
702,North India,Male,27,6,1934807.19,1,1,0,1047701.11,0
559,West India,Male,49,5,0.0,1,1,0,489811.45,0
627,West India,Female,46,8,0.0,2,1,1,472027.04,0
497,East India,Male,38,5,523071.27,1,1,0,532032.31,0
698,South India,Female,19,0,0.0,1,1,1,304199.83,0
702,South India,Male,33,4,156184.06,2,1,0,335150.36,1
633,West India,Male,39,7,506909.08,1,0,0,479281.33,1
667,South India,Female,37,10,219446.42,2,0,1,272240.66,0
721,West India,Female,18,10,213977.95,1,0,1,344025.19,0
665,South India,Female,26,5,164117.4,2,1,1,362259.85,0
720,South India,Female,35,4,133330.83,1,1,1,432895.86,0
544,North India,Female,41,8,259519.7,1,1,1,1047030.01,0
684,North India,Male,18,6,0.0,1,1,1,852943.68,0
667,South India,Female,34,6,466103.71,1,1,0,340532.85,1
758,South India,Female,37,0,0.0,2,1,1,543791.98,0
652,West India,Female,45,1,0.0,2,1,1,516900.3,0
641,South India,Female,43,9,931329.41,2,1,1,328264.76,0
599,North India,Female,42,4,731043.44,1,1,1,879673.71,0
784,South India,Male,27,2,305476.11,3,0,1,456800.08,0
437,North India,Female,18,7,1481587.67,2,0,1,181383.87,1
696,North India,Female,31,3,316637.59,1,1,1,1872932.04,0
648,North India,Female,47,6,803477.86,2,0,0,1362585.01,0
633,North India,Female,51,4,2666459.27,2,1,1,909441.65,0
620,North India,Male,43,5,186808.85,2,1,1,309618.11,0
644,North India,Female,40,6,0.0,2,1,0,1224088.67,0
693,West India,Female,40,7,137656.95,2,1,0,1204262.61,0
578,North India,Female,29,2,0.0,1,0,1,572110.02,0
662,North India,Male,34,2,528426.97,2,1,1,912747.62,0
681,East India,Female,54,1,1085637.49,2,0,1,337525.11,0
564,South India,Male,25,5,1215080.77,2,1,1,610855.29,0
695,North India,Female,53,10,0.0,1,0,1,605942.22,0
682,North India,Male,32,1,1018808.5,2,0,1,193150.84,0
578,South India,Female,50,0,0.0,1,1,0,659518.07,0
543,South India,Male,20,0,1602995.66,1,0,1,466011.4,0
576,North India,Male,42,8,137466.77,1,1,0,402037.83,0
662,North India,Female,27,0,0.0,4,1,1,567861.02,0
643,East India,Male,20,6,531533.57,1,1,1,320978.31,0
775,South India,Female,38,4,300261.17,2,0,0,533143.86,0
616,South India,Female,47,5,0.0,2,1,0,617310.7,0
569,North India,Female,26,9,2111155.12,1,1,1,1174092.21,0
709,North India,Male,19,8,315901.91,2,1,1,212244.4,0
561,South India,Female,34,2,327736.56,2,1,0,1020969.97,0
578,East India,Male,35,5,1113299.28,2,1,1,293761.84,0
580,North India,Female,42,6,257010.56,2,0,1,423173.64,0
380,East India,Female,46,1,393865.46,1,1,1,296078.02,0
701,North India,Male,35,5,154615.59,3,1,0,668355.55,0
734,South India,Male,56,5,0.0,1,1,0,766996.64,0
732,North India,Male,38,4,0.0,2,0,0,977101.26,1
819,South India,Female,32,6,0.0,1,1,1,532305.21,0
785,South India,Male,18,8,559014.97,1,1,0,338755.03,0
619,West India,Female,33,6,2488681.04,2,0,0,739662.57,1
749,South India,Female,32,1,522727.8,2,0,1,592552.24,0
641,South India,Female,46,3,945787.11,1,1,0,1296846.3,0
611,West India,Female,41,0,954964.5,1,1,0,856899.04,0
581,North India,Male,23,1,1085788.57,1,0,0,464394.97,0
625,South India,Female,37,8,0.0,1,1,0,1505936.44,1
679,North India,Female,43,6,708177.57,3,1,0,295136.61,0
792,South India,Female,52,10,0.0,2,1,0,788825.36,0
715,West India,Male,45,7,1325700.26,1,0,1,383498.24,0
580,North India,Male,44,7,0.0,2,0,0,1233875.94,0
556,East India,Male,36,10,396526.86,1,1,0,976197.23,0
701,West India,Male,40,1,261891.91,1,0,0,457494.91,1
731,South India,Male,49,4,420514.07,1,1,1,985704.86,0
760,North India,Male,21,0,1032026.14,2,1,1,1228808.11,0
625,West India,Female,32,8,574843.64,1,0,1,691905.74,0
692,West India,Male,27,4,1463025.74,1,1,1,1440553.93,0
727,North India,Female,40,0,318449.48,2,0,0,350179.19,0
528,East India,Male,49,10,377665.0,2,0,1,561216.03,1
674,East India,Female,29,6,0.0,2,0,0,283156.31,0
731,South India,Female,18,8,0.0,2,0,0,299103.43,0
695,West India,Female,31,0,74823.69,2,1,0,842207.74,0
642,South India,Female,46,0,1875398.69,2,0,0,603527.2,0
884,South India,Male,41,0,1449965.32,2,1,1,2087031.43,0
823,North India,Female,40,6,2229409.39,2,1,1,609560.4,0
650,North India,Male,32,9,697898.84,2,1,1,470425.91,0
632,West India,Male,21,2,5621990.49,1,0,1,380300.09,1
713,North India,Male,41,8,1502204.03,2,1,1,570184.82,0
644,South India,Female,26,8,0.0,1,0,1,289390.33,0
764,West India,Male,60,6,761617.3,2,0,1,259377.11,0
535,North India,Female,42,2,0.0,1,1,0,1009608.19,0
628,North India,Male,29,9,494353.78,1,1,0,487023.24,0
711,South India,Female,29,7,353818.41,1,1,0,454598.18,0
740,North India,Female,34,5,416758.23,1,1,1,668878.68,0
516,West India,Male,33,3,459975.89,1,1,0,316902.41,0
564,South India,Male,48,7,1046003.7,1,1,0,2097429.48,0
499,South India,Female,38,2,549693.55,2,0,0,504478.16,0
571,North India,Male,27,0,0.0,2,1,1,642345.89,0
535,North India,Male,56,3,116571.6,2,0,1,336711.6,0
698,North India,Female,36,8,977377.52,2,1,0,550394.35,0
670,North India,Male,44,6,211001.08,1,0,0,348575.9,0
636,South India,Male,29,0,81352.58,2,0,0,793451.65,0
652,South India,Male,39,0,513612.16,3,1,0,1440063.51,1
757,North India,Male,39,0,0.0,2,1,0,974500.75,0
556,North India,Male,18,5,526336.23,1,0,1,574823.46,0
476,South India,Male,58,9,261985.17,1,0,1,330646.6,0
713,West India,Male,50,9,0.0,2,0,0,816572.52,0
614,South India,Male,31,8,151660.43,1,1,1,285129.0,0
558,North India,Female,23,10,0.0,1,1,0,1110959.83,0
699,West India,Female,39,2,0.0,1,1,0,840202.08,0
472,East India,Female,36,10,0.0,1,1,1,310305.8,0
572,North India,Male,39,2,771742.81,1,0,0,726325.14,1
435,South India,Male,38,10,1339096.05,2,0,0,638726.66,1
673,South India,Female,41,6,0.0,1,0,1,285125.37,1
791,East India,Female,51,10,0.0,1,1,0,694025.34,0
598,South India,Male,42,5,422094.87,1,1,1,302815.43,0
578,East India,Male,24,8,220066.05,1,0,1,480276.43,0
810,North India,Male,50,2,169875.12,1,1,1,200321.92,0
706,North India,Female,54,6,0.0,1,1,1,532880.5,0
864,West India,Male,70,6,743985.26,2,1,1,372649.97,0
664,West India,Female,23,8,396553.2,3,1,0,832933.93,0
670,West India,Female,38,5,865899.87,3,1,1,606023.04,0
780,West India,Female,18,8,943889.07,1,1,1,1671767.6,0
636,West India,Female,42,5,0.0,1,1,0,634122.29,0
672,South India,Male,29,1,802719.08,2,0,1,487405.62,0
432,South India,Female,57,5,5163671.54,1,1,0,190891.3,1
806,South India,Female,27,4,0.0,1,0,0,245196.76,0
685,South India,Female,18,5,89350.06,2,1,0,415893.84,0
640,South India,Female,30,8,3172372.31,1,1,0,560424.05,1
731,South India,Female,18,5,1009020.66,1,0,1,778411.7,0
543,North India,Male,44,4,209605.63,2,0,0,464079.63,0
600,North India,Male,18,4,305316.33,2,0,1,748124.05,0
699,East India,Female,36,2,1662493.42,1,1,0,969252.2,0
653,North India,Male,18,4,866577.76,1,0,1,846686.65,0
690,North India,Male,32,4,0.0,2,0,0,341962.13,1
672,South India,Male,54,9,202822.54,1,0,0,1308777.31,0
706,North India,Female,39,2,393712.91,2,1,1,340573.74,0
531,South India,Male,26,6,313522.44,2,1,1,872951.22,1
765,North India,Female,35,7,0.0,1,1,0,1090934.54,0
606,North India,Male,36,6,526834.89,2,1,0,1140021.01,0
655,West India,Male,41,1,553398.53,2,1,1,587953.13,0
595,West India,Male,20,10,568717.29,1,1,1,254920.96,0
624,North India,Male,42,6,364689.08,2,0,0,291300.74,0
670,West India,Female,18,0,146294.35,1,1,1,834708.58,0
716,South India,Female,29,2,1050412.33,1,0,0,433217.85,1
731,West India,Female,30,9,827372.78,2,1,0,561594.73,0
688,South India,Male,42,3,466642.94,2,1,0,586871.88,0
596,North India,Male,36,5,477683.5,1,1,1,766675.47,0
683,West India,Male,20,8,338622.87,1,1,0,695706.22,0
671,South India,Male,25,8,1373694.95,2,0,1,432381.12,0
655,North India,Male,38,5,0.0,1,1,1,899314.24,0
698,South India,Female,35,8,0.0,1,0,0,807636.52,0
535,West India,Male,29,5,658805.01,2,1,0,644035.48,0
467,South India,Male,30,6,0.0,1,1,0,965812.49,0
757,North India,Female,43,5,361634.27,2,0,1,915884.28,0
638,West India,Male,30,2,0.0,2,1,1,1171572.1,0
687,West India,Female,35,10,761457.51,1,1,0,838108.16,0
571,South India,Female,59,0,267929.82,1,0,0,644330.42,0
763,South India,Male,20,3,321493.31,1,1,0,727131.35,0
681,South India,Male,18,0,505255.22,2,1,0,767103.08,0
633,North India,Female,44,9,168538.96,4,1,0,771215.17,1
675,West India,Male,28,10,192150.64,2,1,0,397487.5,0
493,West India,Male,32,0,0.0,1,1,1,847878.77,0
683,South India,Female,27,4,155071.62,1,1,1,831060.15,0
783,North India,Male,33,7,413298.34,2,0,1,210958.97,0
678,North India,Male,53,0,572194.92,2,1,1,419876.86,0
666,South India,Female,44,4,0.0,2,1,0,277578.51,0
621,North India,Female,45,10,0.0,2,1,1,797354.07,0
747,South India,Male,20,7,100185.92,1,1,0,822204.21,0
760,South India,Male,23,2,470917.18,2,0,0,448425.2,1
611,North India,Male,18,5,457484.37,1,1,1,667144.89,1
682,South India,Male,27,6,429526.77,2,1,0,368022.21,0
670,South India,Female,46,9,1957354.22,1,1,0,741862.49,0
686,South India,Female,41,7,0.0,1,1,0,422344.61,0
580,North India,Female,33,2,136352.07,2,0,0,334575.5,0
752,North India,Male,35,10,651757.61,3,0,1,1499578.1,0
700,West India,Male,28,0,270981.33,1,1,0,382001.31,1
758,West India,Male,38,9,1082440.89,1,1,1,723671.49,0
549,West India,Male,44,7,315899.29,2,1,1,583276.87,0
554,North India,Male,18,3,908309.52,2,0,0,733445.05,0
835,North India,Male,39,1,706284.94,2,0,1,1250372.06,0
753,South India,Male,46,0,0.0,1,0,1,572264.4,0
576,West India,Female,31,5,0.0,1,1,0,848099.5,0
728,West India,Female,43,0,0.0,2,1,0,450096.33,0
608,West India,Male,66,5,608400.65,4,1,0,1310330.54,1
497,North India,Male,34,7,143351.26,1,1,0,465494.93,0
460,West India,Female,40,2,3213470.37,1,1,0,507742.59,1
648,West India,Female,27,5,0.0,2,1,0,725585.98,0
790,North India,Male,37,5,592130.25,3,1,0,842863.3,1
786,South India,Female,41,4,1013931.1,1,1,1,292204.27,0
763,South India,Female,38,2,164423.6,2,1,1,188110.65,0
724,North India,Male,24,10,145754.56,2,1,0,274802.96,0
678,South India,Male,38,10,112834.35,2,1,1,283283.89,0
753,West India,Male,52,5,71453.88,1,1,1,523298.65,0
469,West India,Male,40,10,566051.17,1,1,1,719098.69,0
739,East India,Male,46,0,341809.42,1,1,0,1220617.35,0
549,South India,Female,33,3,596914.66,2,0,1,378007.43,0
567,South India,Female,44,10,453013.8,3,0,1,707315.81,1
712,West India,Male,39,7,1574698.31,1,1,1,450119.65,0
733,South India,Female,25,5,464854.34,1,1,0,375616.83,0
595,North India,Female,39,3,104986.05,1,1,1,1227854.92,0
708,West India,Male,25,5,272420.62,1,1,0,511947.25,1
700,North India,Male,29,0,5413102.73,2,1,0,1057154.81,0
622,North India,Female,38,2,201029.06,2,1,1,891742.98,0
663,North India,Male,39,6,837256.09,2,0,1,311994.22,0
837,East India,Male,22,0,1452406.57,2,0,1,660200.08,0
624,North India,Male,47,1,657815.63,1,1,1,884955.09,0
627,South India,Male,42,10,0.0,2,0,0,796250.73,0
663,East India,Male,28,2,436362.07,2,0,1,455401.41,0
633,South India,Male,19,3,0.0,1,0,0,721320.16,0
721,North India,Female,34,5,1138592.91,1,1,1,606466.38,0
782,South India,Male,31,8,496935.14,1,1,0,323295.75,0
627,North India,Male,37,0,3076842.46,1,1,0,432563.54,0
572,North India,Male,32,3,880946.78,1,0,1,650145.69,1
827,West India,Male,18,3,44227.08,2,1,1,896036.1,0
660,North India,Female,31,5,337246.71,1,1,0,455908.46,0
496,West India,Male,32,0,74154.6,1,1,1,670036.88,1
817,South India,Female,42,8,2164648.09,2,1,1,329367.29,0
751,North India,Male,28,0,138317.07,1,1,0,957637.45,0
794,South India,Male,54,9,1234140.53,1,1,0,1094095.56,0
779,North India,Female,18,0,1051387.81,2,1,1,406576.73,0
888,North India,Male,50,2,266849.68,1,1,1,926496.31,0
556,South India,Female,33,0,1596592.75,1,1,0,693988.05,0
578,North India,Male,45,3,557810.42,2,1,1,416377.36,0
605,West India,Female,36,6,0.0,2,0,0,1436017.97,1
603,North India,Female,48,8,123899.03,3,1,1,1752341.21,0
661,South India,Female,31,3,1824403.22,2,1,1,346659.82,1
605,West India,Female,23,5,0.0,1,0,0,575554.19,0
542,South India,Female,51,1,212109.95,1,0,1,266040.55,0
571,West India,Female,34,6,0.0,1,1,0,575099.62,0
623,South India,Male,38,7,231385.93,2,1,0,382407.19,0
752,East India,Male,49,2,2048096.94,1,1,1,695862.64,0
598,North India,Male,24,0,170625.08,2,1,1,542587.22,0
722,East India,Male,42,1,712634.28,1,1,0,514021.82,0
531,South India,Male,29,1,0.0,3,1,0,659979.92,1
362,West India,Female,34,5,0.0,1,0,0,764958.56,0
638,East India,Male,36,6,481821.74,2,1,1,1222786.48,0
595,South India,Female,19,4,93226.03,2,1,1,283437.82,0
570,West India,Male,27,10,0.0,2,0,1,638341.28,1
560,South India,Male,50,9,0.0,4,1,0,676728.4,0
586,South India,Female,45,0,3613081.76,1,1,1,1416743.01,0
561,South India,Male,35,4,433075.06,1,1,0,339934.46,1
569,North India,Male,38,7,0.0,1,0,1,397205.07,0
527,South India,Male,32,9,329231.93,2,0,0,388714.13,0
458,East India,Female,50,1,0.0,1,1,1,826991.89,0
451,West India,Male,33,7,2697687.03,1,1,1,896834.43,0
871,West India,Male,38,5,875169.99,1,0,1,418924.62,0
644,South India,Female,48,0,193569.7,1,1,0,1487070.49,0
787,North India,Male,27,9,0.0,2,1,0,358135.05,0
634,North India,Female,53,8,186132.51,2,1,1,372644.95,0
637,North India,Male,19,10,0.0,2,1,0,470464.83,0
677,North India,Male,53,7,182578.75,1,0,1,406197.37,0
707,West India,Female,31,4,0.0,2,1,0,697652.34,0
537,West India,Female,33,3,235575.9,2,0,0,504285.9,0
615,North India,Female,18,0,0.0,3,1,1,472179.08,0
677,North India,Female,30,1,729023.86,1,1,1,536074.72,0
475,North India,Male,24,4,399751.69,2,1,1,1135966.74,0
766,North India,Male,29,4,1199563.82,1,0,1,1885130.67,0
745,South India,Male,34,7,516682.39,2,1,1,521711.62,0
460,North India,Female,46,4,0.0,2,1,0,699150.16,0
570,North India,Female,38,4,0.0,2,1,0,879347.45,0
659,East India,Female,39,2,0.0,2,1,0,767343.52,0
725,North India,Male,23,6,978142.27,2,1,0,989209.85,0
787,West India,Male,26,5,50605.42,2,0,1,255951.41,0
592,South India,Female,55,4,1406113.03,1,1,0,617097.29,0
860,North India,Female,27,10,0.0,1,0,0,390238.86,0
645,West India,Female,54,1,112954.92,1,1,1,472916.3,0
629,South India,Female,33,3,0.0,1,1,0,1785553.23,0
700,North India,Male,36,2,1994392.72,2,1,1,725634.26,0
677,North India,Male,47,6,911352.7,2,1,0,460025.98,0
672,West India,Male,49,8,61142.22,1,1,0,681870.56,0
829,South India,Male,34,2,552555.28,1,1,1,295277.52,0
672,South India,Male,31,6,297388.73,2,0,0,559445.68,0
561,North India,Male,35,8,0.0,1,0,1,1011335.31,0
574,North India,Male,39,4,0.0,1,0,0,1005009.54,0
782,West India,Female,45,7,785084.62,2,1,1,1240335.07,0
711,West India,Female,36,7,833370.91,1,1,1,992118.28,0
509,South India,Female,42,6,0.0,1,0,1,263943.24,0
505,North India,Male,54,0,0.0,2,1,1,571369.98,0
652,East India,Male,40,4,200276.9,2,1,1,183405.53,0
705,South India,Male,39,9,368205.37,1,1,1,407274.29,0
588,West India,Female,19,8,1689598.11,1,0,0,1489897.37,1
498,North India,Male,18,8,378307.83,1,1,1,282675.97,0
548,South India,Male,40,5,0.0,1,0,0,364643.52,0
798,West India,Female,34,7,277724.47,2,0,0,864205.65,1
694,North India,Male,30,3,598298.77,2,0,0,622297.63,0
740,West India,Female,38,8,600797.74,2,1,1,737240.98,0
754,West India,Male,35,1,0.0,2,0,1,516939.19,0
593,North India,Male,48,1,2207221.63,3,1,1,602327.03,1
616,West India,Male,36,6,0.0,1,1,1,1157502.72,1
634,North India,Female,27,3,1244038.65,1,1,0,1003777.19,1
687,West India,Female,46,10,211298.28,1,1,1,377099.41,0
748,East India,Male,33,3,2631449.04,1,1,1,858229.75,0
818,East India,Male,41,1,369400.15,1,1,0,842197.02,0
723,West India,Male,30,8,1189062.8,1,1,1,385776.99,1
723,South India,Female,28,1,0.0,2,0,1,426704.85,1
823,West India,Female,36,8,0.0,1,1,0,450979.89,0
631,West India,Female,36,4,0.0,2,1,1,698161.97,0
757,North India,Male,41,4,276713.2,1,1,1,958541.63,0
702,North India,Male,33,6,0.0,1,1,1,545885.82,0
705,South India,Male,18,4,254291.42,1,1,0,558433.87,0
630,North India,Female,31,5,0.0,2,1,1,842545.7,0
524,East India,Female,44,2,0.0,1,1,1,286990.93,0
681,South India,Male,32,2,2378102.36,1,1,0,376447.48,1
681,North India,Male,33,2,211490.78,2,1,1,542680.19,0
598,South India,Male,46,0,244440.5,2,1,0,345430.74,1
641,West India,Male,28,2,575989.28,1,1,1,583302.56,0
570,East India,Female,19,3,657243.75,2,1,0,349664.82,0
571,North India,Male,34,5,272744.33,2,1,1,527457.65,0
606,West India,Female,30,10,130633.74,3,1,1,756583.21,0
530,South India,Female,25,3,749875.05,2,1,1,590098.03,0
597,South India,Female,34,2,274016.26,2,0,0,213462.41,0
714,West India,Female,41,7,1169701.79,1,1,0,491041.29,0
781,North India,Female,35,4,0.0,1,1,0,353020.3,0
836,South India,Female,39,2,0.0,1,1,0,686519.12,0
613,North India,Male,55,3,0.0,2,1,1,584089.66,0
758,North India,Female,32,3,478366.84,1,0,1,275719.44,0
680,North India,Female,39,2,220882.93,2,0,0,635988.54,1
628,North India,Male,30,8,885828.28,1,0,1,527055.32,0
686,South India,Female,26,3,413997.75,2,1,1,236740.71,0
749,North India,Female,29,7,621765.33,1,1,1,294841.3,0
605,South India,Female,30,8,593494.48,2,1,1,486154.54,0
603,South India,Male,39,6,175954.72,2,1,1,559387.69,0
613,East India,Female,61,2,2714978.73,1,1,0,461977.21,0
593,South India,Male,28,0,1746602.01,1,0,1,375345.48,0
757,East India,Female,31,8,0.0,2,1,1,800993.42,0
581,North India,Male,35,3,120603.89,1,0,0,1070268.6,0
597,West India,Female,40,2,413535.73,3,1,1,622497.66,1
678,North India,Male,38,6,198028.74,4,0,1,298802.76,0
670,West India,Male,50,9,332801.5,2,1,1,1991267.35,0
613,South India,Male,18,8,348435.22,2,1,0,646250.4,0
801,South India,Male,18,6,103911.51,2,1,0,737767.84,0
593,North India,Female,30,10,0.0,1,1,0,536652.4,0
634,North India,Female,48,8,132679.58,1,1,1,531948.83,0
476,West India,Male,18,6,951832.01,1,1,0,817163.4,0
622,East India,Male,18,10,0.0,3,1,1,451036.08,0
530,North India,Male,42,7,1102312.11,1,0,1,271759.06,0
567,East India,Female,38,7,109860.58,2,1,1,630702.41,0
473,North India,Male,24,7,622393.07,1,1,1,316304.69,0
569,West India,Male,25,1,688037.15,1,1,1,824419.04,0
643,East India,Male,25,1,559565.17,1,0,1,309333.16,0
628,North India,Male,37,1,924996.79,4,0,0,918945.04,1
612,South India,Male,29,6,226717.99,2,1,1,1064091.8,0
620,North India,Male,41,7,0.0,2,1,1,457106.45,0
604,South India,Female,18,9,218117.28,2,1,0,390795.69,0
646,West India,Female,26,0,0.0,1,1,1,403498.56,0
640,West India,Male,23,7,849577.01,2,0,0,814205.04,0
674,East India,Female,33,10,1775712.19,1,0,0,958870.49,0
631,North India,Male,30,7,95904.2,2,0,0,623100.32,1
610,South India,Female,44,4,163362.55,2,1,1,627662.98,0
720,South India,Male,18,2,582951.55,1,1,1,1056185.94,1
704,East India,Female,36,0,0.0,1,1,1,342515.02,0
647,North India,Female,42,3,42402.3,2,1,0,1289863.84,0
757,East India,Male,56,6,68118.48,2,0,0,1346962.83,0
657,South India,Female,30,6,2687127.59,1,1,1,1304081.77,0
635,South India,Male,39,4,6041562.45,3,1,0,549157.43,0
643,South India,Female,18,5,0.0,2,1,1,211302.32,0
664,West India,Male,18,8,0.0,1,0,1,651318.77,0
567,South India,Male,45,6,0.0,2,0,1,850586.78,1
481,West India,Female,35,1,89073.75,1,0,0,1688799.05,0
675,South India,Male,48,1,472911.23,3,0,0,330587.47,0
725,South India,Male,20,1,86863.37,1,1,1,1471353.2,0
559,North India,Male,41,10,194141.72,2,1,1,372275.51,0
746,West India,Female,56,1,374949.02,2,1,0,779818.55,0
501,North India,Male,40,4,612941.58,1,0,1,660802.34,0
599,West India,Male,39,9,1366855.97,1,1,0,468413.11,0
803,South India,Female,36,4,96517.86,2,1,1,466465.86,0
682,South India,Male,18,7,8075641.55,1,1,1,1042118.85,1
622,South India,Male,50,4,492137.87,2,1,1,374959.88,0
672,South India,Male,29,10,112236.8,1,1,1,3274119.55,0
757,West India,Male,41,7,1302361.77,3,1,0,1774850.19,0
519,West India,Male,18,5,798127.32,1,0,0,844411.96,1
768,North India,Female,23,9,0.0,3,0,1,784756.75,0
605,East India,Male,51,3,0.0,1,1,1,584942.82,0
713,South India,Male,32,9,1112048.31,1,1,1,598068.23,0
594,West India,Male,51,3,259447.07,2,1,1,350815.98,0
801,North India,Male,35,2,0.0,1,0,0,463177.25,0
647,North India,Female,18,8,537409.35,2,1,1,378870.5,0
530,South India,Male,45,10,135900.26,4,1,1,723231.49,0
692,North India,Male,29,10,2634847.03,3,1,1,598414.76,0
767,East India,Male,43,10,624181.13,3,0,1,483777.09,0
756,North India,Female,36,4,631496.69,1,1,0,904184.76,0
658,North India,Male,19,7,0.0,2,1,0,932455.74,0
723,North India,Male,37,10,242584.31,2,1,0,670595.39,0
612,North India,Female,60,10,1455721.57,2,0,0,872802.14,0
703,South India,Male,41,3,249101.19,2,0,0,603544.97,0
682,South India,Female,35,2,191546.65,1,0,1,338928.81,0
389,South India,Female,47,10,187948.54,2,1,1,1160356.94,0
559,North India,Male,38,5,192317.85,3,1,1,306343.9,0
668,North India,Male,38,5,487909.41,1,0,0,2286001.27,0
664,North India,Female,23,5,232671.83,1,0,1,987610.19,0
647,West India,Female,38,1,347805.58,2,1,0,711642.64,0
658,West India,Female,47,5,0.0,2,1,0,430892.93,0
758,West India,Male,26,4,484325.7,1,0,1,590979.42,0
681,East India,Male,51,4,2314985.77,2,1,0,1149643.53,0
440,West India,Female,34,2,231041.46,2,0,1,736793.06,0
825,South India,Male,26,4,130615.16,1,1,0,260837.01,0
478,South India,Female,46,9,1553659.98,1,1,0,376787.39,0
736,East India,Male,32,0,621802.26,2,0,0,577660.24,0
509,South India,Female,44,0,473689.4,1,1,0,1204065.86,0
778,North India,Male,32,6,0.0,1,0,0,1087462.5,0
624,South India,Male,35,9,196426.09,4,1,0,659305.05,0
684,East India,Female,41,6,0.0,2,1,0,1587411.59,0
471,West India,Male,39,8,1180484.73,2,1,0,206350.02,1
715,North India,Male,18,8,0.0,1,0,0,1289028.77,0
687,East India,Male,23,10,176712.29,2,0,1,716151.67,0
705,East India,Female,46,6,116255.46,2,1,0,1140898.65,0
735,North India,Female,34,9,253462.7,2,1,0,801740.64,0
666,West India,Male,30,8,113904.29,1,1,1,372329.59,0
631,West India,Male,21,9,1724547.73,2,1,1,2033250.83,0
577,North India,Male,24,8,142857.4,1,1,0,1334627.91,1
610,West India,Female,18,2,1116454.98,4,0,1,803137.75,0
758,North India,Male,34,3,0.0,2,1,0,1654721.7,0
574,West India,Male,29,0,1070895.53,3,1,1,295234.21,1
484,East India,Male,25,1,0.0,2,0,1,1532916.59,0
561,South India,Male,35,7,2392335.15,2,0,0,474757.82,0
704,South India,Female,40,8,147121.99,1,1,0,546643.23,0
622,East India,Male,59,8,136656.7,2,1,0,306693.41,1
704,East India,Male,19,8,0.0,1,1,1,446569.97,0
469,North India,Male,48,10,4928529.95,1,1,1,642652.16,1
381,East India,Female,46,0,227400.51,2,0,0,370417.85,1
673,North India,Male,27,10,459079.88,2,0,0,828785.74,0
740,North India,Male,38,7,0.0,1,1,1,611533.19,0
496,West India,Male,30,4,348236.14,1,1,1,710381.94,0
697,West India,Female,38,2,1490677.06,2,1,1,494810.69,0
757,West India,Female,52,5,0.0,2,0,0,561091.69,0
649,North India,Male,42,3,1441192.82,2,0,0,1395721.04,1
731,North India,Male,41,0,2451551.4,1,1,1,583101.52,0
667,East India,Male,31,2,600591.04,1,1,0,1000513.2,0
626,North India,Female,19,1,345224.9,1,1,0,539035.14,0
723,North India,Male,33,0,860406.51,2,1,1,238349.45,0
822,West India,Female,49,9,1600949.99,2,1,0,875042.38,0
599,South India,Female,19,8,267623.07,1,0,1,810386.43,0
642,South India,Male,24,10,1043595.86,2,0,1,429424.39,0
560,North India,Male,37,2,569814.21,2,0,0,519519.29,1
663,West India,Female,25,10,0.0,3,1,0,632637.79,0
635,East India,Male,27,0,19420.52,1,1,0,2089175.15,0
754,North India,Female,31,2,1171357.11,2,1,1,921751.28,0
777,South India,Male,20,0,556429.2,1,1,0,910470.0,0
720,North India,Male,25,0,497566.94,1,1,1,397602.98,0
744,West India,Female,43,8,0.0,2,1,1,242593.45,0
586,North India,Female,21,0,110566.89,3,1,1,1165089.24,0
564,West India,Male,18,4,189481.75,1,1,1,359413.42,0
689,South India,Female,29,4,0.0,2,0,0,378176.95,0
651,South India,Male,44,0,1715584.06,1,0,1,983442.34,0
829,West India,Male,33,8,204125.65,1,1,0,373811.33,0
477,South India,Male,30,4,276186.9,1,0,0,587026.95,1
705,West India,Male,36,1,855882.09,2,1,0,905803.24,0
704,South India,Male,18,10,0.0,2,0,1,844947.16,0
581,North India,Male,41,6,737601.24,1,1,1,920017.01,0
562,South India,Female,40,8,0.0,2,0,1,643581.53,0
619,South India,Female,31,10,0.0,1,0,1,1369068.37,0
502,South India,Male,47,10,0.0,2,1,1,292836.49,0
781,West India,Female,23,3,1050713.21,1,1,1,488369.76,0
893,South India,Male,48,4,0.0,2,1,1,1749124.9,0
619,West India,Male,37,8,193860.34,3,1,1,221694.2,1
592,South India,Female,32,1,218590.11,1,0,0,735442.37,0
532,North India,Male,35,4,512857.65,1,1,1,221962.71,0
551,North India,Female,34,10,0.0,1,0,0,755232.84,0
596,West India,Male,49,5,229419.23,2,1,0,730562.19,0
758,North India,Male,24,2,327511.37,2,1,1,984067.55,0
900,North India,Male,27,9,0.0,2,0,1,431840.58,0
584,North India,Female,47,8,0.0,1,1,1,475736.17,0
568,South India,Female,29,10,0.0,1,1,0,340551.14,0
544,South India,Female,45,9,0.0,2,0,0,1110181.64,0
690,North India,Male,54,7,891854.28,1,0,1,926098.11,1
680,South India,Male,31,3,680440.88,2,0,0,695216.39,0
659,South India,Female,43,4,205687.68,1,0,1,1182730.62,0
610,West India,Male,23,7,1978942.97,1,1,0,1036044.19,1
772,West India,Male,44,9,609068.49,1,0,1,760196.49,0
718,West India,Female,38,9,5898864.33,1,1,1,409731.99,0
714,South India,Male,41,0,1800970.11,1,0,1,272881.1,1
683,North India,Male,28,7,531333.53,2,1,1,516083.45,0
632,West India,Female,18,5,377422.49,1,0,0,569177.07,0
585,North India,Female,41,6,2390805.42,1,1,0,402764.15,1
696,South India,Female,18,3,260033.51,1,0,0,769865.2,0
688,East India,Male,32,10,0.0,2,0,1,316029.02,0
701,East India,Male,46,5,0.0,2,1,0,437605.23,0
509,West India,Female,38,9,64701.93,1,1,1,315019.96,0
680,East India,Female,57,9,634294.77,3,1,0,891077.3,0
622,West India,Male,47,3,0.0,1,1,0,877928.63,0
570,West India,Female,28,9,0.0,1,1,0,458695.82,0
715,North India,Female,36,9,0.0,1,1,0,1262953.3,0
665,East India,Male,35,1,0.0,2,1,0,839141.5,0
861,West India,Female,18,0,102309.96,2,0,0,617017.9,0
693,North India,Male,25,3,1320321.28,2,1,1,538759.92,0
623,South India,Male,29,6,1167748.66,2,0,1,1797153.34,0
640,North India,Male,18,7,563254.44,2,1,1,610444.02,1
544,East India,Male,36,2,227913.81,4,1,0,952489.5,0
760,South India,Female,33,2,304489.0,2,0,0,874507.44,0
678,North India,Female,18,4,799047.2,4,0,1,1462807.93,0
679,North India,Female,40,9,0.0,2,1,0,554957.47,0
554,East India,Male,43,9,2543584.5,1,1,0,658360.92,0
720,South India,Male,38,6,1035718.55,2,1,0,602558.15,0
565,South India,Male,32,3,3454455.26,2,0,0,219143.65,1
600,South India,Male,42,6,0.0,1,1,1,446677.08,0
661,North India,Male,43,1,294246.36,1,1,1,570425.47,1
597,North India,Male,39,10,196798.18,3,1,1,476736.68,1
578,South India,Male,26,0,872278.89,2,1,1,1697263.11,0
645,South India,Male,39,5,1262027.2,1,1,0,293778.98,0
740,South India,Male,49,3,0.0,1,1,1,367603.55,0
730,South India,Male,29,6,0.0,1,1,1,538656.59,0
713,North India,Female,59,0,307777.56,1,1,0,1115254.77,0
693,East India,Male,30,0,3967525.72,2,0,1,903787.64,0
607,North India,Male,36,4,0.0,2,1,1,805276.14,0
750,North India,Female,28,0,10537548.82,2,1,0,365478.28,1
493,North India,Female,38,1,0.0,2,1,0,574495.32,0
689,North India,Female,18,2,265343.37,1,1,0,997147.87,1
725,North India,Male,29,0,0.0,1,1,0,911920.27,0
641,South India,Male,23,7,1438804.02,3,1,0,337539.43,0
584,West India,Female,37,1,856203.12,1,1,0,451164.72,0
646,North India,Female,46,1,0.0,2,1,0,467262.04,0
581,South India,Male,43,7,0.0,1,1,1,1103018.56,0
696,East India,Male,18,6,261113.58,2,0,0,666577.31,0
735,North India,Male,58,2,191731.46,2,1,1,679217.13,0
690,West India,Male,39,4,0.0,1,0,1,899009.73,0
684,North India,Female,27,2,565457.88,1,1,0,1562711.84,0
718,North India,Male,37,10,606344.22,2,1,1,661106.4,0
728,South India,Female,37,10,0.0,1,1,1,723441.11,0
579,North India,Male,28,4,2300074.69,2,1,0,290673.82,1
511,East India,Female,38,8,489753.47,2,1,1,1217700.52,0
675,North India,Male,29,2,0.0,1,0,1,1117637.2,0
733,South India,Male,31,10,63342.68,2,0,1,727188.43,0
507,South India,Male,28,2,297659.12,1,0,1,2131292.33,0
656,North India,Female,20,0,5721450.57,1,1,1,1677508.67,0
751,West India,Female,37,4,0.0,2,1,0,807160.68,0
639,South India,Male,42,2,259782.77,2,0,1,1302215.25,0
786,West India,Female,41,2,0.0,2,1,0,291316.46,0
770,West India,Male,45,3,0.0,1,0,1,210342.93,0
633,North India,Female,39,1,0.0,2,1,1,313076.6,0
616,South India,Female,30,1,128748.23,2,0,1,391797.77,1
618,North India,Female,45,7,111937.85,2,0,1,360971.55,0
662,North India,Male,21,2,0.0,2,1,0,356202.72,1
544,North India,Male,26,3,0.0,2,1,1,749026.04,1
527,East India,Female,25,1,320725.16,2,0,1,648127.12,0
445,South India,Male,47,4,533735.81,2,0,1,784848.93,0
648,North India,Male,46,8,0.0,4,1,0,913892.45,0
833,North India,Female,41,8,1463563.26,2,1,0,1486407.41,0
470,North India,Male,47,7,2406886.21,1,1,1,761905.1,0
633,North India,Female,26,8,2025258.73,1,0,0,511145.37,0
630,South India,Female,39,8,438244.09,1,1,1,408238.29,0
636,North India,Female,34,8,594761.87,1,1,0,208985.54,0
763,North India,Male,45,9,2903823.57,3,0,0,551408.54,0
570,West India,Male,34,1,2082300.7,1,1,0,335296.09,1
474,East India,Male,31,2,373515.48,3,1,0,787206.62,1
601,South India,Male,41,3,1491283.43,1,0,0,801456.81,0
589,West India,Male,45,0,198053.57,2,0,1,555939.27,0
449,North India,Male,28,5,89403.82,2,0,0,1548295.41,0
672,West India,Male,35,1,98181.08,1,1,0,789184.93,0
543,North India,Male,24,3,0.0,4,1,0,1093272.84,0
642,West India,Female,18,4,0.0,4,0,1,452679.23,0
617,West India,Male,38,3,1118451.66,1,0,0,328856.93,1
553,West India,Male,42,5,2059696.8,1,0,1,436716.6,0
730,West India,Female,38,9,118768.81,1,1,1,271993.21,0
624,South India,Female,18,9,0.0,2,0,0,469503.53,0
654,North India,Male,32,5,0.0,2,1,0,417946.67,0
702,South India,Female,18,8,960341.2,1,0,0,699552.1,0
675,South India,Male,51,8,115701.63,1,1,0,798890.43,1
663,North India,Male,24,0,438782.5,1,0,1,696631.06,0
575,South India,Female,49,9,176360.49,3,1,0,719422.8,0
549,West India,Female,46,7,0.0,2,1,1,805086.03,0
664,North India,Male,26,4,0.0,1,1,1,1176482.66,0
563,South India,Female,23,0,106279.72,1,1,1,695675.36,0
721,West India,Female,39,4,0.0,2,1,0,416562.97,0
638,North India,Female,26,5,760510.53,2,0,1,291713.2,0
708,South India,Male,37,6,1947038.13,1,0,1,468717.58,1
561,East India,Male,30,2,0.0,2,0,0,649983.15,0
547,West India,Male,18,8,831760.73,2,0,0,275672.31,0
801,South India,Male,18,2,232148.02,2,1,1,374622.43,0
636,North India,Male,38,0,0.0,1,0,0,330271.05,0
732,North India,Female,29,2,207930.04,2,1,1,610898.82,0
522,North India,Female,29,6,0.0,1,0,0,481578.72,0
624,North India,Female,43,9,1305374.43,2,0,1,512458.48,0
767,East India,Male,48,0,493540.83,1,0,1,540955.03,0
509,East India,Male,33,3,466981.77,2,1,1,411770.78,0
854,West India,Male,32,6,939640.68,1,1,1,481371.18,0
668,South India,Male,41,10,0.0,2,1,0,593551.33,0
576,North India,Female,21,2,2946765.24,3,1,1,778655.61,0
681,South India,Male,38,6,196417.81,1,1,0,382872.09,0
749,South India,Female,42,3,179668.27,2,1,0,246460.98,0
575,South India,Male,43,6,0.0,1,1,0,714028.81,0
588,West India,Male,18,8,1010253.19,1,1,1,345944.7,1
672,West India,Female,27,9,129192.11,1,0,1,474341.71,0
691,West India,Male,26,4,0.0,1,0,1,1126219.96,0
632,South India,Male,37,2,261519.86,1,1,1,640590.04,0
686,West India,Male,41,0,598454.96,2,1,0,1264300.77,0
726,North India,Female,52,2,442108.28,2,0,1,565160.67,0
665,West India,Female,30,3,131837.22,3,0,0,227040.41,1
587,North India,Female,30,1,529690.06,1,1,1,952824.24,1
648,North India,Female,48,3,216024.16,1,1,1,415968.0,0
808,North India,Female,39,4,0.0,2,0,1,547843.6,0
679,North India,Female,49,7,412796.27,2,1,1,463623.87,0
761,East India,Male,39,10,728890.81,2,0,1,287101.03,0
603,South India,Male,23,10,215087.63,2,0,0,424349.3,0
673,East India,Male,21,4,345034.7,2,1,1,577791.64,0
721,North India,Female,18,1,909586.44,1,1,1,1130240.26,0
784,North India,Male,43,0,1941861.08,2,1,0,584485.97,0
760,South India,Male,49,8,310671.62,1,1,1,460450.01,0
549,North India,Female,56,3,723900.48,2,1,0,409696.88,0
753,South India,Male,45,8,138423.43,1,0,1,823705.96,0
801,South India,Female,48,8,0.0,1,1,1,853276.56,0
598,West India,Female,29,0,133471.23,1,1,0,1149865.89,1
569,South India,Male,23,6,423133.41,3,1,0,364349.15,0
647,South India,Female,45,10,812927.85,1,1,0,182258.58,1
666,North India,Female,40,5,0.0,2,1,1,957370.56,0
618,West India,Male,37,1,0.0,1,1,0,582273.97,0
543,West India,Female,40,9,214219.58,1,1,1,474776.34,0
782,South India,Female,39,3,91520.52,2,1,0,399157.51,0
572,North India,Male,50,4,0.0,1,1,1,555195.39,0
604,South India,Male,50,4,452488.08,1,1,0,541324.66,0
659,East India,Male,41,6,0.0,1,1,0,336685.62,0
517,North India,Male,45,9,176917.47,3,1,1,412420.42,0
510,West India,Male,41,1,357951.96,2,1,0,366589.1,0
611,South India,Female,30,2,1819554.12,2,1,0,804210.51,0
724,South India,Male,44,1,982128.45,2,0,0,466054.22,0
666,East India,Female,20,6,0.0,1,1,0,506281.64,0
464,South India,Male,47,6,0.0,2,0,0,560950.2,0
775,West India,Male,22,8,714606.23,2,1,0,344365.04,0
721,South India,Female,39,3,521569.24,1,1,1,210728.91,1
667,North India,Female,26,3,0.0,2,1,1,1134849.29,0
664,West India,Male,42,5,0.0,2,1,1,483312.39,0
710,East India,Male,35,2,398695.9,2,1,1,632304.73,0
859,West India,Female,18,2,0.0,1,1,0,818505.38,1
729,North India,Male,40,8,183375.34,2,0,1,261483.99,0
676,North India,Male,29,6,701730.2,2,1,1,882213.68,0
539,South India,Male,45,8,194544.27,1,0,0,481814.82,0
664,South India,Female,36,1,1832137.72,1,1,0,814395.8,0
719,North India,Male,40,3,0.0,2,0,1,759277.4,1
639,North India,Female,25,7,341928.82,1,0,0,415849.93,0
602,West India,Female,29,8,526348.54,1,1,1,962618.26,0
699,West India,Female,30,2,89237.53,2,0,1,1076402.7,1
561,West India,Male,45,7,0.0,1,1,0,918600.01,0
728,East India,Male,54,7,0.0,3,1,1,825603.64,0
610,North India,Male,27,2,329774.0,2,1,1,290438.87,0
458,West India,Male,47,10,338568.49,1,1,0,1022796.15,0
609,West India,Female,18,7,0.0,1,0,1,1083373.21,0
644,East India,Female,22,5,380697.82,1,1,1,683903.46,0
699,North India,Female,25,8,951881.11,1,0,1,383920.39,0
689,North India,Female,21,0,1984102.7,2,0,0,841125.66,1
533,West India,Female,18,8,173353.04,1,1,1,304388.95,0
660,East India,Male,40,7,2220148.73,2,1,1,694217.29,0
601,West India,Female,33,9,3712838.67,2,0,1,440274.12,1
617,West India,Male,40,7,483567.95,1,1,1,268103.65,0
560,South India,Female,43,7,219198.61,1,1,0,896597.98,0
645,West India,Male,38,9,0.0,1,1,1,2083381.64,0
900,West India,Female,43,6,0.0,1,1,1,997347.39,0
817,West India,Male,35,2,453131.36,3,1,0,444159.32,0
560,West India,Female,22,5,0.0,2,0,1,401736.47,0
655,North India,Female,47,9,509205.48,2,1,1,1299431.92,0
621,West India,Female,29,7,672213.48,2,1,0,301868.9,0
662,South India,Female,25,7,0.0,2,0,0,613450.75,0
732,East India,Male,34,3,3228822.44,1,1,1,557704.65,0
638,South India,Male,25,7,113029.07,2,1,1,993882.31,0
585,South India,Female,31,7,1432376.17,2,1,1,398070.43,0
754,East India,Female,39,10,274235.59,1,1,0,987947.17,0
538,North India,Male,39,0,193996.81,1,0,0,462220.74,0
667,North India,Male,26,10,993418.3,2,1,1,706698.28,0
516,West India,Male,30,4,1546254.59,1,0,1,432657.65,0
557,North India,Male,47,6,0.0,2,1,0,360165.32,0
717,North India,Male,41,7,337220.01,2,0,0,1607581.5,0
588,West India,Male,58,8,350352.15,2,1,0,806940.46,1
481,South India,Male,48,10,4504889.14,2,1,1,866034.11,0
584,North India,Male,48,10,351756.97,1,1,0,380599.53,0
575,North India,Female,20,5,1017397.56,1,0,1,871057.78,0
536,North India,Male,44,9,424678.92,2,1,1,962460.7,0
699,South India,Female,35,4,515484.55,2,1,0,259959.49,0
510,North India,Female,29,7,1726651.24,1,0,0,339228.61,1
597,West India,Male,37,5,0.0,1,1,0,1301576.59,0
662,South India,Female,46,1,285561.94,2,0,1,1108716.64,0
619,North India,Female,41,8,0.0,2,1,1,428808.42,0
613,North India,Male,26,8,620277.4,2,1,0,627209.39,0
584,South India,Male,44,0,304773.45,3,1,1,216359.65,1
540,North India,Male,28,8,0.0,2,1,0,831850.69,0
592,South India,Female,38,4,128501.76,1,0,0,913800.16,0
709,East India,Male,32,8,636283.39,1,0,1,1068588.25,0
610,South India,Male,33,10,512959.32,2,0,0,1041894.5,0
665,North India,Female,44,4,0.0,1,1,0,286154.51,0
750,West India,Male,24,9,388365.36,3,1,1,260038.28,0
703,North India,Female,57,5,1115726.69,1,1,0,511324.81,0
535,North India,Male,18,8,1064226.85,1,1,1,237116.88,1
690,North India,Female,29,6,310893.91,1,1,0,526579.57,0
744,East India,Male,40,3,837680.06,2,1,1,346684.04,0
597,East India,Male,42,5,0.0,2,0,1,546272.55,0
507,North India,Male,34,7,1131371.84,2,1,0,347863.59,0
610,South India,Female,35,4,409222.2,2,1,1,813150.64,0
666,North India,Male,40,3,983065.16,2,1,0,1415258.02,1
703,West India,Female,33,6,0.0,1,1,0,497284.33,0
603,North India,Female,51,2,1030444.51,2,0,1,943442.48,0
466,North India,Female,45,3,3358697.25,1,1,1,454238.59,0
535,West India,Male,45,6,0.0,2,1,1,364185.32,0
682,North India,Female,25,10,127583.72,1,1,0,416180.66,0
829,North India,Female,35,4,348725.41,1,1,1,381780.53,0
648,West India,Male,32,0,0.0,1,1,0,480457.37,1
768,West India,Male,24,5,213076.8,1,1,1,825137.44,0
554,West India,Female,39,8,3736785.58,1,1,0,938169.58,1
591,East India,Female,30,9,0.0,1,1,0,391535.52,1
439,South India,Male,43,2,200938.76,2,0,0,663639.51,0
683,North India,Female,24,3,566812.79,1,1,1,519154.13,0
569,North India,Male,54,10,0.0,2,1,1,966406.1,0
703,North India,Male,26,9,376322.21,2,0,0,713013.11,0
604,North India,Male,38,1,632815.42,1,1,1,730003.42,0
831,South India,Male,44,2,0.0,1,0,0,539072.48,0
811,North India,Female,29,4,560311.93,1,0,1,764748.25,0
442,South India,Male,45,5,263631.76,2,0,1,196550.67,0
703,North India,Male,22,1,335105.02,1,1,0,548148.48,0
583,South India,Male,51,10,161224.4,2,1,1,960067.18,0
708,West India,Male,36,1,367117.12,1,1,1,591014.81,0
529,South India,Female,29,5,1058487.04,2,1,0,401395.85,0
779,North India,Female,32,0,0.0,2,1,0,839347.59,0
742,East India,Male,44,1,1780509.73,2,1,1,817918.16,0
522,West India,Female,29,3,491913.47,1,1,0,1367598.08,0
633,South India,Male,27,0,0.0,1,1,1,909460.68,0
664,South India,Female,33,4,0.0,1,1,1,445397.11,0
714,South India,Female,23,2,380133.76,2,1,1,542420.0,0
648,North India,Male,56,9,0.0,1,1,1,966930.58,1
720,North India,Female,29,0,162384.53,1,1,1,1032434.38,0
643,South India,Male,45,3,0.0,1,0,0,315034.3,1
705,South India,Male,38,0,951635.65,4,0,0,263393.09,1
526,North India,Male,25,1,227829.67,1,1,1,205605.32,0
647,North India,Female,35,10,3681951.81,1,1,0,374526.02,1
753,North India,Male,44,9,207842.59,2,1,1,742666.73,0
776,East India,Female,33,6,69057.6,1,1,1,362415.3,0
665,North India,Female,49,0,0.0,2,1,1,871362.05,0
641,North India,Male,47,5,564992.67,2,0,0,1288241.47,0
773,South India,Male,46,3,195075.24,1,1,1,306447.97,0
640,South India,Female,30,5,507825.75,1,1,1,339801.76,0
753,South India,Male,24,4,297365.95,1,0,0,448530.87,1
640,South India,Male,29,10,553349.88,2,0,1,419465.49,0
653,South India,Female,38,10,375565.63,4,1,1,475367.53,0
550,West India,Female,42,5,0.0,1,0,0,413736.71,0
537,North India,Male,18,4,963192.44,1,0,1,2100757.64,0
738,South India,Female,35,1,2395182.63,1,1,0,538009.57,1
805,East India,Male,37,9,749911.64,1,1,0,229100.93,0
659,North India,Male,32,3,0.0,2,1,0,420703.79,0
635,North India,Female,50,6,160247.22,2,1,0,772824.19,0
742,North India,Female,40,3,6114660.75,2,0,1,233500.68,1
680,North India,Male,50,4,19375.74,2,1,1,612847.42,0
434,North India,Male,33,1,0.0,1,0,0,716859.85,0
739,North India,Female,46,2,58213.84,2,0,0,564322.21,0
529,North India,Male,53,4,900154.97,2,1,1,384605.91,0
648,South India,Male,50,3,153189.38,2,0,1,655849.84,0
610,North India,Male,23,2,529681.0,1,0,0,1225222.44,0
592,West India,Female,33,1,701055.49,1,1,1,575367.32,0
654,West India,Male,32,8,0.0,2,1,1,422550.82,1
730,South India,Male,41,1,462042.72,2,1,1,662449.83,0
652,East India,Male,43,8,135616.27,2,0,1,391331.71,0
776,West India,Male,26,3,1334363.34,1,1,1,765569.66,0
788,West India,Male,36,9,1970163.11,1,0,1,610049.01,0
787,North India,Male,18,8,968715.04,2,0,0,645614.95,0
644,West India,Male,51,8,992410.86,1,1,1,1106246.56,0
606,East India,Female,30,9,915508.37,2,1,1,495249.4,0
646,North India,Male,36,4,665958.86,4,1,1,310495.5,0
751,West India,Male,32,6,367299.88,2,0,1,349515.29,0
745,West India,Female,48,3,0.0,1,0,0,870668.63,0
416,North India,Female,18,10,2142571.78,1,0,0,384789.49,0
677,South India,Female,35,9,229255.97,2,1,0,860171.4,0
436,North India,Male,34,3,1116504.17,2,1,0,428174.26,0
648,North India,Male,31,0,637251.61,1,1,1,644816.2,0
602,North India,Female,54,9,29302.63,2,1,1,1105258.75,0
574,South India,Female,26,8,391829.68,2,1,0,343324.79,0
726,South India,Male,44,9,0.0,1,1,0,514170.33,0
591,East India,Male,39,7,0.0,2,1,0,402408.72,0
649,South India,Female,49,8,0.0,1,1,0,1375972.68,0
566,North India,Male,28,0,141063.11,1,1,0,268003.73,0
656,North India,Male,27,1,0.0,1,0,0,331183.71,0
736,West India,Male,48,10,272203.97,1,1,0,897279.18,0
570,South India,Female,40,7,479762.71,1,0,0,1942685.27,0
707,West India,Female,19,7,1217361.31,2,1,0,463358.88,0
655,North India,Female,30,0,435460.21,1,0,0,626915.17,1
654,South India,Male,40,9,0.0,2,1,0,532293.08,0
618,North India,Male,45,4,0.0,2,0,1,998823.1,0
719,North India,Male,28,5,220906.55,1,0,0,1292469.99,0
710,West India,Female,18,4,0.0,1,0,1,783348.84,0
637,South India,Female,41,5,565586.45,1,1,0,333363.99,1
668,North India,Female,22,6,0.0,2,1,0,346206.11,0
716,West India,Male,18,10,1272471.28,2,1,0,820889.64,0
698,South India,Female,18,9,1054608.76,1,1,0,900862.88,0
622,North India,Male,44,5,0.0,1,1,0,365797.85,0
754,East India,Male,37,2,0.0,2,1,1,549880.92,1
727,North India,Male,33,5,0.0,1,0,0,1167134.93,0
840,West India,Male,51,8,35548.63,1,1,0,438217.83,0
508,West India,Female,43,5,0.0,1,1,1,615385.1,0
713,North India,Male,53,5,659913.39,2,0,1,951648.38,0
753,South India,Female,20,4,300169.17,2,1,0,290178.56,1
740,North India,Male,35,10,0.0,2,0,1,1542193.56,0
627,South India,Male,18,0,662004.72,1,1,0,905704.4,0
527,West India,Male,33,4,0.0,2,1,1,558400.95,0
788,North India,Male,33,10,541206.4,3,1,1,827236.98,0
606,North India,Male,42,0,0.0,2,1,1,608777.78,0
623,South India,Male,36,7,0.0,1,1,1,694400.62,0
835,South India,Male,42,0,0.0,1,0,1,875573.06,0
535,West India,Female,43,7,51550.81,2,1,0,1237433.85,1
723,West India,Female,59,3,0.0,2,1,0,499049.47,0
582,West India,Female,32,2,244221.76,1,1,1,1257903.53,0
580,West India,Male,25,3,0.0,1,1,0,1015737.72,0
665,North India,Male,38,1,0.0,2,1,1,1110402.97,0
710,South India,Male,27,2,1170945.54,1,1,1,1066991.49,0
735,South India,Female,52,3,0.0,1,1,0,254105.54,0
747,East India,Male,32,8,0.0,2,0,1,846405.31,0
586,South India,Male,29,9,512862.01,1,1,0,420869.94,1
547,East India,Female,30,1,455927.48,1,0,1,242331.83,0
619,West India,Male,43,2,0.0,2,0,1,370190.3,0
681,West India,Female,34,3,1129394.22,1,1,0,244921.63,1
631,South India,Male,28,2,349910.33,1,1,0,665832.15,0
323,South India,Male,54,2,172906.16,1,1,1,629416.91,0
485,South India,Female,26,8,364303.98,1,0,1,585096.94,0
628,North India,Male,36,4,174981.65,1,1,0,366193.52,0
726,East India,Male,43,10,3052377.2,1,0,0,364252.68,1
568,West India,Male,18,8,0.0,2,0,0,706755.0,0
715,West India,Female,41,5,0.0,1,1,0,741305.17,0
515,South India,Female,24,9,314234.63,1,0,1,248650.54,0
673,North India,Female,45,7,1246110.78,1,1,1,1326765.89,0
673,West India,Female,25,0,1396989.56,2,1,1,463400.08,0
692,South India,Male,43,7,0.0,2,1,0,318326.37,1
559,West India,Male,48,0,371832.38,1,1,1,2346051.38,0
510,West India,Male,45,8,0.0,2,0,1,696629.05,0
715,North India,Female,38,2,59767.34,1,1,0,215525.07,0
512,South India,Male,33,8,0.0,1,0,1,728331.63,0
580,West India,Female,29,7,0.0,1,0,0,740567.29,0
775,South India,Female,52,6,227510.51,1,0,1,420945.98,0
665,South India,Female,28,0,681871.54,3,1,0,1217899.19,0
683,North India,Male,24,6,0.0,2,1,0,575693.43,0
706,North India,Male,43,1,269505.04,1,0,0,890000.22,0
703,West India,Male,27,1,424012.21,1,0,0,233729.87,0
648,North India,Male,25,8,993444.21,2,0,0,1050708.91,0
568,West India,Female,20,8,764697.36,2,0,0,192915.92,1
891,South India,Male,30,0,914955.82,2,1,1,923664.9,0
623,East India,Female,35,10,112094.94,1,0,0,440423.48,0
679,East India,Female,38,6,572537.65,1,1,1,566648.45,0
689,West India,Female,46,4,247004.84,2,1,0,1007322.82,1
602,South India,Male,41,5,297986.07,1,1,0,661458.54,0
611,South India,Male,33,0,0.0,1,1,1,891853.84,0
783,North India,Male,33,5,109996.31,2,1,0,1154419.62,0
583,North India,Male,41,10,1115092.07,3,1,1,714957.58,1
687,South India,Male,49,0,0.0,2,1,0,467893.06,0
730,West India,Male,37,3,1744292.48,2,0,0,359768.65,0
630,North India,Female,30,1,407385.59,2,0,0,515872.28,0
641,South India,Male,25,1,4183918.26,2,1,1,204154.04,1
736,South India,Male,20,0,68030.43,2,1,1,928976.04,0
637,East India,Male,43,6,70434.52,2,1,1,1073118.54,0
463,North India,Female,42,10,1647066.33,1,1,0,381214.76,1
785,North India,Female,42,1,0.0,1,0,0,697134.38,0
562,East India,Male,34,6,115570.32,1,1,1,230949.69,0
669,North India,Female,51,1,214631.16,1,1,1,637310.43,0
531,West India,Female,30,6,354333.11,2,1,1,246973.58,0
604,South India,Female,46,3,628711.54,1,1,1,244429.97,0
610,South India,Male,35,8,0.0,1,1,0,586792.02,0
665,South India,Female,29,0,447187.35,2,1,0,469831.38,0
571,West India,Male,42,2,0.0,1,0,1,727515.21,1
828,North India,Female,40,4,942477.24,2,0,0,179475.95,1
652,North India,Male,39,6,611978.42,2,0,0,654549.97,0
729,South India,Female,36,6,228920.35,1,1,1,793995.69,0
649,South India,Female,35,5,1733080.56,1,1,1,471673.26,0
739,South India,Male,62,4,147695.51,1,1,0,235922.14,0
460,East India,Female,49,4,0.0,1,1,0,1258581.54,1
586,East India,Male,43,3,1120434.72,1,0,1,667851.54,1
603,North India,Male,37,8,0.0,1,1,1,493027.21,1
602,North India,Male,47,7,1478964.14,2,0,0,540764.26,0
696,North India,Female,41,8,288750.71,2,0,0,555555.7,1
702,East India,Male,36,6,2626052.71,2,0,1,789150.61,0
643,South India,Male,32,10,296367.49,1,0,0,479268.3,1
645,South India,Female,35,10,438427.63,2,1,0,359661.32,0
869,West India,Female,18,4,1691592.47,2,1,1,1325930.52,0
679,South India,Female,38,10,381216.99,1,1,1,1069777.9,0
449,North India,Male,30,9,558996.22,2,1,1,520072.39,0
719,South India,Male,53,1,172920.25,2,1,1,192474.93,0
700,South India,Male,36,3,0.0,1,0,1,560166.13,0
754,West India,Female,22,5,0.0,1,0,0,1015182.6,0
703,South India,Male,35,7,0.0,2,0,1,382495.03,0
568,North India,Male,24,10,1649995.38,1,0,1,894854.97,0
730,North India,Female,41,4,439835.78,1,0,1,353525.17,0
658,West India,Male,39,8,0.0,1,0,0,530083.9,0
744,West India,Male,46,3,0.0,2,1,0,987357.12,0
789,North India,Male,27,5,129654.39,1,0,1,472447.67,0
639,North India,Male,36,3,251258.46,1,1,0,473029.64,0
728,South India,Male,20,5,2081890.38,3,0,0,871709.6,0
743,South India,Male,43,9,3357374.41,2,1,1,399256.22,1
664,North India,Female,41,2,1132753.35,1,1,1,567229.86,0
826,South India,Male,41,10,980267.41,3,1,1,702117.13,0
744,East India,Male,36,7,328968.06,1,0,1,446434.47,0
597,South India,Female,40,3,196311.75,1,1,1,1833968.78,0
673,South India,Female,53,6,616824.2,2,0,0,528064.27,0
727,West India,Female,32,9,283609.1,2,1,1,215953.01,0
822,North India,Female,37,7,553420.01,2,1,0,613916.19,0
705,South India,Female,24,8,751246.46,2,0,1,977067.61,0
676,South India,Male,26,1,215103.86,3,1,1,688804.02,0
763,South India,Female,37,2,0.0,2,1,0,265447.54,0
630,East India,Male,48,8,82963.36,1,1,0,3892437.39,0
560,North India,Male,33,6,1167202.03,2,1,1,1403468.97,0
713,North India,Male,33,6,0.0,2,0,1,920174.79,0
615,East India,Male,31,3,0.0,2,1,1,835144.61,0
894,North India,Male,30,0,0.0,2,1,1,685057.58,0
672,South India,Male,39,7,428847.13,4,0,0,403665.42,0
713,South India,Male,19,9,941618.96,2,0,1,691435.61,0
593,East India,Female,50,8,0.0,2,1,1,1354927.65,0
763,South India,Female,28,10,0.0,3,0,0,311765.21,0
647,South India,Female,43,3,249464.15,1,0,1,205478.17,0
638,South India,Female,22,0,429747.27,1,0,1,731503.56,0
640,East India,Male,43,8,850482.66,2,0,1,335873.21,0
533,West India,Female,43,4,1436657.51,1,0,1,351918.27,1
627,North India,Male,40,5,163721.14,2,0,0,389659.09,0
699,West India,Male,25,1,48695.47,1,1,0,444796.72,0
510,West India,Male,38,4,297113.76,3,0,1,259936.74,1
741,West India,Male,22,0,0.0,1,0,1,536603.25,0
625,West India,Male,33,2,1045854.05,2,1,0,112168.15,1
672,South India,Male,47,0,192660.13,3,0,1,772711.22,0
448,South India,Male,44,0,2325186.31,1,1,1,876847.8,1
670,West India,Male,36,8,0.0,2,0,1,425939.95,0
556,North India,Male,25,5,434775.8,2,1,1,592245.9,0
618,North India,Female,43,7,260215.59,1,1,1,739342.77,1
508,North India,Male,36,4,0.0,1,1,1,1528473.97,0
570,West India,Male,18,8,271048.48,1,1,1,494627.86,0
635,West India,Female,44,3,575365.68,2,1,0,904358.66,0
625,South India,Female,35,9,0.0,2,1,0,584465.64,0
729,West India,Male,49,7,218817.48,2,1,1,308447.85,0
481,West India,Female,23,5,0.0,1,1,0,626864.12,0
645,East India,Male,18,10,2213046.33,1,0,1,580285.89,0
641,North India,Male,39,9,1563945.8,1,1,1,655468.47,0
608,South India,Male,39,10,675878.25,1,1,1,898594.72,0
567,West India,Female,18,4,0.0,1,1,0,1198683.16,0
749,North India,Male,25,4,291443.26,1,1,1,423359.53,0
834,North India,Female,66,2,561504.91,2,0,1,1264749.09,0
495,South India,Male,32,3,0.0,1,0,0,541171.45,0
566,West India,Female,44,9,0.0,1,1,0,524403.97,0
559,South India,Male,28,4,0.0,1,0,0,521191.82,0
624,South India,Male,18,8,0.0,2,0,0,411190.76,0
763,South India,Male,34,9,0.0,1,1,0,1209692.5,0
697,North India,Female,33,2,0.0,1,1,0,221073.97,1
636,East India,Male,31,4,195017.2,1,1,0,733596.87,0
651,North India,Female,34,10,994833.36,2,1,1,260376.86,0
621,South India,Female,38,8,572614.7,2,1,0,926533.05,0
716,North India,Male,34,0,425953.9,1,0,0,481070.15,0
727,South India,Female,22,4,299969.78,4,0,0,1004868.35,0
703,East India,Female,41,3,203475.66,1,1,1,494028.75,0
452,East India,Male,18,0,1427959.88,1,1,1,305671.44,0
651,South India,Male,18,0,108710.1,1,0,1,737976.6,0
633,North India,Male,44,6,833930.63,1,0,1,569287.71,0
739,North India,Male,41,5,95017.32,1,1,0,376755.73,0
671,North India,Male,35,0,1079898.6,2,1,1,232182.99,0
700,South India,Male,20,3,780332.37,1,0,1,1303505.0,0
605,South India,Female,28,6,0.0,2,1,1,460002.49,0
734,West India,Male,33,10,1229451.59,2,1,1,608544.42,0
761,West India,Female,18,5,0.0,1,1,0,192900.19,0
503,North India,Male,27,9,347258.76,2,0,1,644242.02,0
533,West India,Male,43,1,1188284.21,1,1,1,570304.09,0
718,West India,Female,51,10,454199.53,2,1,0,606250.56,0
634,South India,Female,31,8,179549.08,2,1,1,970132.38,0
742,East India,Male,44,9,1799341.74,1,1,1,644959.17,0
671,West India,Male,18,2,117960.92,1,1,0,1020562.76,0
712,South India,Male,43,1,0.0,1,0,1,417894.46,0
582,East India,Female,27,0,1450019.57,2,1,0,259200.19,0
680,South India,Male,39,2,332480.93,2,1,0,874801.87,0
680,South India,Female,33,5,0.0,1,1,0,691226.79,0
587,South India,Male,50,9,0.0,1,1,1,542597.83,0
740,West India,Male,26,0,96902.58,1,1,0,677540.64,0
479,North India,Male,42,1,0.0,1,1,1,534110.85,0
668,South India,Male,32,8,324626.88,2,1,1,791305.37,0
533,South India,Male,34,0,364880.75,3,1,0,871726.24,0
557,South India,Male,33,0,1239858.3,1,0,0,928576.4,1
738,West India,Male,26,8,1460422.44,2,1,1,965184.91,0
551,South India,Female,35,2,0.0,1,0,1,1168449.06,0
547,North India,Male,35,5,141347.61,1,0,1,766838.59,0
702,West India,Female,38,2,726774.42,1,1,1,593942.63,0
550,West India,Male,36,1,750422.81,1,1,1,906349.85,1
741,West India,Male,44,10,535420.62,1,1,1,436098.1,0
708,North India,Female,46,2,898564.26,2,0,1,664129.39,0
580,South India,Female,24,9,696338.02,2,0,0,330086.51,1
738,West India,Male,45,3,0.0,1,1,0,326309.27,1
475,South India,Female,22,10,181296.79,2,1,0,213237.04,0
692,West India,Female,42,0,0.0,1,1,0,554177.08,1
537,North India,Female,42,2,416158.16,2,1,1,602225.25,0
602,South India,Male,18,6,0.0,1,1,1,889488.27,0
608,South India,Female,37,1,389161.95,1,1,1,334545.63,0
765,South India,Female,30,6,0.0,1,1,1,475248.37,0
604,South India,Female,27,3,241567.82,1,1,1,755448.7,0
642,North India,Female,50,6,0.0,2,1,1,277735.45,0
610,West India,Female,28,10,689174.93,2,1,0,557018.72,0
561,North India,Male,27,2,136207.4,1,0,0,2034329.67,0
557,South India,Male,36,6,0.0,1,0,0,1067383.76,0
677,North India,Male,43,9,337134.08,1,0,0,753434.79,0
647,South India,Male,34,6,464548.34,2,1,1,399265.71,0
718,South India,Male,48,2,647644.12,2,1,1,784165.65,0
628,West India,Female,41,5,3634354.22,2,1,1,796960.36,0
631,South India,Male,18,8,0.0,1,1,1,1050184.53,0
718,North India,Female,30,10,1482206.5,1,1,1,610767.58,0
616,South India,Female,29,6,116202.56,2,0,1,356159.61,0
520,West India,Male,41,4,0.0,1,1,0,881321.44,0
726,North India,Female,18,10,885456.18,2,1,1,484123.62,0
589,South India,Male,64,0,90610.67,1,1,1,339081.17,0
656,South India,Female,41,7,278298.44,2,0,0,108413.64,0
593,North India,Female,37,3,289722.16,2,1,0,464731.15,0
562,North India,Male,48,10,102873.88,2,1,1,478325.38,0
479,North India,Male,61,1,727654.81,2,1,0,807409.5,0
680,South India,Male,45,8,452682.51,2,1,1,825586.95,0
344,North India,Female,46,2,726666.27,2,1,1,833819.43,0
766,South India,Female,37,5,503166.25,2,0,0,953917.15,1
742,North India,Male,34,2,178653.42,2,0,1,543354.08,0
568,South India,Female,30,6,3637336.38,2,0,0,605633.14,0
792,North India,Male,26,1,0.0,2,0,1,423691.54,0
835,South India,Male,28,3,177413.75,2,0,1,452111.29,1
625,West India,Female,21,10,0.0,2,1,0,380527.57,0
686,South India,Male,35,9,356542.89,1,0,0,613696.81,1
662,South India,Female,18,8,147077.62,2,1,1,461412.51,0
786,West India,Female,38,10,19063.5,2,1,0,414451.23,0
524,North India,Female,35,7,783337.04,2,0,1,538766.06,0
629,North India,Male,37,7,134568.1,2,1,0,498988.28,1
732,North India,Male,30,7,0.0,1,1,0,358968.78,0
723,North India,Male,69,6,728902.8,2,1,1,299095.53,0
646,North India,Female,50,5,122921.46,2,0,0,152445.71,0
775,South India,Female,22,7,0.0,1,1,1,505753.32,0
671,North India,Male,38,6,3362755.6,2,0,0,446668.02,0
660,East India,Female,29,0,391708.83,1,1,0,236109.52,0
712,West India,Male,24,5,531203.58,1,1,1,216580.85,0
644,East India,Male,21,7,260276.86,2,1,0,1044462.76,0
654,North India,Male,40,4,1069022.29,2,1,0,500544.01,0
579,West India,Male,28,5,0.0,1,1,1,1855611.43,0
900,West India,Male,46,1,395098.49,1,0,1,281690.23,0
607,East India,Male,46,10,635636.07,4,1,1,627012.98,1
715,South India,Female,51,1,360208.67,1,1,0,732204.74,0
821,West India,Female,26,1,0.0,2,1,0,454054.15,0
529,North India,Male,41,5,346680.13,2,0,1,1250522.87,1
705,North India,Female,42,4,0.0,2,1,1,589954.22,0
652,North India,Male,30,5,912514.01,2,0,0,1256825.61,0
811,East India,Male,27,5,988864.53,2,1,0,405177.59,0
568,North India,Female,53,3,154417.88,2,0,0,492268.58,0
582,North India,Female,38,6,0.0,1,0,1,566964.83,0
645,East India,Female,42,8,575150.52,1,1,0,992413.96,0
605,North India,Female,26,6,0.0,4,1,0,673357.76,1
608,West India,Female,22,5,267249.97,1,1,1,501243.75,0
832,West India,Male,29,10,0.0,1,1,0,1056739.7,0
661,North India,Female,34,2,468216.56,1,1,1,678705.6,0
579,North India,Male,24,5,1213066.46,2,1,0,1002797.14,0
614,South India,Female,35,7,0.0,2,1,1,994064.22,0
686,East India,Male,18,7,1484102.3,2,1,1,430204.98,0
680,West India,Male,23,3,1144995.44,2,1,1,316236.87,0
598,North India,Female,43,4,197154.62,1,1,1,932741.25,0
503,South India,Male,42,3,835195.1,1,0,0,435703.05,1
645,South India,Female,31,1,785874.61,3,1,1,617250.75,0
643,West India,Male,24,10,1580101.55,1,1,0,766171.97,0
591,North India,Female,24,4,2451216.1,2,1,0,1221681.61,1
765,North India,Male,31,0,0.0,2,1,0,464008.56,0
701,West India,Male,43,1,223281.48,2,1,0,256909.82,0
662,South India,Male,46,6,347645.93,1,1,0,387056.13,0
617,North India,Female,30,4,823058.2,1,1,1,712115.29,0
805,West India,Female,23,9,127026.16,1,1,0,1399172.22,0
546,South India,Male,38,7,147362.49,2,1,1,858833.77,0
605,South India,Female,26,5,15565591.97,2,1,0,693083.02,1
609,West India,Female,30,7,305884.19,4,0,1,780522.14,0
676,South India,Female,50,10,0.0,2,0,1,555529.22,0
709,South India,Male,45,1,1423480.72,1,1,1,755242.32,0
529,West India,Male,37,7,0.0,1,1,1,558688.43,0
588,South India,Male,22,8,115567.07,2,1,1,685882.73,0
690,West India,Male,38,7,1074878.1,2,1,1,830793.52,0
590,South India,Male,47,6,1086098.05,1,1,0,864499.99,0
613,South India,Male,31,7,245517.48,1,1,1,328389.62,0
665,North India,Male,50,1,0.0,2,0,1,542197.45,0
561,North India,Female,50,5,2131883.7,2,1,0,452829.92,1
674,West India,Female,54,6,443752.5,1,1,0,510529.56,0
705,South India,Female,39,8,299764.49,2,1,0,649184.14,0
653,South India,Male,42,10,0.0,2,1,0,561484.98,0
778,West India,Male,51,2,3352998.12,2,1,1,463475.32,0
715,North India,Male,40,5,171690.24,1,0,0,1246713.46,0
646,West India,Male,30,7,1052186.6,1,0,1,243595.07,1
621,South India,Male,31,3,199275.04,1,1,1,449854.22,0
807,South India,Male,38,4,216751.2,1,1,1,558220.03,0
590,North India,Male,21,1,0.0,2,1,0,622723.31,0
625,North India,Female,34,10,504897.3,1,0,0,1298728.91,0
613,North India,Female,48,9,248240.82,1,1,0,451342.74,0
685,South India,Male,18,6,0.0,2,0,0,672778.79,0
852,South India,Male,52,7,0.0,1,1,1,966217.23,0
672,West India,Female,48,5,524145.85,4,0,1,714429.03,1
621,South India,Male,30,8,1020703.05,1,0,1,658053.01,0
666,West India,Male,41,10,0.0,2,0,1,260129.8,0
531,South India,Male,36,2,219021.06,1,1,0,612330.57,0
633,North India,Male,49,8,0.0,1,1,0,912291.34,0
803,North India,Male,46,8,1303167.11,2,1,1,827076.32,0
709,North India,Female,20,8,3682314.88,2,0,0,573881.4,0
760,East India,Male,42,5,0.0,2,1,0,384192.56,0
741,West India,Male,33,8,1108995.84,2,1,0,470288.85,1
586,North India,Male,36,6,614568.92,2,0,1,282779.09,0
822,South India,Female,27,7,469464.12,1,1,1,497380.57,0
490,East India,Male,55,7,2005014.28,1,1,0,569325.23,0
679,West India,Male,47,7,978568.65,2,1,1,324863.3,0
464,South India,Male,27,2,536325.6,2,1,0,306332.71,0
495,North India,Male,21,5,635553.12,1,1,0,352579.97,0
734,North India,Male,31,6,142196.27,2,1,0,388732.97,0
587,West India,Male,40,3,0.0,2,1,1,200546.73,0
762,West India,Female,38,3,942790.2,1,0,0,311287.16,0
454,South India,Female,49,6,339871.8,2,1,0,434887.61,0
642,North India,Male,44,1,1510482.96,1,1,0,497337.53,0
540,East India,Male,46,10,500830.92,1,0,0,362054.61,0
620,West India,Male,39,10,0.0,2,0,0,371577.53,0
789,North India,Female,20,7,0.0,1,1,1,510072.05,0
811,North India,Male,33,5,156282.65,1,1,0,1109668.52,0
696,South India,Female,47,10,187255.62,1,1,1,457163.23,0
506,North India,Female,35,10,563319.51,2,0,0,479852.33,0
541,North India,Female,41,8,568714.63,1,0,0,608365.04,0
664,North India,Female,32,4,415184.89,2,1,0,240452.58,0
577,East India,Female,24,9,1224941.53,2,0,0,886069.59,0
709,West India,Male,34,9,455381.53,1,1,0,829091.76,0
800,North India,Male,39,0,587130.91,1,0,1,194856.54,0
561,West India,Male,28,6,0.0,2,1,1,425628.92,0
569,West India,Male,33,3,0.0,1,1,1,482749.45,0
543,North India,Female,25,9,158297.83,1,0,1,185663.12,0
627,West India,Male,48,3,3122326.95,3,0,0,745853.8,0
654,South India,Female,32,2,188499.68,2,0,1,411174.55,0
651,West India,Male,51,4,0.0,2,1,1,1240345.8,0
730,South India,Female,52,5,2130776.78,1,1,1,369038.13,0
685,South India,Male,35,2,443199.51,1,0,1,462935.6,0
644,North India,Male,24,7,0.0,1,0,0,579478.2,0
653,South India,Male,18,1,427646.05,2,0,0,746419.61,0
657,South India,Female,19,6,0.0,1,1,1,315865.99,1
644,East India,Male,20,0,226801.25,1,1,0,1165708.79,0
589,South India,Male,51,8,1335650.35,1,1,0,654153.61,1
541,North India,Male,37,8,8860692.53,1,1,1,242708.18,1
662,North India,Female,40,4,694137.13,2,1,1,503264.66,0
605,West India,Male,18,1,0.0,2,0,0,570287.08,0
697,South India,Female,22,5,0.0,1,1,0,738637.51,0
656,North India,Male,45,9,80442.44,2,1,1,260075.09,0
651,West India,Male,39,4,0.0,2,1,1,242457.48,0
738,East India,Female,34,10,0.0,1,0,1,451880.39,0
523,West India,Male,42,3,0.0,2,0,1,567516.88,0
809,North India,Female,53,1,159831.97,1,1,0,320193.1,0
453,South India,Male,33,4,0.0,1,0,1,598683.7,0
780,West India,Female,36,7,1669155.01,2,1,0,912312.61,0
668,East India,Female,38,1,0.0,2,1,1,555323.39,0
602,East India,Female,62,6,153781.9,1,0,0,350410.95,0
517,South India,Male,18,2,0.0,2,1,1,827549.62,0
596,West India,Male,43,5,148169.88,2,1,0,488666.57,0
635,North India,Female,34,3,0.0,1,0,1,465286.46,0
667,North India,Female,42,5,659992.94,1,0,0,1450993.81,0
780,South India,Male,28,10,679732.64,2,1,1,344328.12,0
656,East India,Male,35,1,47568.21,2,0,0,1217496.4,0
678,North India,Male,43,9,0.0,2,1,1,757288.44,0
681,North India,Female,70,4,281541.74,1,0,1,750016.88,0
620,East India,Male,44,1,3704443.18,1,1,0,514434.87,1
632,North India,Male,26,7,376871.87,1,0,1,802081.83,1
640,North India,Male,31,8,1801218.76,2,1,0,734856.37,0
706,West India,Male,31,7,0.0,2,1,1,518418.62,0
567,West India,Male,18,0,268824.39,2,1,0,437479.23,0
604,South India,Female,32,4,0.0,1,0,0,922200.23,0
682,East India,Male,44,3,1010116.12,2,0,0,1261112.85,1
553,North India,Female,21,3,0.0,2,0,1,860317.69,0
660,East India,Male,47,10,0.0,2,1,0,424857.27,0
600,West India,Male,41,6,438279.72,3,1,1,444172.57,0
695,South India,Male,27,9,939096.21,2,1,1,951365.22,0
773,West India,Female,34,9,0.0,1,1,1,780376.41,0
600,North India,Female,53,3,5435788.13,4,0,1,320468.95,0
718,North India,Male,44,0,124109.71,1,0,0,921527.2,0
668,East India,Male,36,2,2409877.61,2,1,0,758910.22,0
615,North India,Female,33,7,22309.04,2,1,0,419615.66,0
650,North India,Female,36,9,0.0,1,1,1,919918.12,0
766,South India,Male,30,6,5431149.93,4,0,1,525986.5,1
634,North India,Female,18,1,3455763.16,1,1,1,471700.16,0
767,West India,Male,58,6,963271.58,2,0,1,363556.42,0
639,East India,Male,37,1,0.0,1,0,0,941103.33,0
522,South India,Male,40,5,181020.23,1,0,1,741862.69,0
636,South India,Male,35,7,423397.55,2,1,0,1324078.98,0
515,South India,Female,27,2,1078595.48,1,0,0,292227.21,0
621,North India,Male,33,2,418656.84,1,1,1,640461.77,0
617,North India,Female,18,7,0.0,1,0,1,465466.0,0
813,North India,Female,61,7,0.0,1,0,1,1612210.23,0
794,South India,Male,22,9,2786689.65,1,0,0,243760.2,0
657,South India,Male,24,5,1127966.62,2,1,0,505505.92,0
759,East India,Female,31,0,0.0,2,1,1,250038.44,0
614,West India,Male,50,10,448341.94,2,0,1,1078123.83,0
521,West India,Male,36,2,568358.77,1,1,0,356296.66,0
697,North India,Male,22,9,0.0,2,1,0,222740.23,0
682,West India,Male,49,6,2171800.22,2,0,1,454623.12,0
565,East India,Female,44,1,0.0,1,1,0,892209.03,0
569,East India,Female,41,8,500482.86,1,1,1,1302216.67,0
734,North India,Male,43,8,46726.05,2,0,1,357078.06,0
498,South India,Male,62,1,367226.7,1,1,0,608900.58,0
700,South India,Female,60,5,113675.51,2,1,1,869621.92,1
621,North India,Male,28,1,552835.68,2,1,1,1560190.26,0
700,East India,Male,53,0,0.0,2,1,1,1645476.7,0
738,North India,Female,40,9,0.0,1,0,1,292235.2,0
571,North India,Female,41,8,254882.03,1,1,1,1510630.8,0
547,South India,Male,18,4,0.0,2,1,0,361833.74,0
781,North India,Male,34,0,724960.12,2,1,0,689770.6,0
644,East India,Male,27,6,145178.47,1,0,0,962718.33,0
679,South India,Male,45,10,387492.18,1,1,0,330191.29,0
731,South India,Female,47,2,0.0,2,1,0,690865.0,1
563,South India,Male,18,5,0.0,1,1,1,1071348.17,0
731,North India,Male,35,3,906533.36,1,1,1,330762.21,0
707,West India,Male,48,2,606860.46,1,0,1,428484.5,1
782,West India,Female,33,5,2714773.8,1,1,1,570400.65,1
780,South India,Male,44,7,1392842.0,1,1,1,503710.43,0
655,East India,Male,39,5,3218219.04,1,1,1,672284.45,0
717,South India,Female,39,5,0.0,2,1,1,505649.3,0
654,West India,Male,33,4,0.0,2,0,1,441215.26,0
663,East India,Male,22,4,0.0,2,1,0,635386.0,0
548,West India,Male,23,0,174521.67,2,0,1,366873.16,1
629,South India,Male,43,3,369131.88,1,1,1,319302.83,0
488,North India,Male,36,10,0.0,2,1,1,493597.03,1
637,West India,Male,34,7,1015112.85,1,0,0,608830.56,0
768,East India,Male,31,5,1380759.97,1,0,0,528708.29,0
720,South India,Male,32,6,580178.02,1,1,0,175682.15,1
660,North India,Male,47,10,299878.48,1,1,1,1005249.57,0
631,South India,Male,32,10,269290.64,1,1,1,884295.76,0
601,West India,Male,21,8,47126.31,2,1,1,308122.39,0
567,North India,Male,44,7,61291.47,1,0,1,303211.56,0
723,West India,Female,33,3,0.0,2,1,0,503042.99,0
511,West India,Male,36,6,3841279.95,2,0,1,1035765.97,0
509,South India,Male,53,2,0.0,1,1,1,141417.96,0
731,North India,Female,35,4,545504.58,2,1,1,586848.25,0
668,West India,Male,39,2,252538.0,2,0,0,864548.19,0
654,North India,Female,23,6,1201527.55,2,0,0,3330428.77,0
668,South India,Female,33,2,74390.66,2,1,0,454029.44,0
830,North India,Female,42,7,0.0,1,1,1,350311.11,0
655,South India,Female,18,9,0.0,1,1,0,817855.83,1
676,North India,Male,38,7,0.0,1,1,1,1057620.14,0
835,West India,Female,37,5,115348.4,1,1,1,588601.97,0
644,West India,Male,36,8,412576.39,1,1,0,623461.03,0
805,East India,Male,47,1,221341.6,1,1,1,265366.78,1
460,North India,Female,39,5,136693.97,2,1,1,273624.36,0
545,North India,Male,52,10,607210.02,2,1,0,667282.71,0
589,South India,Female,25,3,466805.14,3,0,1,721168.15,1
702,North India,Male,37,6,36836.75,2,1,1,784377.74,0
809,North India,Male,36,10,154827.73,2,0,0,294360.03,0
596,South India,Male,24,0,114679.71,3,1,1,484413.89,0
738,South India,Female,46,3,181599.1,2,1,0,360994.17,0
851,North India,Male,61,10,0.0,2,1,1,558555.18,0
790,South India,Male,35,9,2830383.87,2,1,0,238098.59,0
613,South India,Male,41,3,274485.82,1,0,0,1052075.34,0
728,North India,Female,36,5,203559.16,2,1,1,581781.97,0
680,West India,Male,28,9,2724632.04,2,1,0,509206.41,0
590,North India,Female,18,10,256457.0,1,0,1,999382.31,0
688,North India,Male,28,5,586314.87,2,1,0,1262871.54,0
607,North India,Male,20,5,0.0,1,1,1,983571.96,0
661,North India,Male,54,3,2208807.59,2,1,0,1495203.06,0
525,West India,Female,34,4,0.0,1,1,0,774114.99,0
491,North India,Male,32,10,231855.39,2,1,0,1588066.2,0
624,West India,Male,45,7,0.0,1,1,1,490717.23,0
678,South India,Female,23,2,711024.41,2,0,1,147844.84,0
548,South India,Male,27,5,0.0,1,0,1,1591723.2,0
697,East India,Female,36,0,1184389.36,2,1,1,479669.49,0
653,West India,Male,47,9,0.0,1,0,1,392851.21,0
708,North India,Male,41,10,157972.75,2,0,0,1077709.73,0
735,West India,Male,38,5,387861.23,2,0,1,656390.89,0
770,South India,Male,36,8,750445.0,2,1,0,1347980.33,0
704,South India,Female,40,10,0.0,2,1,1,570456.4,0
623,West India,Female,38,7,0.0,2,1,1,356560.62,0
666,East India,Male,24,4,0.0,2,1,1,1253241.74,0
859,North India,Female,36,6,137846.46,1,1,0,1149846.06,0
738,West India,Male,24,4,0.0,2,0,0,553270.92,0
656,North India,Male,36,2,111684.11,1,1,1,465487.11,0
636,South India,Female,30,8,366742.44,2,0,1,515286.63,0
596,West India,Female,63,10,1487178.58,1,0,1,214975.54,1
543,South India,Male,35,6,1096231.68,1,1,1,364458.49,0
803,North India,Female,20,7,196097.67,3,0,1,560930.32,0
693,South India,Male,34,6,266212.26,1,1,1,619492.79,0
535,West India,Female,41,6,137608.16,1,1,1,616983.42,0
638,South India,Female,54,7,336559.78,2,0,1,741797.74,0
764,North India,Male,29,7,1170105.47,2,1,1,153592.97,0
609,South India,Male,18,5,0.0,1,1,0,371353.98,0
576,East India,Female,44,3,1164484.85,1,1,1,351150.71,0
682,West India,Female,20,4,35482.05,2,0,1,495311.28,0
709,West India,Male,31,5,73418.78,2,0,1,718583.91,0
609,West India,Male,33,10,0.0,2,1,0,752687.77,1
596,North India,Female,35,8,0.0,2,0,0,712227.75,0
691,South India,Male,43,4,0.0,2,0,1,908096.41,0
548,South India,Male,28,8,1747234.06,1,1,1,503927.21,0
601,North India,Male,32,8,0.0,1,0,1,488405.51,0
639,North India,Male,35,7,174725.77,1,1,0,1861247.36,0
716,West India,Female,37,9,481073.07,1,1,0,339982.5,1
611,North India,Female,37,5,264578.16,1,0,0,718924.96,0
700,North India,Male,40,0,377694.8,2,0,1,751270.21,0
754,North India,Female,45,4,444846.92,2,1,0,229245.63,0
604,North India,Female,40,10,1492782.13,2,0,1,702535.11,0
900,South India,Female,40,2,3167365.75,2,0,1,232370.52,0
777,West India,Male,18,8,0.0,2,0,1,890028.32,0
674,North India,Female,36,3,219580.63,1,0,0,433880.1,0
633,North India,Male,41,6,412734.41,1,1,0,540853.88,0
600,West India,Male,44,5,307932.82,1,1,1,448350.16,0
799,South India,Male,28,5,76067.08,1,1,0,555470.34,0
668,West India,Female,28,4,0.0,2,1,0,520676.62,0
520,North India,Male,29,0,0.0,2,1,0,564152.23,0
495,West India,Female,41,2,82329.04,2,0,0,344446.94,0
660,South India,Male,47,4,0.0,2,0,0,671601.5,1
662,South India,Female,31,1,191617.87,2,1,0,409700.11,0
567,North India,Male,45,10,0.0,1,1,0,1073359.59,0
513,North India,Male,37,1,0.0,2,0,0,896771.66,0
473,West India,Male,34,3,3247538.14,1,1,0,482226.01,1
581,North India,Female,33,6,511420.56,2,1,1,1467440.2,1
617,North India,Female,44,0,1140445.99,2,1,0,942593.6,1
712,South India,Female,39,8,433453.89,2,0,1,1081586.71,0
638,South India,Female,61,0,0.0,1,1,1,308129.68,1
745,South India,Female,26,7,328661.83,2,0,1,1317646.81,0
704,South India,Male,41,5,788739.72,2,1,1,466181.79,0
696,South India,Male,30,0,337496.0,1,0,1,1377788.02,0
738,South India,Male,26,6,114053.44,1,1,0,227420.4,0
525,East India,Male,35,1,509959.81,1,1,0,331290.51,1
601,South India,Female,37,0,640145.76,1,1,1,483972.69,0
866,South India,Male,68,7,428180.39,1,1,0,615939.65,1
478,North India,Male,33,1,0.0,1,1,1,1368431.0,0
623,West India,Male,23,8,676237.18,2,1,1,2900093.33,0
692,North India,Female,39,5,316672.13,1,0,1,303512.93,0
481,South India,Male,18,0,718323.16,2,0,0,315391.48,0
582,South India,Male,34,10,0.0,2,1,1,2090161.26,0
829,South India,Female,36,7,0.0,2,1,1,460556.75,0
665,South India,Female,44,6,1302420.53,2,0,1,514559.07,0
598,West India,Male,46,10,774412.94,2,1,0,826027.59,0
668,North India,Male,30,0,73135.13,2,0,1,448247.59,0
598,South India,Male,34,7,992856.76,2,1,1,249073.14,0
804,West India,Female,27,1,1678849.95,3,1,1,881926.87,0
560,North India,Male,23,7,1689852.56,1,0,1,979151.3,0
602,North India,Female,39,8,1954270.04,2,0,1,859610.86,0
515,South India,Female,21,4,718614.09,1,0,0,871726.16,1
623,East India,Female,31,4,0.0,1,1,0,904906.39,0
634,North India,Male,25,6,298565.78,2,1,1,1123095.05,0
757,North India,Male,42,0,0.0,2,1,1,381183.11,0
558,South India,Male,55,4,723217.63,2,0,0,289091.1,1
693,North India,Female,21,0,458983.51,3,1,0,732751.45,0
657,South India,Female,18,10,205405.57,2,1,0,1435208.51,0
479,West India,Female,34,7,1116038.16,1,0,1,849907.53,0
584,North India,Female,36,7,232135.06,1,1,1,795621.74,0
581,West India,Male,38,0,859408.74,2,1,0,203636.13,1
801,South India,Male,31,1,0.0,1,1,1,1883220.65,0
699,East India,Male,33,6,0.0,1,1,1,1458130.38,0
663,East India,Male,40,6,2639356.74,1,1,0,963827.93,0
300,South India,Female,47,8,0.0,1,0,1,681895.59,0
478,South India,Female,18,2,194327.87,1,1,0,323919.36,0
715,West India,Female,31,1,0.0,2,1,1,256608.11,0
720,North India,Female,38,9,859321.33,2,0,0,813428.0,0
583,North India,Female,25,7,363698.9,2,0,1,503611.81,0
652,East India,Male,55,10,0.0,1,1,1,602346.68,0
646,South India,Male,29,6,0.0,1,0,1,918498.08,0
665,North India,Female,35,2,820143.19,2,1,0,891529.87,0
616,West India,Male,42,10,945103.23,2,0,0,1076904.11,0
723,South India,Male,29,2,872921.7,1,1,0,574649.89,0
749,North India,Male,18,6,0.0,1,0,1,100810.48,0
563,North India,Female,31,10,2169229.95,1,1,0,490911.94,0
542,North India,Male,47,4,0.0,2,1,1,659025.55,0
578,East India,Female,32,8,375429.24,1,0,1,214794.21,0
654,East India,Female,26,9,111366.87,1,1,1,205755.05,0
682,North India,Female,46,6,112528.88,2,0,1,860985.14,0
720,West India,Male,32,0,266937.03,2,1,0,849107.03,0
737,South India,Female,30,0,259794.68,2,0,0,683087.46,0
682,West India,Male,37,5,137194.68,2,1,1,685483.72,0
670,North India,Male,44,4,0.0,2,1,0,720761.67,0
798,South India,Female,62,4,1325641.02,1,1,1,635756.9,0
650,North India,Male,45,10,0.0,2,1,1,567618.43,0
703,North India,Female,48,10,150558.16,2,0,1,785382.25,0
678,North India,Male,30,7,1374064.21,1,0,1,756564.85,0
634,North India,Male,24,10,1344659.67,2,1,0,859204.58,0
635,East India,Female,36,7,0.0,2,1,1,571286.29,0
768,East India,Female,37,8,1960372.85,2,1,0,915681.53,0
641,West India,Male,24,10,939914.72,1,1,1,127116.77,0
618,North India,Female,34,10,1356873.75,1,0,1,512847.2,0
583,South India,Female,40,3,185062.97,1,1,0,572596.52,0
688,South India,Male,39,4,351848.46,1,0,1,774874.4,0
603,South India,Female,41,6,301611.86,1,1,1,154852.68,0
679,North India,Male,39,2,0.0,1,1,0,380692.9,0
665,South India,Male,30,5,250608.75,1,1,1,484276.45,0
611,North India,Male,30,2,195364.38,1,0,1,916440.66,1
524,West India,Male,22,3,901548.83,1,1,0,368993.59,1
557,West India,Male,55,9,591175.4,2,1,1,470828.79,0
571,South India,Female,36,7,0.0,1,0,0,1096549.12,0
559,South India,Female,33,9,0.0,4,1,0,1426527.31,1
690,North India,Male,25,10,731351.39,1,1,0,1116918.26,0
841,North India,Female,68,3,265977.44,2,0,1,434050.75,0
604,North India,Male,24,10,304103.7,2,1,1,500449.8,0
615,West India,Female,31,3,368062.1,2,0,0,424490.25,1
597,North India,Male,40,6,5184014.08,1,1,1,908405.55,0
727,South India,Female,42,2,234919.15,1,1,0,622522.15,0
688,North India,Female,46,2,875462.65,2,1,0,456862.39,0
648,North India,Female,55,10,0.0,1,0,1,126298.87,1
540,North India,Female,41,0,147213.08,1,1,1,699600.63,0
562,South India,Male,24,6,0.0,1,1,1,523866.05,0
665,South India,Female,33,10,131510.47,1,1,1,505472.06,0
670,West India,Male,39,3,0.0,1,1,0,613824.67,0
648,North India,Male,58,6,774715.2,2,0,1,991284.47,1
709,North India,Female,20,1,465265.88,2,1,0,519840.86,0
539,West India,Female,49,4,92727.51,2,0,0,647346.41,0
677,North India,Male,37,6,856046.79,2,1,1,646516.33,0
672,North India,Male,45,8,2941742.89,2,1,0,222835.46,1
563,North India,Male,34,9,0.0,2,1,0,627243.28,0
595,West India,Male,26,3,295383.92,2,1,0,499955.45,0
712,South India,Male,44,5,0.0,2,1,0,768845.66,1
547,North India,Male,43,2,0.0,2,1,1,573584.84,0
871,South India,Male,46,1,169672.37,2,1,1,463721.97,0
700,West India,Female,35,9,0.0,2,1,0,991922.46,0
644,South India,Female,29,10,392168.12,2,0,1,1386522.74,0
627,North India,Male,18,1,98041.52,1,0,1,1438266.61,0
720,West India,Female,45,4,304616.0,1,1,1,866508.57,0
612,South India,Female,40,2,268097.46,2,1,1,852065.6,0
616,North India,Male,25,1,1092773.64,1,1,1,765407.74,0
780,West India,Male,30,1,763909.52,2,1,1,396020.9,0
607,South India,Male,30,2,561214.26,1,1,1,428222.5,0
662,West India,Male,19,0,255078.03,1,1,1,337401.89,0
581,North India,Male,27,10,88715.66,2,0,1,556549.27,0
673,North India,Male,23,7,1931269.6,1,0,0,498866.86,0
702,South India,Male,31,8,488098.65,1,1,1,762753.56,0
801,South India,Female,27,0,2194307.24,2,1,0,545303.26,0
565,South India,Male,18,4,698634.92,2,0,1,647443.26,0
519,West India,Female,58,7,182020.55,1,1,0,571300.48,0
625,South India,Male,49,1,811362.5,2,1,0,492497.16,0
594,West India,Female,27,0,128529.11,1,0,0,323167.22,0
648,North India,Male,38,4,79378.64,1,1,1,226747.38,0
696,West India,Female,40,0,1029958.43,1,1,0,1111595.87,0
853,South India,Female,49,5,258944.02,1,0,0,1329431.83,0
609,North India,Female,26,8,1817718.75,2,0,0,885745.71,0
451,North India,Female,48,7,166758.83,2,1,1,416177.65,0
628,North India,Male,29,5,0.0,1,0,0,741940.45,0
681,South India,Female,21,3,1379107.79,3,1,0,225473.44,0
562,North India,Male,43,6,977041.52,1,1,0,2012844.76,0
671,East India,Male,50,5,0.0,3,0,1,337876.26,0
662,West India,Male,64,6,584353.72,1,1,1,445642.68,0
673,West India,Male,22,1,1308595.9,1,1,0,130592.62,0
721,South India,Female,43,6,670803.42,2,0,0,352288.2,0
642,West India,Female,31,9,1174615.08,3,0,1,555494.68,0
699,North India,Male,44,3,0.0,2,1,1,905761.4,0
488,South India,Female,19,4,296533.87,1,1,0,487793.36,0
563,South India,Female,22,10,2807611.41,1,1,1,707306.73,0
619,North India,Male,27,6,0.0,2,1,0,738984.76,0
559,North India,Male,36,9,1694642.22,1,1,0,473003.2,1
650,South India,Female,28,10,0.0,2,0,0,1458044.96,0
619,North India,Male,43,1,460994.74,2,0,1,900694.26,0
609,West India,Male,47,0,1418195.49,4,1,1,900884.24,0
729,East India,Male,42,4,0.0,2,1,0,431275.79,0
657,North India,Male,53,9,145784.89,2,1,1,1666442.36,0
552,South India,Female,40,0,403738.06,1,0,1,811051.13,0
595,West India,Male,22,5,1153630.53,1,1,1,721046.23,0
717,North India,Male,50,1,625887.81,2,1,1,330995.74,0
667,East India,Male,29,1,485176.73,1,1,0,464334.43,0
757,West India,Male,46,3,227643.95,2,1,0,774007.66,0
726,North India,Male,53,9,0.0,2,1,1,847666.29,0
614,North India,Female,41,1,0.0,1,0,1,1469768.82,0
779,East India,Female,19,8,693315.59,2,1,0,391898.07,0
786,East India,Male,25,2,268875.67,1,0,1,888196.15,0
489,South India,Male,50,7,543200.0,2,1,0,773446.35,0
652,North India,Male,34,6,878107.5,2,1,0,788867.58,0
600,South India,Male,36,10,1056266.35,2,1,1,696098.38,0
626,North India,Male,44,10,613197.05,2,0,0,1378829.61,0
576,East India,Male,43,6,0.0,1,1,1,1265709.66,0
565,West India,Male,39,3,0.0,2,1,1,922027.04,0
731,South India,Female,33,3,0.0,2,0,0,1101245.25,0
544,North India,Male,32,0,52115.71,1,0,0,511858.41,0
658,West India,Female,45,7,359537.07,2,0,0,1308322.42,0
528,North India,Male,42,0,3081741.76,1,0,0,661681.89,0
764,North India,Male,33,3,554310.4,1,1,0,1459866.52,0
652,South India,Female,47,2,0.0,1,0,1,341246.06,0
717,South India,Male,34,0,2216901.96,2,1,0,791092.42,1
667,West India,Male,26,6,613945.36,2,0,0,354090.47,0
627,West India,Female,27,6,508320.11,1,1,0,472662.07,0
656,South India,Female,25,1,114017.36,1,1,1,1117380.73,0
785,South India,Female,33,9,469849.71,2,0,0,824594.07,0
569,South India,Female,49,4,351789.35,2,1,1,347490.03,0
420,North India,Female,27,7,719971.8,2,0,1,816211.71,0
579,West India,Male,38,0,0.0,4,1,0,490893.07,1
541,South India,Male,28,8,0.0,2,1,1,634059.16,0
737,East India,Male,33,6,50594.98,2,0,0,418399.08,0
634,West India,Male,19,6,1185837.84,2,0,0,473877.63,0
724,North India,Male,33,1,0.0,2,0,0,202872.3,0
652,North India,Female,33,7,904073.63,1,0,1,181968.84,0
650,South India,Male,41,10,1612685.25,2,1,1,740898.06,0
664,North India,Female,38,2,0.0,1,0,0,985653.0,0
783,South India,Male,22,9,2436239.37,1,0,0,2160638.94,0
666,North India,Male,47,6,540480.62,1,1,1,1038335.24,0
749,East India,Male,38,2,727367.6,1,1,0,453685.68,0
744,North India,Male,38,5,327167.48,2,0,0,288642.33,0
635,West India,Male,35,0,0.0,2,1,1,731208.97,0
643,North India,Female,30,3,83129.45,1,0,1,592369.97,0
615,South India,Male,38,8,3391762.77,1,1,1,650734.41,0
765,North India,Male,41,6,55776.64,2,1,0,882939.93,0
565,South India,Female,18,6,103994.79,2,1,0,287163.85,0
584,South India,Male,30,3,0.0,2,1,1,709191.48,0
625,South India,Male,33,9,432210.6,2,0,0,763342.31,0
546,South India,Male,38,10,0.0,1,0,0,397393.53,0
596,South India,Male,49,0,304928.96,2,1,1,424405.03,1
752,West India,Female,27,0,0.0,2,1,1,737109.13,0
708,West India,Female,30,10,355810.98,1,0,0,1131509.41,0
612,West India,Female,30,2,1241784.28,1,0,1,1188579.79,1
722,North India,Male,27,6,2039177.27,1,1,1,854402.99,1
837,East India,Female,32,6,0.0,1,1,0,1024100.69,0
678,East India,Male,44,4,0.0,1,0,0,297929.01,0
777,West India,Male,24,8,110800.75,2,1,1,492115.91,1
726,South India,Male,40,10,804347.43,1,1,0,1066645.45,0
623,North India,Female,18,1,762635.44,3,1,0,2393050.19,0
667,West India,Female,29,8,0.0,2,1,0,592512.21,0
697,West India,Female,32,8,1121865.05,1,1,1,1608257.44,0
582,West India,Female,54,5,240478.15,1,0,1,1446597.35,0
415,South India,Male,32,3,134462.82,3,1,0,700009.51,0
574,North India,Male,18,4,149199.99,1,1,1,315790.93,1
455,South India,Female,18,5,0.0,4,0,1,1122932.32,0
582,West India,Female,36,3,352998.51,1,1,0,1360870.0,0
496,North India,Female,42,8,667655.66,2,1,1,841913.22,0
729,South India,Male,40,10,257916.38,2,1,1,2217224.56,0
543,West India,Female,37,1,1941558.08,1,0,1,433738.48,0
698,North India,Male,48,7,0.0,3,0,1,731405.6,0
718,North India,Female,30,8,0.0,2,0,0,1012274.44,0
713,West India,Male,45,3,1544915.46,1,1,1,1397187.44,0
481,North India,Female,18,8,325256.77,1,1,1,1612341.56,0
751,South India,Male,26,1,249333.92,1,1,0,388537.32,0
687,West India,Female,18,2,1967658.0,3,1,0,564211.88,1
722,West India,Male,32,9,605616.36,2,0,1,356980.06,0
814,West India,Male,35,4,4168526.51,2,1,0,178020.33,1
721,South India,Male,37,3,0.0,1,1,0,623128.69,0
543,South India,Female,36,10,114529.11,2,1,1,293666.51,0
708,West India,Male,25,2,0.0,2,1,1,360760.87,0
514,South India,Male,33,3,3343649.29,4,1,0,446240.93,1
644,South India,Female,19,8,0.0,1,1,0,311168.58,0
604,South India,Female,50,8,553840.78,2,1,0,591135.66,0
650,South India,Male,32,4,280661.27,1,1,1,888886.48,0
514,South India,Female,30,6,0.0,2,0,0,2026790.37,0
524,South India,Male,53,7,815862.2,2,1,1,877214.53,0
609,North India,Female,22,1,189375.53,1,1,0,590009.42,0
629,East India,Female,23,8,95487.62,1,1,1,583184.12,0
611,North India,Female,23,8,0.0,1,0,0,599374.11,0
780,North India,Male,35,1,370839.95,1,0,0,536051.01,0
688,South India,Female,40,5,1204034.44,1,1,1,597470.43,0
685,South India,Male,44,3,0.0,1,1,0,726845.0,1
615,East India,Male,64,10,169849.54,4,1,1,664815.61,0
524,West India,Female,18,0,397129.41,2,1,0,667894.78,0
649,West India,Male,42,10,0.0,1,1,0,602258.97,0
812,West India,Male,29,4,0.0,1,0,1,481803.26,0
670,East India,Female,29,2,0.0,1,1,0,1238852.26,0
750,North India,Male,29,0,915219.32,1,1,1,169511.87,0
761,South India,Male,26,1,0.0,1,1,1,942470.0,0
700,South India,Female,54,6,1153399.08,2,1,0,588685.49,0
669,South India,Female,45,0,2857276.1,1,1,1,705590.97,1
561,West India,Female,36,2,0.0,4,0,0,267189.14,0
631,South India,Male,50,10,3406434.45,1,1,1,105114.62,1
617,South India,Male,19,0,573350.97,2,0,0,1099643.9,0
679,South India,Male,21,0,33986.61,2,1,0,1108481.45,0
522,North India,Female,18,7,617022.71,3,1,0,1330014.51,1
601,South India,Male,28,5,295025.36,3,0,0,781867.64,1
686,West India,Female,37,3,0.0,2,1,0,433381.74,0
586,South India,Male,37,7,0.0,4,1,1,596338.53,0
567,East India,Male,37,6,129636.86,2,0,1,618033.45,0
578,West India,Female,20,8,0.0,2,1,1,400425.63,0
625,South India,Female,44,0,693449.22,1,1,0,483699.41,1
435,North India,Female,38,9,364505.68,2,1,0,480863.85,0
582,West India,Female,44,4,153112.26,2,0,0,832751.33,0
735,West India,Female,18,5,639164.19,2,1,1,292718.28,0
679,South India,Female,39,5,0.0,1,1,0,418368.17,0
687,North India,Female,22,9,256245.98,3,1,1,692826.09,0
485,South India,Female,31,6,234746.9,4,1,0,664519.2,0
612,North India,Female,41,4,581685.43,4,0,0,1096372.02,0
639,East India,Male,37,10,177740.69,2,1,0,528301.81,0
691,South India,Male,26,4,358615.37,1,1,1,286802.63,0
749,North India,Male,36,0,627186.43,2,1,0,385560.38,0
735,North India,Male,19,10,7040002.57,2,1,1,1267577.78,0
597,West India,Male,48,9,90093.64,1,1,0,115000.55,0
599,West India,Male,33,4,1069862.41,1,1,1,471230.42,0
777,South India,Female,48,9,1106791.66,1,0,1,425540.07,1
617,South India,Female,30,0,574567.79,2,0,0,559091.34,1
552,South India,Male,30,9,188940.37,1,0,0,490530.4,0
631,South India,Male,27,1,1796936.78,3,0,0,523442.22,1
771,East India,Female,45,0,494184.91,1,1,0,606747.39,1
568,South India,Female,28,7,703872.79,1,0,1,403557.93,0
611,North India,Female,43,7,195576.04,1,0,1,866045.53,0
572,North India,Female,31,7,0.0,2,1,0,809455.71,0
736,North India,Female,18,9,0.0,1,0,1,276738.85,0
675,South India,Male,29,9,0.0,2,1,1,402549.95,0
733,South India,Male,23,0,347372.53,1,0,1,217483.58,0
790,North India,Female,36,3,1114700.16,4,1,0,232249.19,0
513,West India,Male,22,10,741727.23,2,0,0,1073029.96,0
581,South India,Female,46,0,235719.69,1,1,0,140664.9,0
610,North India,Male,34,3,0.0,1,1,0,414414.35,0
656,North India,Female,34,6,2059420.21,1,1,0,251192.86,0
695,South India,Male,43,9,875164.23,2,0,0,525669.69,0
605,North India,Male,46,6,4276430.23,2,1,1,565867.44,1
587,North India,Male,35,0,0.0,1,0,1,515457.14,0
736,North India,Female,27,9,0.0,2,1,0,1109153.94,0
699,South India,Male,18,1,659808.09,1,1,1,239877.13,0
678,North India,Female,28,10,458788.19,3,1,0,204118.96,1
456,North India,Female,29,5,0.0,2,0,1,484080.5,0
758,West India,Female,37,10,0.0,1,0,1,977416.34,0
666,North India,Female,32,5,0.0,1,0,1,352477.38,0
635,South India,Female,43,0,1250469.73,2,0,0,788686.96,0
576,North India,Male,29,3,150317.58,1,1,1,979813.53,0
593,North India,Male,35,10,0.0,2,1,0,706889.83,0
569,West India,Female,49,8,0.0,2,1,1,545224.34,0
470,North India,Female,39,7,0.0,2,1,0,646205.13,0
576,North India,Male,35,10,359504.95,2,1,1,612765.23,0
506,South India,Female,29,3,0.0,1,1,1,1109805.17,0
644,North India,Male,29,2,292037.81,3,0,1,472049.64,0
546,South India,Male,26,7,1924128.14,3,1,1,714923.81,0
715,North India,Male,30,8,1000854.93,2,0,1,523936.35,0
500,North India,Male,44,0,518348.92,1,0,1,694447.5,0
757,North India,Male,33,9,0.0,2,1,1,665039.52,0
725,East India,Male,21,7,733515.35,1,0,1,403764.74,0
554,South India,Female,55,4,97062.72,1,1,0,938738.99,0
641,South India,Male,39,2,0.0,2,1,1,521026.79,0
573,West India,Male,20,9,0.0,2,1,1,546516.59,0
702,West India,Male,31,10,2375203.86,2,0,1,104511.13,1
811,South India,Male,37,4,55277.55,1,1,0,928925.87,0
756,West India,Male,54,9,627544.37,1,1,0,683980.34,0
588,South India,Male,23,3,3748503.07,2,0,1,262657.3,1
660,South India,Male,46,0,0.0,1,1,0,473842.63,0
787,West India,Female,51,7,644765.03,2,0,1,308739.78,0
697,West India,Male,29,6,265707.7,1,1,0,777875.38,1
740,North India,Male,32,10,863615.32,1,1,1,421904.5,0
708,South India,Male,24,3,175094.53,1,1,0,788229.66,0
656,West India,Male,33,3,689874.27,1,0,0,724722.13,0
643,North India,Female,35,4,3698111.61,1,1,0,2010166.11,0
541,East India,Male,43,0,587951.51,1,0,0,837748.24,0
581,South India,Male,47,3,318940.48,1,0,0,330616.94,1
568,South India,Male,27,4,148140.95,1,0,0,763631.74,0
618,North India,Male,18,7,0.0,1,1,1,818935.54,0
658,North India,Male,35,0,0.0,2,0,1,548143.04,0
640,North India,Female,39,10,138778.05,2,1,0,878440.43,0
669,North India,Male,38,3,0.0,1,1,1,239297.58,0
709,South India,Male,32,9,94633.46,2,1,1,1321916.16,0
612,West India,Female,37,9,374605.57,1,0,1,851684.02,0
716,South India,Female,52,6,2303362.74,2,0,1,607281.64,0
752,North India,Female,40,4,1404302.43,1,1,1,750888.72,0
687,North India,Male,31,0,1105941.28,1,1,1,262280.84,0
600,South India,Male,30,6,230715.08,1,1,1,476405.71,0
735,South India,Male,34,0,558884.64,1,1,0,858216.5,0
693,East India,Female,54,1,358184.82,3,1,1,567891.62,0
705,West India,Female,33,7,3609859.01,2,1,1,526398.97,0
788,West India,Male,35,8,167430.4,1,0,0,391454.7,0
713,North India,Female,30,7,94583.83,1,0,1,816925.99,0
791,West India,Female,48,7,124146.62,1,1,1,893149.74,0
636,North India,Male,57,5,761262.7,1,1,1,1302149.07,1
611,South India,Female,40,6,233010.13,2,1,0,738577.08,0
753,South India,Female,36,3,265590.91,2,0,1,918989.22,0
561,South India,Male,36,4,0.0,2,1,0,1300209.87,0
819,North India,Female,18,1,224063.54,1,0,1,288130.4,0
767,South India,Male,44,9,1031077.42,2,1,1,1203330.19,0
657,North India,Female,37,10,72279.2,1,1,0,264275.84,0
758,North India,Female,40,3,290509.63,4,1,1,763255.75,0
709,West India,Male,28,6,486877.93,2,1,0,591043.17,0
533,East India,Male,31,3,932217.6,2,0,0,917609.15,0
576,West India,Female,31,5,279412.75,2,1,0,1197923.35,1
675,South India,Male,47,10,0.0,1,1,1,1404510.09,0
664,North India,Male,31,10,1500146.32,1,0,1,872735.43,0
767,North India,Male,58,7,344298.1,2,0,0,509643.24,0
677,North India,Female,40,4,0.0,2,1,1,515128.02,0
535,East India,Female,21,7,8759489.33,2,0,0,742312.33,0
600,South India,Male,34,3,0.0,1,1,0,404905.18,0
716,West India,Female,28,10,158994.86,1,1,1,798969.85,0
485,West India,Male,18,1,848634.34,2,1,1,487847.54,0
522,South India,Female,53,8,1518802.76,1,0,0,1398723.77,0
616,East India,Female,43,1,233673.2,2,1,0,606711.23,0
733,North India,Male,41,6,0.0,1,0,1,747548.04,0
630,South India,Male,37,5,65358.87,2,1,1,216022.84,0
691,West India,Male,20,1,0.0,1,0,0,203687.15,0
650,South India,Male,30,2,0.0,2,1,0,370266.63,0
637,North India,Female,45,10,0.0,1,1,1,625949.51,0
591,North India,Male,24,10,0.0,2,1,0,952090.73,0
725,West India,Female,18,6,1712151.32,3,1,0,468497.71,0
537,North India,Female,33,5,460451.63,1,1,1,698996.22,0
628,East India,Female,34,5,394416.56,1,1,0,998302.48,0
753,North India,Male,37,6,1169312.16,2,0,1,533240.37,0
581,South India,Female,44,4,736326.61,1,1,1,614884.08,1
509,South India,Female,43,0,272473.01,2,0,1,398985.31,0
459,South India,Female,38,4,469295.09,2,0,0,1872850.66,0
709,South India,Female,49,8,3447941.49,1,0,1,980398.64,0
716,West India,Male,19,1,504416.22,1,1,0,462228.58,0
619,West India,Male,41,9,575860.5,1,1,1,892288.75,0
535,West India,Female,42,2,0.0,2,1,0,203802.09,1
636,North India,Female,22,1,0.0,1,1,1,703915.41,0
756,North India,Female,19,4,989737.01,1,0,1,1419337.06,0
535,North India,Male,27,4,666119.53,2,1,1,992143.39,0
745,North India,Female,28,4,388413.92,1,1,0,1202541.49,0
497,West India,Male,44,5,1337537.23,2,0,1,474246.94,0
547,South India,Male,29,2,161796.25,1,0,1,573895.99,0
659,West India,Male,26,7,367755.58,1,0,0,568234.82,0
735,North India,Male,29,2,134959.03,2,1,1,363392.26,0
782,South India,Male,48,1,316452.01,1,1,0,279946.61,0
739,West India,Female,36,8,228954.67,1,1,1,678416.2,0
789,East India,Female,34,5,1196273.2,1,1,1,458384.49,0
666,East India,Female,34,6,0.0,1,0,0,1269883.83,0
594,West India,Female,50,0,177520.68,1,1,0,596883.41,1
756,West India,Male,27,2,539000.38,2,1,1,353778.96,0
772,East India,Female,50,6,12298.31,1,0,1,2525073.75,0
733,West India,Female,38,7,746159.13,3,0,0,260583.49,1
705,East India,Female,34,10,62466.66,1,0,0,606865.76,0
775,North India,Female,63,1,955952.42,1,0,0,923034.43,0
680,East India,Male,24,4,0.0,2,1,1,863472.5,0
648,South India,Male,32,4,3690362.14,2,1,0,194439.9,1
715,North India,Male,22,8,84961.28,2,1,0,447424.52,0
692,North India,Female,46,2,916753.02,2,0,1,1166529.29,0
729,West India,Male,54,10,0.0,1,1,1,700746.52,0
638,South India,Female,54,10,300620.78,1,0,1,844903.21,0
731,East India,Male,49,10,0.0,2,0,0,913690.27,0
727,North India,Female,33,4,0.0,2,0,0,788187.15,0
669,South India,Male,31,7,718760.18,1,0,1,365542.71,0
582,North India,Male,18,10,459391.71,1,1,0,716749.6,0
761,South India,Male,58,2,246298.9,2,1,0,1381561.07,1
541,South India,Female,41,5,513162.11,2,0,1,615289.39,0
563,West India,Male,30,8,10967543.34,1,1,0,584826.58,1
665,North India,Female,50,9,1608537.69,2,0,1,294970.1,1
424,North India,Male,25,3,186499.81,1,0,0,2126615.26,1
788,North India,Female,40,6,788716.68,2,1,0,448338.92,0
651,West India,Male,34,7,45599.17,1,1,0,801917.87,1
788,North India,Female,43,5,299570.48,3,0,1,396331.76,0
812,South India,Male,35,0,385514.32,2,1,1,1283189.67,0
636,South India,Female,20,5,795376.88,1,1,1,1382496.76,0
771,West India,Male,36,3,0.0,1,1,0,460150.34,0
554,North India,Female,47,10,332718.22,1,1,0,1101466.16,0
688,North India,Female,35,2,543270.33,1,1,1,374647.63,0
607,West India,Male,44,2,688545.83,2,1,1,341232.73,0
712,East India,Male,24,2,0.0,1,1,0,216775.57,0
729,South India,Female,35,0,694243.39,2,1,1,410018.44,1
635,North India,Female,29,9,321359.72,2,1,1,724102.3,0
699,South India,Male,44,9,181784.22,2,1,0,2656636.28,0
735,East India,Male,36,0,295500.77,3,0,0,491138.22,0
666,South India,Male,43,1,0.0,2,1,1,270524.68,0
878,South India,Male,47,4,0.0,1,1,0,649005.78,0
637,South India,Male,43,6,263628.62,1,0,0,123356.34,0
799,East India,Female,39,4,695563.7,1,1,1,2018580.19,0
753,West India,Male,25,2,174934.36,2,1,1,1237088.55,0
482,West India,Female,35,4,3876355.08,2,0,1,512471.64,1
784,North India,Female,30,5,0.0,2,1,0,472938.37,0
746,South India,Male,32,3,0.0,1,0,1,381589.25,0
660,South India,Female,31,3,189072.78,2,0,1,207723.56,0
683,North India,Female,25,0,0.0,1,1,0,465814.94,0
694,West India,Male,18,6,287572.33,2,0,1,1451149.48,0
773,South India,Male,28,7,1329847.56,1,1,1,909292.91,0
612,North India,Female,38,3,0.0,1,1,1,368965.47,1
792,East India,Female,21,5,119769.23,1,0,1,876011.25,0
552,North India,Male,36,5,0.0,2,1,1,514089.46,1
491,West India,Male,56,0,986262.31,1,1,1,555778.96,0
703,West India,Male,47,9,0.0,1,1,0,330988.57,0
763,East India,Male,54,3,463847.7,2,1,0,334913.74,0
633,West India,Male,40,5,1735333.05,2,1,0,507288.43,0
446,West India,Female,48,8,318461.04,1,0,0,637190.25,0
515,North India,Female,28,3,716663.79,1,1,1,1334448.9,0
689,South India,Male,28,8,79234.72,1,0,1,1074734.19,0
649,East India,Female,18,3,6778876.45,1,0,0,429497.06,1
765,North India,Male,49,6,598684.82,2,1,0,507473.76,0
656,West India,Male,52,6,189602.43,2,1,1,541581.26,0
583,North India,Male,29,7,242772.37,3,1,1,426883.11,0
677,North India,Male,33,6,38188.78,1,0,0,281266.98,0
741,North India,Male,27,5,796273.89,2,0,0,342852.13,0
771,North India,Female,40,2,1269021.56,2,0,1,660382.33,0
640,East India,Male,48,9,0.0,1,0,1,1007082.2,0
656,West India,Female,18,6,709375.84,2,0,0,549199.91,0
720,South India,Male,40,5,0.0,1,0,0,371180.61,0
582,West India,Male,32,9,605878.89,1,0,0,706390.77,0
716,South India,Male,37,7,222864.44,2,1,0,1354693.49,0
629,West India,Female,41,3,354844.8,1,1,0,667998.3,0
643,West India,Male,33,6,0.0,2,1,1,2498392.98,0
650,North India,Female,34,6,198538.03,1,1,1,2205739.89,0
661,South India,Female,33,2,564035.15,2,1,0,440553.31,1
822,South India,Female,46,7,1202405.05,2,1,1,893805.37,0
607,East India,Male,40,9,93005.11,2,0,0,346148.95,0
612,West India,Female,38,1,482207.47,2,1,0,1018349.15,0
780,West India,Male,22,2,1038263.2,1,1,1,803531.74,0
690,West India,Female,31,0,0.0,2,0,0,832799.46,1
719,South India,Male,45,1,786783.53,1,1,0,595441.26,0
557,West India,Male,36,10,910600.39,1,1,1,187543.51,0
672,South India,Male,43,0,0.0,1,1,1,641737.57,1
722,South India,Male,55,5,107083.66,1,0,1,787104.65,0
589,West India,Male,47,10,947035.56,1,1,1,253772.67,0
706,North India,Female,37,4,268732.75,1,0,0,632380.5,0
631,North India,Female,30,5,392738.75,2,1,1,504288.98,0
591,South India,Male,18,2,0.0,2,1,1,566223.42,0
741,South India,Male,34,6,460085.73,1,1,1,263244.66,0
752,East India,Male,32,3,173291.61,2,1,0,1057915.96,0
661,East India,Male,40,0,1252652.19,2,1,1,286609.04,1
690,South India,Female,34,2,192805.88,1,1,0,411596.58,0
769,South India,Female,32,4,337705.09,4,0,0,945640.28,0
614,West India,Male,18,6,1207637.75,2,1,1,577624.5,0
681,South India,Male,25,8,0.0,2,0,0,977069.98,0
615,North India,Female,41,4,2494570.02,1,1,1,1533777.31,1
558,West India,Female,54,0,220125.22,2,1,0,1062992.94,0
614,West India,Female,34,4,280553.64,2,1,1,654745.26,0
548,North India,Male,39,10,0.0,2,0,0,676936.03,0
688,West India,Male,46,0,102726.85,2,0,0,1248548.76,0
580,South India,Male,27,6,112556.2,1,1,0,400684.18,0
524,North India,Male,40,8,3616459.0,2,1,1,364534.45,0
716,West India,Male,27,5,559338.4,2,0,1,369171.64,0
710,North India,Female,45,3,1222574.71,1,1,1,514637.27,0
620,North India,Male,37,5,0.0,1,1,1,525078.59,0
713,West India,Female,39,0,569254.63,1,0,1,907916.07,1
577,East India,Male,27,3,445708.15,1,0,0,526054.1,1
616,North India,Male,43,5,198663.78,1,0,1,1537772.02,0
686,East India,Male,58,1,1907685.32,1,1,1,767036.71,0
743,North India,Male,24,2,304920.44,2,1,1,429478.45,0
615,North India,Female,32,3,286774.38,1,1,0,887878.65,0
596,North India,Male,38,5,34912.22,2,1,0,223585.16,0
738,North India,Male,44,2,0.0,2,0,0,721479.1,0
705,South India,Female,29,0,0.0,2,0,0,290617.43,1
663,East India,Male,18,5,0.0,2,0,0,415812.44,0
756,North India,Male,50,7,0.0,3,1,0,315359.89,0
825,South India,Male,44,7,67115.91,2,0,1,1062734.4,0
682,West India,Male,18,10,0.0,2,1,1,451462.56,0
596,North India,Male,29,3,0.0,2,0,1,517085.86,0
694,West India,Male,53,5,772871.03,2,1,0,989990.59,1
576,South India,Female,51,0,519855.36,2,1,0,972748.72,0
761,North India,Female,46,5,0.0,1,0,1,634708.82,0
586,West India,Male,34,0,1333478.83,1,0,0,1016810.16,1
632,North India,Male,36,3,565522.49,1,0,0,481250.81,0
574,North India,Male,34,8,550686.49,2,0,0,1157314.49,0
666,South India,Female,48,5,61940.29,2,1,1,845724.94,0
669,South India,Male,26,3,663236.08,1,1,1,922824.61,1
716,West India,Female,27,9,174491.01,1,1,1,971808.65,0
660,South India,Female,47,3,0.0,2,1,1,1099367.2,0
654,South India,Male,35,3,0.0,1,0,1,573942.4,0
598,South India,Female,51,9,1027583.51,1,1,1,907392.96,1
624,South India,Male,28,6,6881654.03,2,1,0,1683080.3,1
524,East India,Male,35,10,2560412.75,2,1,0,1140491.92,1
775,East India,Male,25,8,1811427.32,2,1,0,381819.33,0
641,South India,Male,36,5,247939.6,1,1,0,213656.17,0
797,North India,Female,19,6,0.0,2,0,1,348295.3,0
639,South India,Male,30,3,716882.25,2,1,1,162540.67,0
478,North India,Male,20,10,4905484.68,1,1,1,455614.43,0
609,South India,Female,43,10,1015880.47,2,1,1,461297.68,0
649,North India,Male,43,4,36337.83,2,0,1,951010.43,0
655,West India,Male,18,8,1255959.02,1,1,1,775584.22,0
710,North India,Male,50,7,0.0,2,0,0,217124.78,0
665,East India,Female,63,9,305149.64,1,0,0,462124.16,1
619,North India,Female,36,1,0.0,1,0,0,573043.71,0
567,West India,Male,28,7,462974.23,2,1,0,232216.02,0
613,East India,Female,67,2,0.0,2,0,0,245475.56,0
704,North India,Male,21,1,332522.32,1,1,0,533147.13,0
727,East India,Male,36,1,0.0,2,1,0,626331.97,0
589,South India,Male,37,10,0.0,2,1,0,301022.5,0
740,East India,Female,50,3,289576.22,2,0,1,738474.32,0
701,East India,Male,39,0,553035.31,1,1,1,577487.82,0
570,North India,Female,30,4,940913.21,2,1,1,883440.49,0
672,West India,Male,25,10,146660.33,2,1,1,768156.04,0
683,North India,Male,32,6,356855.1,2,0,1,161688.51,1
554,North India,Male,24,1,404841.29,1,0,1,698248.14,0
527,North India,Female,36,4,1424139.32,1,1,0,503470.03,0
692,North India,Male,29,3,643059.19,1,0,0,517159.78,1
609,South India,Male,19,5,147394.12,2,1,1,773392.39,0
786,South India,Male,49,0,0.0,2,0,1,744651.35,0
804,West India,Female,30,0,0.0,2,1,0,643848.94,0
692,North India,Female,22,1,1061796.05,1,1,1,668084.58,0
735,East India,Female,34,3,266968.12,2,1,0,651007.11,0
557,North India,Male,36,0,677500.19,1,1,1,852907.93,0
530,North India,Female,18,4,572865.2,1,1,0,719379.19,0
637,West India,Female,39,5,583874.71,2,1,0,565649.75,1
534,West India,Male,24,9,0.0,1,0,0,532505.9,1
677,West India,Male,54,3,4247089.21,1,0,1,432137.77,1
579,South India,Male,41,6,5315993.24,2,1,1,303615.38,1
667,North India,Male,31,4,0.0,1,1,0,274534.11,0
634,North India,Female,27,8,401141.68,2,1,1,484989.03,0
707,South India,Female,34,8,961442.2,2,1,0,722961.43,1
679,South India,Female,42,3,0.0,1,1,1,682905.34,0
613,North India,Male,35,9,0.0,2,1,0,866502.7,0
526,South India,Female,33,5,322158.56,1,1,1,155444.77,1
664,West India,Male,36,1,97996.03,2,1,1,482912.62,0
493,West India,Male,29,1,0.0,2,0,0,802248.35,1
762,North India,Female,32,2,0.0,1,1,0,217457.29,0
697,South India,Male,18,9,0.0,1,0,1,561874.02,0
725,North India,Female,46,1,233051.3,2,0,1,855899.52,0
562,North India,Female,39,8,1709065.03,2,0,1,694750.87,0
682,West India,Female,27,3,213360.54,1,1,0,377180.67,0
590,West India,Male,56,4,143428.88,2,0,1,348825.94,0
663,West India,Female,36,1,1486947.84,1,0,1,423377.14,1
560,North India,Female,24,7,403122.29,2,1,0,877966.64,0
642,East India,Female,45,7,250683.47,1,1,1,1334529.53,0
525,North India,Female,40,6,396110.26,1,1,0,928105.89,0
635,West India,Female,40,6,1199737.03,2,1,1,1306050.39,0
502,South India,Male,31,6,0.0,1,0,1,370144.7,0
807,North India,Female,40,7,0.0,1,0,1,553561.25,0
664,North India,Female,33,3,464963.35,2,1,0,417491.54,0
650,North India,Female,42,5,616186.17,2,1,0,669026.98,0
710,South India,Female,18,7,259071.66,1,1,0,1484428.5,1
533,East India,Male,31,7,90309.41,2,1,0,775846.91,0
579,North India,Male,54,3,590867.37,2,1,1,1591413.94,0
697,South India,Male,27,0,0.0,1,1,1,291447.65,0
664,West India,Male,29,1,651175.65,2,1,0,366783.03,0
585,South India,Male,31,3,141196.58,1,1,0,224049.22,0
708,South India,Male,22,8,1089306.85,1,0,1,528195.4,1
677,East India,Male,18,2,230349.81,2,1,1,174114.59,0
695,North India,Female,33,4,357184.45,2,1,0,440082.57,0
685,South India,Male,37,0,0.0,1,1,0,787533.97,0
588,West India,Male,35,4,1347774.26,2,1,0,379701.38,0
643,North India,Male,34,10,739571.69,1,1,0,353156.69,0
482,West India,Male,36,10,0.0,1,1,1,667536.16,0
604,North India,Male,47,10,4692813.27,2,1,1,637729.87,1
627,North India,Male,33,0,0.0,2,0,0,1268666.73,0
706,North India,Female,29,10,201222.71,1,0,0,434071.45,1
696,East India,Male,32,5,732620.48,2,1,1,493209.65,0
582,West India,Female,42,0,1726779.87,2,1,0,815329.02,0
580,North India,Female,51,1,540107.81,2,1,0,669352.78,0
767,North India,Female,29,10,658717.68,2,1,0,265554.08,0
623,South India,Male,37,8,584328.67,2,1,0,508946.59,0
660,South India,Male,39,10,291480.13,1,1,0,577620.08,0
720,West India,Male,25,2,575175.35,2,0,0,561893.38,0
642,East India,Male,36,8,1498161.68,3,1,1,1023748.11,0
636,West India,Male,19,3,2375156.07,2,1,1,620750.89,0
621,South India,Female,18,4,928602.87,2,1,1,1078366.73,0
604,North India,Male,40,6,1445179.44,2,1,1,1044008.1,0
662,North India,Male,31,3,928806.76,2,1,1,1017771.25,0
485,South India,Male,38,10,336932.72,1,1,0,568356.57,0
617,South India,Female,35,9,1217396.12,2,1,1,480022.57,0
698,West India,Female,25,9,137976.21,1,1,0,820259.16,1
688,North India,Male,35,5,406017.47,2,1,1,279619.03,0
776,North India,Male,22,8,3178734.95,1,0,1,613380.46,0
725,South India,Male,51,7,0.0,1,1,0,962627.03,0
686,East India,Female,21,10,0.0,2,0,1,573292.07,0
652,West India,Female,33,0,235440.99,1,1,1,409779.79,0
608,North India,Female,24,5,0.0,1,1,1,706508.09,0
695,West India,Male,42,8,0.0,2,1,0,869394.86,0
679,South India,Female,32,2,574594.27,1,1,1,732374.91,0
616,South India,Female,30,2,1914389.07,1,1,1,536120.34,1
571,North India,Female,45,9,107215.74,2,0,0,621013.63,1
645,South India,Female,36,4,839939.36,1,0,0,868330.24,0
754,South India,Male,41,8,754619.33,1,1,0,937684.39,0
659,West India,Male,25,2,290554.42,2,1,0,774829.92,0
652,South India,Male,20,4,1075846.3,1,0,1,441375.59,0
688,North India,Female,37,10,108398.17,2,1,0,569807.97,0
693,North India,Female,32,4,126590.02,1,1,1,395268.58,0
672,West India,Male,42,10,77424.86,1,1,1,670906.85,0
646,West India,Male,35,7,311612.9,1,1,0,220462.73,0
604,South India,Male,38,1,647534.14,1,0,1,549810.94,0
740,North India,Female,18,7,634072.9,2,1,0,489142.6,0
611,North India,Male,56,0,271779.7,2,1,0,836579.04,0
791,North India,Male,34,4,0.0,1,1,1,503103.53,0
663,North India,Male,43,2,0.0,1,1,1,391651.24,0
654,South India,Male,26,4,0.0,2,1,1,566757.92,1
718,West India,Female,39,8,3562761.91,4,1,0,441686.67,0
591,North India,Female,21,10,2746921.3,2,0,1,361106.48,1
701,West India,Male,40,0,1189136.86,4,1,1,924253.43,0
660,West India,Female,32,5,0.0,1,0,1,910100.13,1
686,North India,Male,36,9,0.0,2,0,0,288039.64,0
588,South India,Female,43,5,167131.02,2,0,0,835666.86,0
587,North India,Male,22,6,0.0,1,1,0,797776.3,0
485,West India,Male,28,9,514300.4,2,1,1,366588.52,0
608,North India,Male,41,9,641218.36,1,0,1,1009178.52,0
604,South India,Male,59,4,301821.14,1,1,0,130252.83,0
589,South India,Male,34,6,0.0,2,1,1,819749.38,0
639,North India,Female,42,1,1251341.95,2,0,0,842076.35,0
655,North India,Female,34,1,424557.19,2,1,1,675468.52,0
694,North India,Male,57,9,337148.46,2,1,0,710587.15,0
700,South India,Female,18,7,767179.0,1,1,0,475224.51,0
708,West India,Male,37,5,1455509.5,2,0,1,1115839.36,0
712,North India,Female,18,4,229811.23,1,1,1,340185.53,0
674,North India,Female,18,2,888202.65,2,1,1,892301.77,0
654,South India,Female,39,3,0.0,2,1,1,421842.77,0
733,North India,Male,37,7,0.0,2,1,1,532161.19,0
712,South India,Male,32,9,717507.22,1,1,1,1172074.35,0
516,North India,Male,34,6,884952.37,1,0,1,486811.97,0
634,West India,Male,70,8,488650.08,1,0,1,380604.44,0
487,South India,Female,33,10,1077827.04,1,0,1,582884.97,0
485,North India,Male,41,2,0.0,2,1,1,873337.59,0
604,South India,Male,28,5,2450390.03,1,1,1,1065426.48,0
638,South India,Male,39,6,0.0,2,0,1,430644.05,0
611,North India,Male,33,1,0.0,1,0,0,510314.62,0
490,North India,Female,31,3,0.0,2,1,1,864159.38,0
719,North India,Male,56,0,0.0,2,1,1,627977.05,0
586,South India,Female,48,3,3504790.3,1,1,1,516077.11,1
694,North India,Male,37,1,0.0,2,1,1,1111074.17,0
588,South India,Female,18,6,0.0,2,0,1,599455.34,0
605,West India,Female,32,0,0.0,2,0,0,467563.6,1
689,West India,Female,65,5,463428.73,2,0,1,385213.12,0
618,South India,Female,33,2,266135.48,1,1,0,542086.31,0
665,West India,Male,48,7,503117.08,1,1,0,479704.77,0
674,South India,Female,51,7,465989.75,1,1,0,3062279.41,0
521,East India,Female,38,6,209844.54,1,1,1,1373501.78,0
693,North India,Female,26,6,0.0,1,1,0,481998.29,0
565,North India,Female,18,0,0.0,3,1,1,942767.5,0
550,North India,Female,43,8,1782843.8,1,1,0,460823.81,0
584,South India,Male,27,2,948543.72,1,1,0,441853.73,0
723,North India,Male,37,7,744656.5,1,0,1,420178.84,0
505,North India,Male,22,1,176342.89,1,0,1,453472.26,0
708,South India,Female,33,0,733871.01,2,0,1,230574.84,0
680,East India,Male,36,10,2634236.3,2,1,1,777699.35,0
656,East India,Female,38,0,339350.89,2,1,0,1014441.84,0
672,West India,Male,23,7,414775.22,1,0,1,1946455.05,0
623,South India,Male,49,8,767927.92,2,0,1,284600.13,0
711,West India,Female,29,2,109512.34,2,1,0,289294.34,0
611,West India,Female,18,6,2250062.59,2,1,1,392755.61,0
503,East India,Female,34,1,1165500.28,2,1,1,377250.56,0
643,South India,Male,36,7,0.0,1,1,0,808826.97,0
722,North India,Male,37,2,528666.06,2,1,1,357616.89,0
694,North India,Male,50,9,137594.64,2,1,0,1418913.79,0
813,East India,Male,33,9,0.0,2,1,0,268789.45,1
627,North India,Male,34,4,0.0,2,1,1,533467.37,0
635,North India,Male,23,6,1347188.23,2,1,0,442299.44,0
629,South India,Male,45,8,392755.93,2,1,1,958592.02,0
580,North India,Female,38,0,4801536.19,2,0,0,1891208.21,1
607,East India,Male,31,4,0.0,2,1,1,1307269.44,0
556,North India,Male,18,0,262285.02,1,1,1,308722.97,0
443,North India,Male,51,1,0.0,1,0,1,653676.53,0
597,East India,Female,22,9,0.0,1,1,1,510460.7,0
652,North India,Male,29,3,0.0,2,1,0,1425280.54,0
706,West India,Male,39,9,2140595.6,4,1,1,498969.81,0
598,South India,Male,22,2,33798.02,1,1,1,753944.89,0
599,West India,Female,19,9,465862.68,1,1,0,339826.37,1
742,North India,Female,18,4,0.0,2,1,1,1090898.44,0
530,South India,Female,43,5,0.0,2,0,1,668313.8,0
635,North India,Male,30,0,2143389.61,1,1,0,1849870.05,0
736,East India,Female,68,8,223924.62,2,1,1,581747.82,0
586,North India,Female,25,9,469516.75,1,1,1,403368.69,0
511,North India,Male,25,1,0.0,2,1,1,844580.38,0
803,West India,Female,29,7,713686.21,2,1,1,727737.44,0
721,South India,Male,38,8,225070.34,1,1,1,608783.43,0
724,South India,Male,30,0,445953.97,2,1,0,711877.46,0
641,West India,Female,42,1,0.0,1,0,0,1280071.67,0
707,North India,Female,25,2,1262777.52,2,1,0,1111589.06,0
425,North India,Male,20,10,0.0,1,1,1,453628.25,0
610,East India,Male,18,8,0.0,2,0,0,1564915.54,0
735,North India,Female,18,2,245707.1,1,1,0,584598.98,0
524,South India,Male,30,5,474532.35,2,1,0,655770.15,0
619,West India,Male,32,8,410399.46,4,1,1,855665.1,0
678,North India,Male,29,10,0.0,1,1,1,325027.71,0
579,West India,Female,49,6,324640.24,1,0,1,338875.19,0
650,South India,Female,49,9,198039.64,1,1,1,525833.64,0
684,West India,Male,32,5,422393.41,2,1,0,736633.13,1
677,North India,Male,18,1,98027.01,1,1,0,493138.55,1
613,North India,Male,29,5,1161898.8,2,0,0,531498.67,0
575,West India,Male,29,9,1964930.95,1,1,1,592091.16,0
685,North India,Female,28,0,2712452.11,4,1,0,978518.29,0
680,South India,Male,28,6,56603.78,2,1,0,673730.92,0
676,West India,Male,28,5,330015.96,1,1,0,708097.91,0
660,South India,Female,31,7,1103727.54,2,1,1,1046105.8,0
680,South India,Male,29,1,642218.34,1,1,0,730765.31,0
728,North India,Male,38,0,212741.6,2,1,0,1232532.04,0
677,West India,Male,39,8,626117.54,1,0,1,770229.41,0
658,North India,Female,25,8,853662.56,1,1,1,417094.09,0
602,East India,Male,49,9,409435.36,1,1,0,2644246.53,1
774,North India,Male,25,6,258926.6,1,1,1,810699.17,0
548,West India,Male,18,0,0.0,1,0,0,389440.29,0
631,South India,Female,40,1,1097870.2,4,1,1,543134.76,0
604,North India,Male,27,8,0.0,1,1,0,589975.48,0
485,South India,Female,39,4,2986353.68,1,0,1,955621.39,1
681,North India,Female,18,1,633758.44,1,1,0,471975.14,1
631,North India,Female,51,4,314466.79,1,1,0,595322.06,0
652,North India,Male,43,0,0.0,1,0,1,895498.88,0
633,West India,Male,19,9,392043.02,2,1,1,436566.76,0
717,North India,Male,19,4,553048.39,2,1,1,395823.82,0
729,East India,Male,54,6,605810.35,1,0,1,326981.06,0
550,North India,Female,27,7,325432.59,2,0,1,364179.47,0
808,West India,Male,26,10,0.0,2,1,1,369691.53,0
628,West India,Male,18,2,1856883.8,1,1,0,1426934.26,0
702,East India,Male,32,3,0.0,1,1,1,672978.7,1
666,North India,Female,33,10,0.0,2,0,0,808118.33,0
659,West India,Male,43,1,629749.97,2,1,0,321565.67,1
700,North India,Male,20,0,0.0,1,1,0,583301.3,0
768,South India,Male,19,9,0.0,1,1,1,1531110.84,0
719,West India,Female,40,7,1748428.13,1,1,1,532606.02,1
628,North India,Male,47,6,207243.48,2,1,0,313377.22,0
642,North India,Male,18,10,0.0,2,1,1,436710.41,0
599,North India,Male,47,7,413123.95,1,0,1,948410.71,0
714,North India,Female,36,4,327754.44,2,1,1,321027.09,0
703,North India,Female,48,4,1064735.06,1,1,0,780488.55,0
619,West India,Female,35,0,444563.56,1,1,1,826446.04,0
769,North India,Female,18,8,512930.87,1,1,1,323427.64,0
746,West India,Male,34,10,0.0,3,1,0,825771.94,0
814,West India,Female,47,2,571635.91,2,1,0,725341.43,0
578,South India,Male,26,0,2781486.68,1,1,1,177335.02,1
640,West India,Male,31,3,132714.47,1,1,0,1057146.68,0
632,West India,Male,34,3,0.0,1,1,1,1131849.67,0
884,South India,Male,18,7,0.0,2,1,0,471087.77,0
650,South India,Male,54,9,0.0,2,1,0,2962204.13,0
763,East India,Male,26,9,215600.6,1,0,0,1261332.46,0
743,East India,Female,41,4,0.0,2,1,1,331462.9,0
642,West India,Female,35,9,117430.17,1,1,1,527983.93,1
654,North India,Male,49,4,0.0,1,0,1,585447.33,0
697,South India,Male,40,0,239490.15,2,1,1,1002580.82,0
763,South India,Female,33,10,1245594.61,2,1,0,1317560.16,0
634,West India,Female,26,3,131460.49,3,0,1,401739.69,0
604,West India,Female,44,7,0.0,1,1,0,634198.39,0
733,South India,Male,18,7,273582.53,1,0,0,841021.01,0
546,West India,Male,43,3,0.0,2,0,0,475666.74,0
672,North India,Male,23,2,0.0,1,1,0,1162147.9,0
745,West India,Female,49,3,740804.35,1,1,0,454826.62,1
688,North India,Male,37,5,214122.86,2,1,1,547478.92,0
598,West India,Male,43,2,2271742.48,1,1,1,283866.5,0
559,North India,Male,36,10,0.0,2,1,1,1156383.83,0
756,North India,Female,18,2,183357.35,1,0,0,617947.88,0
634,North India,Male,26,8,2029839.84,1,0,1,580484.19,0
568,East India,Female,43,2,0.0,2,0,0,1056907.22,0
752,South India,Female,37,0,959859.42,1,1,0,399112.57,0
722,South India,Female,48,10,0.0,1,1,0,1123830.11,0
555,West India,Male,40,2,0.0,2,1,1,895586.57,0
876,South India,Female,25,10,5983238.11,2,0,0,736068.08,1
601,South India,Male,27,7,1100327.34,2,0,1,537910.16,0
720,South India,Male,37,8,0.0,2,0,0,338004.61,0
828,North India,Female,18,3,1034253.86,2,1,0,684527.72,0
729,North India,Male,54,5,0.0,2,0,0,594868.58,0
673,North India,Male,40,9,418547.16,2,0,1,486055.06,0
521,West India,Male,49,7,642489.69,2,1,0,1643802.79,0
833,North India,Male,18,6,124565.59,2,1,0,1432550.06,0
727,South India,Male,49,7,451223.94,1,1,1,2213825.46,0
522,South India,Male,60,10,0.0,1,1,1,452428.5,1
789,North India,Male,21,10,0.0,1,1,1,1327649.43,0
655,East India,Female,44,2,199508.72,1,1,0,359935.71,0
625,East India,Male,36,3,1603083.7,1,0,1,275512.95,1
598,North India,Male,19,0,332299.08,2,0,0,191236.37,1
665,West India,Male,41,3,0.0,1,0,1,550253.69,0
722,South India,Female,45,4,261276.28,2,0,0,597238.45,1
605,West India,Female,29,1,0.0,1,0,0,1657661.12,0
661,North India,Female,48,0,0.0,2,1,1,753243.68,0
900,North India,Male,18,4,614878.47,1,1,1,879333.81,0
692,West India,Male,19,7,0.0,2,1,0,464657.33,0
736,West India,Male,37,7,369282.59,2,1,1,294920.91,0
563,South India,Male,36,10,0.0,2,0,0,724246.59,0
527,West India,Male,28,8,4197896.63,1,1,0,1499492.99,0
781,West India,Female,44,7,314638.32,2,0,1,641422.89,0
756,North India,Male,41,6,217491.82,2,1,0,586785.95,0
804,North India,Female,45,10,0.0,1,0,1,1766390.24,0
642,North India,Male,34,0,550941.54,2,0,0,1213658.34,1
762,West India,Female,42,9,1033440.82,2,0,0,584359.34,0
420,East India,Male,31,0,2653118.84,2,1,1,650876.65,0
698,South India,Female,58,7,1602331.86,2,0,1,804417.45,0
742,West India,Male,27,4,0.0,2,1,1,747282.69,0
588,West India,Female,59,5,778943.69,1,0,1,1157253.86,0
745,North India,Male,36,3,0.0,2,0,0,687726.23,0
633,North India,Male,20,3,542018.65,2,0,1,474052.06,0
642,South India,Male,51,9,0.0,2,0,1,1249672.89,0
626,South India,Male,37,8,0.0,1,1,0,1824534.22,0
792,West India,Female,45,7,7598998.4,2,0,0,620017.86,1
609,North India,Female,49,10,572193.06,1,1,0,539696.71,0
598,South India,Female,39,3,553223.94,2,1,0,592571.52,0
572,West India,Female,29,6,620910.44,1,0,1,656197.03,1
616,North India,Male,46,7,1777851.42,1,1,1,1376042.9,0
667,South India,Female,36,6,208325.58,2,0,0,372925.95,0
707,North India,Male,43,4,521772.42,2,1,1,246047.6,0
582,South India,Female,18,9,0.0,2,0,1,753508.11,0
683,West India,Male,40,0,288165.8,1,1,1,818745.25,0
705,North India,Female,28,5,0.0,2,1,1,717964.45,0
566,West India,Male,54,7,279097.21,2,1,0,1312996.71,0
655,North India,Male,42,10,526611.96,2,1,0,679450.96,0
642,North India,Male,38,5,312150.21,2,1,0,388247.21,0
656,South India,Male,41,7,1342119.11,2,1,1,334634.42,0
602,West India,Male,25,5,151333.47,1,1,0,479729.15,0
637,North India,Male,53,1,213399.98,1,0,1,422350.66,0
652,North India,Female,57,5,216151.52,2,0,1,520155.13,0
817,West India,Male,40,8,0.0,1,1,1,411518.7,0
654,South India,Female,53,1,329159.43,1,0,0,1459641.91,1
770,North India,Male,29,2,564261.82,2,1,1,992256.45,0
777,North India,Male,27,8,1833327.17,4,0,0,799444.2,0
531,West India,Male,36,6,0.0,1,0,0,1425304.87,0
623,East India,Male,40,0,2249720.43,2,0,0,343754.23,0
777,North India,Male,31,10,0.0,1,0,0,353424.92,1
666,South India,Male,41,3,141479.17,1,0,0,439635.8,0
639,North India,Male,39,3,371060.26,2,1,0,169917.72,0
717,West India,Female,25,9,115707.28,2,1,0,513384.06,0
746,North India,Male,41,4,1048253.18,1,1,1,667100.87,0
647,North India,Male,45,6,801329.74,1,1,0,691984.45,1
624,West India,Female,37,4,0.0,1,0,1,502776.15,0
437,North India,Female,48,9,0.0,2,0,0,487832.42,0
654,North India,Male,22,5,403518.18,1,0,0,510278.83,1
615,East India,Female,41,8,0.0,1,0,0,708700.25,1
559,East India,Female,23,1,260223.51,2,1,0,590059.23,0
631,North India,Male,23,5,0.0,2,1,0,688360.91,0
612,South India,Male,29,5,288191.69,1,1,1,804196.0,0
665,South India,Female,25,0,0.0,3,1,1,416636.82,0
624,South India,Male,29,5,2166806.36,2,1,1,612180.42,0
690,East India,Male,33,6,0.0,2,0,0,919693.13,0
665,West India,Male,45,6,122260.02,1,1,0,299256.56,0
764,West India,Female,32,2,5206134.27,2,0,0,856259.18,0
601,North India,Female,18,7,3576660.15,2,0,0,714247.84,0
810,South India,Female,48,6,1608849.86,1,1,0,360534.95,0
746,South India,Female,26,3,0.0,1,1,1,425701.08,0
783,North India,Male,35,3,0.0,3,0,0,1319304.79,0
672,North India,Male,40,9,0.0,1,1,1,237987.5,0
624,North India,Female,38,6,521035.04,1,0,0,1014263.07,1
601,North India,Female,48,1,0.0,1,0,0,682444.78,0
807,North India,Male,41,4,0.0,1,1,1,666701.04,0
748,North India,Male,26,5,343364.83,2,1,1,287023.39,0
559,North India,Male,59,3,0.0,2,0,1,1320077.57,0
737,South India,Male,38,0,354756.69,2,0,1,1217614.62,0
575,South India,Male,34,10,501479.11,2,0,0,211026.58,0
679,North India,Male,46,10,573076.07,2,0,0,351826.81,0
724,East India,Female,38,0,4238689.11,1,1,1,474525.28,0
781,South India,Male,40,2,219237.63,2,1,0,439559.75,0
671,West India,Female,63,8,0.0,1,1,1,933745.53,1
637,East India,Male,32,1,254126.67,2,1,0,335257.93,0
653,North India,Male,32,4,0.0,1,1,1,685794.81,0
746,South India,Female,37,6,375175.86,1,0,0,583011.42,0
720,South India,Female,47,1,204508.81,1,1,0,906754.19,0
648,South India,Male,19,0,206158.86,2,1,1,807856.3,0
482,North India,Female,18,6,386649.83,2,1,1,316596.41,0
430,West India,Female,29,4,0.0,2,1,1,1717571.25,0
670,North India,Male,18,6,292830.01,1,1,0,844760.42,0
543,East India,Male,31,0,0.0,2,1,0,852499.42,0
602,West India,Female,41,5,809853.64,1,1,1,482166.47,0
629,South India,Male,26,5,767345.39,2,1,0,845340.68,0
836,North India,Male,20,6,137514.75,1,0,0,1284677.39,0
661,South India,Male,36,7,750353.72,1,1,1,758501.53,0
714,North India,Male,45,8,449771.53,1,1,0,773037.47,1
695,North India,Female,18,9,1927867.97,2,0,0,646714.01,0
432,West India,Male,45,4,606752.39,1,0,0,709082.26,0
614,South India,Male,44,3,0.0,2,1,0,689711.9,0
540,South India,Male,46,4,0.0,1,0,0,403904.74,0
805,West India,Female,49,9,0.0,1,1,1,189182.7,0
486,North India,Female,60,4,6295889.42,3,0,1,663469.26,0
612,South India,Female,32,10,0.0,1,1,0,433429.52,0
626,South India,Female,37,8,373109.82,1,1,1,633450.47,0
561,South India,Male,31,6,165627.28,1,0,0,508632.54,0
659,West India,Male,36,10,85994.53,2,1,0,517922.1,0
646,East India,Male,52,1,338570.43,2,1,0,887532.95,0
664,South India,Female,21,1,0.0,2,1,1,333011.49,0
695,South India,Female,26,0,245461.56,2,1,0,365703.46,0
671,South India,Female,51,1,0.0,1,1,1,890453.36,0
684,West India,Female,47,1,1905561.84,2,0,0,1102109.87,0
750,West India,Male,32,4,0.0,2,0,1,589047.36,0
501,North India,Male,45,8,0.0,1,0,1,620029.88,0
712,North India,Male,39,6,747183.47,2,1,0,450569.49,0
555,East India,Male,52,10,449580.37,2,1,0,768735.79,0
592,North India,Male,36,4,0.0,3,0,0,339595.03,0
660,South India,Male,47,10,640877.31,2,1,1,852298.95,0
687,West India,Male,65,9,643211.55,1,0,0,267230.39,0
697,North India,Female,42,3,0.0,1,1,0,578391.2,0
564,South India,Male,36,5,963262.5,1,0,1,426633.86,0
796,North India,Female,43,3,292687.29,2,1,1,2027059.33,0
612,East India,Male,31,9,0.0,2,1,1,813756.24,0
585,North India,Male,62,6,1666250.62,1,0,0,752819.11,0
535,South India,Female,37,2,0.0,1,1,1,381710.4,0
526,South India,Male,32,7,0.0,2,0,1,602671.08,0
524,West India,Female,26,7,0.0,2,1,0,735416.41,0
678,North India,Male,48,2,0.0,2,0,1,902590.49,0
704,South India,Male,45,6,0.0,1,1,0,925364.11,0
572,North India,Male,30,0,0.0,1,1,0,1055800.01,0
547,North India,Male,42,4,1496079.17,2,0,1,511693.55,0
630,West India,Male,19,8,923735.38,1,0,0,621929.75,0
658,North India,Female,38,1,488609.21,1,0,1,776260.61,1
673,West India,Male,40,2,504984.82,2,1,0,725868.21,0
563,West India,Male,54,3,0.0,3,0,0,576531.83,1
634,East India,Male,27,1,424896.14,2,1,0,605641.95,0
791,South India,Male,21,9,0.0,1,1,1,701852.38,0
542,North India,Female,26,5,1049358.34,1,1,1,160558.49,0
647,South India,Female,21,4,796478.32,1,1,1,482930.37,0
694,East India,Male,50,4,255368.94,2,1,0,1104955.06,0
562,West India,Male,53,7,275348.47,2,1,1,641811.39,0
705,South India,Male,39,5,0.0,1,1,0,951011.98,0
529,East India,Female,49,0,186367.2,2,1,1,323800.94,0
707,West India,Male,37,0,238755.95,2,0,1,369405.4,0
653,East India,Female,34,9,195218.66,2,1,1,257909.53,0
522,West India,Male,32,9,258135.93,2,1,1,673711.29,0
711,West India,Female,32,4,0.0,2,0,1,206917.36,0
569,West India,Male,18,2,301359.31,1,1,0,536407.31,0
636,North India,Male,38,7,397689.62,2,0,1,440887.83,0
706,East India,Female,35,10,467709.67,2,0,1,525871.59,0
563,North India,Female,44,1,0.0,1,1,0,615909.26,0
602,South India,Female,37,4,1746787.11,1,0,1,657549.54,0
751,West India,Female,34,5,0.0,1,0,1,271851.55,0
463,West India,Female,26,2,316841.39,2,1,0,298809.1,0
777,West India,Male,36,7,881558.14,2,1,0,1620988.83,0
518,South India,Female,44,7,0.0,2,1,1,181199.86,1
587,South India,Female,23,5,716252.37,1,1,0,1037045.29,0
675,North India,Male,36,8,908821.11,2,1,0,2804527.4,0
704,South India,Female,38,2,0.0,1,1,1,576431.51,0
676,West India,Male,28,2,415570.69,1,1,0,1526838.47,1
654,North India,Male,29,7,83226.49,2,1,0,1346717.47,0
610,South India,Female,38,9,0.0,1,0,0,845230.35,0
790,North India,Male,23,3,0.0,2,0,0,541022.16,0
719,West India,Male,39,9,1518598.99,2,0,0,406192.94,0
755,North India,Male,26,0,0.0,2,1,1,1075897.83,0
612,West India,Male,47,7,1843361.25,1,0,0,829370.99,1
440,South India,Male,61,7,0.0,1,0,1,482847.61,0
741,North India,Female,26,4,0.0,1,1,0,914181.98,0
682,West India,Female,41,10,699865.66,2,1,0,451352.35,0
666,South India,Female,28,1,508656.04,1,1,0,617717.87,1
598,South India,Male,47,6,223080.31,2,1,1,404975.67,0
618,West India,Female,22,3,575443.95,1,0,0,270713.17,0
596,West India,Female,41,7,730319.07,1,1,1,990724.77,0
654,West India,Male,26,10,1241991.55,1,1,1,424046.7,0
547,West India,Female,33,9,2239440.57,2,0,1,552867.32,0
718,South India,Female,24,10,536701.1,2,0,1,626771.43,0
833,South India,Male,45,5,655390.77,1,1,1,1067970.16,0
596,North India,Female,26,6,0.0,1,0,0,365921.74,0
506,East India,Female,42,9,0.0,1,1,0,536583.19,0
640,East India,Male,32,10,359001.15,2,1,1,521662.58,0
678,South India,Female,34,1,84598.44,2,0,1,429438.05,0
690,North India,Male,37,4,353984.32,1,1,0,2838833.42,0
794,North India,Male,27,3,0.0,1,1,0,483018.26,0
723,West India,Female,38,2,89902.99,2,0,0,519331.72,1
486,North India,Male,52,6,500103.55,2,0,1,1019683.74,0
538,West India,Female,27,0,128299.36,2,1,1,463427.65,0
686,East India,Male,48,5,0.0,1,0,0,1111239.93,0
609,East India,Male,52,10,3261890.63,2,1,0,575680.73,0
786,North India,Male,27,2,117802.07,2,1,0,1146013.31,0
565,East India,Male,19,6,0.0,1,1,0,668397.85,0
736,West India,Male,39,8,1393576.44,1,1,0,615095.76,0
591,North India,Female,29,2,0.0,2,1,0,391883.39,0
673,South India,Female,56,0,3245513.42,1,0,0,922755.27,1
575,West India,Female,36,2,0.0,2,1,1,640017.01,1
700,East India,Male,27,8,1409290.25,2,1,1,938453.62,0
746,North India,Female,23,9,1480744.84,2,0,1,967483.04,0
672,North India,Female,47,3,636322.73,2,1,1,631678.92,0
821,South India,Male,29,10,168715.55,2,0,1,531265.98,0
585,East India,Male,36,2,1146359.7,1,1,1,567529.36,0
658,East India,Male,46,6,0.0,2,0,0,712921.45,1
726,North India,Male,30,6,0.0,2,1,0,518809.67,0
564,North India,Female,35,3,820333.51,2,1,1,676194.62,0
655,East India,Male,35,8,0.0,1,1,0,846629.88,1
709,West India,Female,43,8,687945.78,1,1,0,983407.22,0
733,East India,Male,42,1,312127.66,2,0,1,737051.0,0
752,West India,Male,33,6,762698.17,2,0,0,269023.51,1
571,North India,Male,36,7,0.0,1,0,0,762885.21,0
675,West India,Female,31,7,286431.72,2,1,0,1293061.81,0
531,North India,Male,19,9,357165.67,2,1,1,296129.22,0
584,West India,Female,38,0,342192.52,1,1,1,146607.17,0
634,South India,Male,56,1,1836144.37,1,1,1,731477.81,0
752,East India,Female,26,7,0.0,1,0,0,243054.62,0
697,East India,Female,27,6,98352.35,2,0,1,569620.5,0
653,North India,Female,26,6,630791.09,1,0,0,214490.82,1
690,North India,Male,43,0,461525.93,1,0,0,747143.02,0
696,South India,Male,40,1,285868.46,1,0,0,789718.67,0
683,West India,Male,34,1,1001362.48,2,1,1,481339.98,0
598,West India,Female,25,2,0.0,2,1,1,411776.12,1
563,East India,Male,37,2,2274527.9,1,1,0,321516.11,0
629,South India,Male,18,2,0.0,1,1,0,450631.36,0
578,North India,Male,37,3,216102.47,2,1,1,279210.03,0
705,North India,Male,45,3,0.0,2,1,1,600522.15,0
787,North India,Female,22,8,256874.39,1,1,0,186937.94,0
700,West India,Female,19,2,2375691.71,2,0,1,605185.06,0
487,East India,Male,53,2,0.0,2,1,1,487310.87,0
593,North India,Female,29,8,0.0,4,1,0,2190997.75,0
651,West India,Female,48,3,134396.78,1,1,1,417890.47,0
520,South India,Male,34,5,0.0,1,1,0,1022035.77,0
652,North India,Female,34,9,289177.07,1,0,1,1007004.5,0
692,South India,Female,40,4,0.0,3,1,0,395472.12,0
776,South India,Male,26,10,460769.94,2,0,1,768862.92,0
813,East India,Female,37,9,425235.57,1,1,1,415144.93,0
542,South India,Male,31,2,208965.98,1,1,1,672099.77,0
639,North India,Male,21,7,572380.75,2,0,1,1443512.22,0
640,West India,Female,39,10,1002294.21,1,1,0,761469.8,0
585,East India,Female,33,4,1398868.51,1,1,1,320283.06,0
658,South India,Female,34,7,283502.19,2,1,1,857367.4,0
642,North India,Male,22,5,559061.53,2,1,1,374238.79,0
705,North India,Female,53,8,173428.09,2,1,0,433922.61,0
772,North India,Male,45,1,0.0,2,1,1,1221244.11,0
661,North India,Male,46,6,382199.21,1,1,0,1217551.81,0
605,East India,Male,32,9,254973.29,1,0,0,983608.07,0
557,North India,Male,18,3,77274.16,1,1,1,1735369.51,0
833,South India,Male,57,9,972013.4,1,0,0,845210.83,0
731,West India,Female,35,6,410250.67,2,1,1,609413.13,0
685,West India,Female,27,8,0.0,1,1,0,720573.62,0
635,North India,Female,40,9,0.0,3,1,0,773170.17,0
795,South India,Female,48,0,3959914.63,3,1,1,663818.06,1
635,North India,Male,35,4,683396.85,1,1,0,491414.24,1
495,North India,Female,50,5,447243.31,1,1,1,1100372.15,1
673,North India,Female,47,3,350513.64,2,1,1,656673.84,0
539,South India,Male,24,9,728760.98,1,1,1,1465898.73,0
674,North India,Female,28,5,131095.25,1,1,0,428415.28,0
770,South India,Male,46,0,119739.77,1,0,0,367267.62,0
499,North India,Male,18,7,0.0,3,1,0,554373.88,0
569,East India,Male,34,5,0.0,3,1,1,481860.52,0
727,South India,Female,20,9,0.0,2,1,1,346614.25,0
605,West India,Female,30,3,176140.81,1,1,0,954713.51,0
687,North India,Male,32,4,2142177.57,1,0,0,1615558.62,0
687,West India,Male,32,7,0.0,1,1,1,537317.2,0
730,South India,Female,29,1,661668.76,2,1,0,538818.11,0
591,North India,Female,23,3,0.0,1,1,1,344842.41,0
420,West India,Male,61,6,189448.89,2,1,0,1357058.69,1
685,West India,Male,56,1,7113669.88,2,1,1,827425.1,1
508,East India,Female,23,5,303294.03,4,0,0,118622.76,0
734,West India,Male,53,10,510433.08,2,0,1,621260.62,0
646,North India,Male,31,8,1111126.16,2,0,1,689404.0,1
623,North India,Male,37,10,1389392.83,2,1,1,356906.85,1
712,South India,Female,35,1,2002880.64,1,1,0,850579.37,0
493,North India,Female,28,3,271592.23,2,1,0,590658.82,0
631,West India,Male,46,9,2245339.25,2,1,0,660013.14,0
690,South India,Male,37,9,238817.87,1,1,1,413709.99,0
672,East India,Male,30,4,523853.31,2,0,0,688177.55,0
606,South India,Male,21,9,481771.22,2,0,0,1381419.9,0
606,South India,Male,26,7,0.0,1,0,1,660632.54,0
788,North India,Male,18,4,195972.79,3,1,1,1123838.12,0
732,North India,Male,36,4,0.0,1,1,1,244875.14,0
590,West India,Male,22,9,827283.89,2,0,1,641050.1,0
771,East India,Female,33,8,282403.86,2,1,0,654737.27,0
717,South India,Female,51,9,273371.02,1,1,0,1439015.15,0
693,West India,Male,49,5,0.0,1,0,0,758429.29,0
697,South India,Male,35,4,0.0,2,1,0,344687.59,0
546,East India,Male,35,2,0.0,1,0,0,1160229.8,0
785,North India,Female,56,0,693835.7,2,1,1,560069.8,0
735,South India,Male,41,5,1107033.32,1,0,1,713792.73,0
672,South India,Male,32,9,576106.01,4,1,0,471519.55,0
671,South India,Female,20,8,815923.23,1,1,1,546870.89,0
641,North India,Female,40,10,3116761.66,2,1,1,902559.46,0
598,South India,Male,45,3,0.0,1,1,0,837873.72,0
698,South India,Male,29,7,257446.69,1,1,1,721394.03,0
578,North India,Female,39,1,0.0,1,1,0,322801.25,0
663,West India,Female,32,10,151043.53,1,1,0,521489.15,0
658,West India,Male,33,1,172674.81,2,1,0,922444.91,0
684,West India,Female,18,3,432185.35,2,1,0,575183.21,0
734,South India,Female,33,1,1290707.95,1,1,1,253222.73,1
686,North India,Female,46,5,307483.04,2,1,1,806165.54,0
712,South India,Male,29,7,1437872.71,1,1,1,1048318.28,1
475,North India,Female,36,2,0.0,1,1,0,637426.11,0
691,South India,Female,27,2,0.0,3,1,1,427911.36,0
656,North India,Male,39,3,552872.31,1,1,1,1132506.98,1
683,South India,Female,33,4,0.0,4,0,1,387140.04,0
602,North India,Male,25,2,926558.48,2,1,0,230958.23,0
753,North India,Male,50,5,941428.73,2,1,1,1118053.43,0
672,East India,Male,46,4,752398.47,1,0,1,337972.68,1
582,East India,Female,29,7,240282.87,2,1,0,2183343.42,0
598,South India,Male,41,9,1051677.35,1,0,0,616981.06,0
731,North India,Female,41,3,238255.68,1,1,0,271627.76,1
642,East India,Female,43,5,280278.43,1,1,1,390840.49,0
649,East India,Male,18,8,843574.01,1,1,0,556513.24,0
632,West India,Male,47,5,283283.58,2,1,1,329645.48,0
741,South India,Female,29,9,170602.08,2,0,0,449607.37,0
693,North India,Female,32,4,580267.47,2,1,1,595115.3,0
543,North India,Male,65,10,296698.72,2,1,1,897594.82,1
562,West India,Male,39,7,390147.28,1,0,1,673980.14,0
650,West India,Male,31,3,0.0,1,1,0,473919.81,0
592,South India,Male,18,5,1525734.22,3,1,1,682358.53,0
455,North India,Male,51,6,670855.42,1,1,1,463250.62,0
582,South India,Male,21,9,356895.63,4,1,0,471905.87,0
624,West India,Male,24,5,665123.89,2,1,1,726614.02,0
613,West India,Male,32,7,0.0,2,0,0,846003.5,0
714,South India,Female,51,1,2323810.92,2,0,0,620012.83,0
448,North India,Female,44,4,482336.26,1,1,0,704950.84,0
580,North India,Male,34,2,0.0,2,0,1,311509.33,0
721,West India,Female,39,3,58257.98,1,1,0,317529.29,0
589,West India,Male,29,9,727338.72,1,0,1,372033.2,0
540,North India,Female,37,7,460956.12,2,0,1,773845.35,0
588,North India,Female,36,10,468614.58,1,1,0,1159566.33,0
690,West India,Female,46,1,0.0,2,1,1,280002.64,0
627,South India,Male,46,8,1325381.07,1,1,0,641252.3,0
584,South India,Female,41,6,212070.08,1,0,1,709283.66,0
693,South India,Male,32,0,723839.73,3,0,0,282627.32,0
683,West India,Male,44,10,2527135.83,2,1,0,519884.77,0
536,West India,Male,34,2,163758.57,1,1,0,199213.51,1
658,North India,Female,24,7,0.0,2,0,1,940303.91,0
533,South India,Female,31,1,321155.92,1,0,0,762109.52,0
755,North India,Male,36,9,561060.77,1,1,0,349747.68,0
760,West India,Male,46,6,862349.95,2,1,0,581536.44,0
624,West India,Male,33,0,214908.1,2,1,1,624669.34,0
745,North India,Male,22,2,685147.95,2,1,0,1327709.15,0
581,North India,Female,36,9,0.0,2,1,1,563329.52,1
637,North India,Male,37,1,384867.79,2,0,0,679517.59,0
597,South India,Male,38,1,436321.3,2,1,0,490376.52,0
647,North India,Male,46,9,353672.48,1,1,0,943100.41,0
655,West India,Female,47,1,138321.24,1,0,1,1062279.77,0
649,West India,Male,29,3,0.0,1,1,0,557533.48,0
641,South India,Female,29,5,209345.02,2,0,1,1233024.68,0
661,West India,Male,24,0,868122.9,1,0,0,635534.71,0
762,South India,Female,43,9,0.0,1,0,1,259417.6,0
469,East India,Male,51,6,821656.04,2,1,1,590549.0,0
822,North India,Male,32,6,84855.94,2,0,0,242553.95,0
618,North India,Male,33,0,1435897.63,4,1,0,347603.16,0
642,South India,Male,52,9,223879.68,3,1,1,510781.44,0
769,South India,Male,41,8,0.0,1,0,0,556959.57,0
704,North India,Male,40,7,0.0,2,0,0,418835.94,1
698,South India,Male,22,1,325627.36,3,1,0,498089.77,0
762,North India,Male,43,6,1504853.16,2,0,1,184961.36,0
635,West India,Female,25,1,172409.42,2,1,0,1087808.49,0
732,South India,Female,23,3,0.0,2,0,0,303097.18,0
536,South India,Male,32,4,61246.06,2,1,1,737181.38,0
687,East India,Male,29,9,189824.41,1,1,1,939089.78,0
700,West India,Male,33,2,711112.48,1,1,1,654449.57,0
753,South India,Male,20,6,472313.96,1,0,1,841296.72,0
713,South India,Female,46,6,571853.02,2,0,1,525399.8,0
668,South India,Female,48,5,530694.18,3,1,1,499930.02,1
621,North India,Male,18,6,679716.0,1,0,0,492768.52,0
620,North India,Male,46,2,0.0,2,0,0,1110606.91,1
621,North India,Female,27,6,0.0,1,1,0,370669.01,1
533,West India,Male,45,6,0.0,2,1,1,430945.71,0
806,North India,Male,35,8,0.0,1,0,1,1062386.11,0
739,North India,Female,36,1,230362.01,2,1,1,607857.39,0
672,North India,Male,33,2,552064.92,2,1,1,2455501.03,0
723,West India,Male,49,3,974239.27,2,0,0,735662.08,0
717,South India,Female,22,7,391443.25,2,1,1,1073915.67,0
560,West India,Male,42,0,242983.79,1,1,1,624114.59,0
707,North India,Female,48,10,301233.64,2,1,1,739184.02,0
764,East India,Male,43,1,599873.58,2,1,0,660582.86,0
588,South India,Female,61,1,0.0,1,1,0,1003281.56,0
511,South India,Female,30,1,2530749.95,1,1,0,762082.54,0
545,East India,Male,46,10,1288947.18,2,1,1,476950.13,0
641,East India,Female,34,1,101152.18,1,1,0,1253678.45,0
540,West India,Female,49,6,235565.42,1,0,0,686150.4,0
634,East India,Male,35,5,315640.05,2,1,1,1627402.54,0
591,South India,Female,31,6,1647687.4,2,0,0,379067.76,0
649,North India,Female,50,5,466702.55,2,1,1,706884.42,0
604,North India,Male,30,9,1388623.97,3,0,1,608834.36,0
646,South India,Male,20,0,0.0,1,0,1,629265.33,0
704,South India,Male,30,5,0.0,2,0,1,1782854.93,0
563,South India,Male,42,3,218007.54,1,1,0,208424.41,0
675,West India,Male,51,8,1718853.82,1,0,1,399996.43,0
573,South India,Male,37,5,85616.1,2,1,0,521786.26,1
649,North India,Male,50,8,0.0,1,1,1,286181.86,1
642,North India,Male,21,7,0.0,1,0,0,411279.29,0
682,East India,Male,31,4,185498.2,1,0,0,861253.71,0
666,West India,Male,32,9,0.0,2,1,0,926038.74,1
761,South India,Male,34,6,662909.58,2,1,1,291496.11,0
647,West India,Female,36,10,0.0,1,1,1,1406638.93,0
593,West India,Male,43,7,922126.76,1,1,0,1400875.75,1
733,East India,Male,31,4,1377898.7,1,1,0,808081.47,0
679,South India,Male,37,7,0.0,2,1,1,588275.16,0
729,South India,Male,35,9,0.0,4,1,0,1132021.32,1
639,North India,Male,25,8,2315552.32,2,0,1,1464502.6,0
532,East India,Female,34,4,1327393.26,1,1,1,621819.52,0
851,East India,Male,34,7,0.0,3,1,0,550709.89,0
595,West India,Female,34,8,100487.41,2,1,0,651451.08,0
545,South India,Male,36,0,1367364.15,2,1,1,1089836.02,0
714,South India,Male,36,6,843971.88,2,1,0,1827485.57,0
564,South India,Female,31,6,0.0,1,1,1,663151.59,0
614,North India,Female,49,10,1147013.88,1,1,1,478798.32,0
661,South India,Female,23,10,284289.9,1,1,0,885879.91,1
637,North India,Female,28,1,0.0,1,0,1,647696.0,0
617,East India,Male,66,1,1253117.95,1,0,1,804339.91,0
793,South India,Female,24,7,512204.09,1,1,0,1243874.6,0
639,East India,Male,21,6,337237.95,2,0,0,1309171.97,0
569,West India,Female,44,2,0.0,1,1,1,666616.2,0
737,North India,Male,18,9,2919550.46,1,0,1,1148368.76,0
584,North India,Male,33,3,1181890.54,1,1,0,290512.18,1
640,East India,Female,59,2,0.0,2,0,0,493867.4,1
568,West India,Male,19,3,0.0,2,1,1,932507.9,0
669,North India,Male,18,9,385926.81,1,1,1,316771.9,0
653,North India,Male,19,4,321856.67,2,1,0,540181.69,0
647,West India,Female,45,9,243407.31,2,1,0,379857.03,1
663,North India,Female,48,0,0.0,1,1,0,1137571.75,0
723,North India,Female,30,5,249013.39,2,1,1,1236116.34,0
713,West India,Female,43,4,518565.5,2,1,1,469393.27,0
556,West India,Male,51,4,959634.51,1,1,1,776910.04,0
589,South India,Male,55,8,264417.97,2,0,1,515447.58,0
733,East India,Male,33,2,289964.67,2,1,0,1155560.93,0
579,West India,Male,18,2,206251.05,2,1,1,674720.84,0
694,West India,Male,26,8,142894.23,2,0,1,381916.2,0
725,North India,Male,31,7,418129.52,1,1,0,263074.51,0
502,North India,Male,33,8,0.0,2,0,1,298690.32,0
613,North India,Female,33,9,52837.05,1,1,0,1729553.5,0
723,North India,Male,48,9,710243.22,1,1,0,1628259.69,0
636,East India,Female,50,7,231610.64,2,1,1,592545.31,0
613,East India,Female,34,6,0.0,2,0,1,526918.3,0
724,West India,Female,48,1,0.0,1,1,0,1404906.2,0
749,South India,Female,39,10,1706696.68,2,0,0,1036357.01,0
588,West India,Male,36,4,642733.82,3,1,0,582064.12,0
809,South India,Female,45,9,191122.65,2,0,1,506098.01,0
489,North India,Female,36,6,1726955.15,2,0,0,1118609.93,0
514,South India,Male,58,4,0.0,2,1,1,601724.61,0
609,South India,Female,20,0,473283.39,2,0,0,573423.52,0
619,North India,Male,30,10,389755.2,2,1,0,560424.4,0
624,North India,Female,34,9,1277438.41,1,0,0,1084782.93,1
601,North India,Male,40,5,0.0,1,1,0,580980.18,0
584,South India,Female,49,5,3320088.42,1,1,1,679429.94,1
630,North India,Female,35,5,1184533.61,1,1,0,271021.55,0
596,West India,Female,20,2,0.0,1,0,0,1078298.35,1
711,South India,Female,45,0,6033410.19,1,1,0,799472.63,1
652,South India,Male,44,6,0.0,1,1,1,1106305.61,0
630,West India,Male,18,5,324932.43,1,0,0,812725.35,0
643,South India,Female,35,4,617770.75,1,0,0,592609.46,0
750,South India,Male,18,2,247703.84,2,1,0,1365550.1,0
606,West India,Male,28,5,2881083.81,2,0,1,455757.75,1
535,South India,Male,26,9,1121546.66,2,1,1,571392.43,0
562,West India,Male,44,8,1202225.48,2,0,1,1230126.0,0
629,South India,Female,37,7,603204.29,1,0,0,1395935.52,0
693,North India,Male,21,10,0.0,3,1,1,650879.16,0
729,South India,Female,45,7,1657484.81,2,0,1,675263.27,0
798,North India,Female,20,7,170788.26,2,1,1,1256414.02,0
716,North India,Male,39,0,0.0,1,0,1,292473.14,0
570,North India,Male,27,6,667127.62,2,1,1,342077.54,0
631,North India,Male,31,0,524388.5,2,0,1,366863.98,1
455,West India,Female,41,6,5226939.35,1,1,1,629354.26,1
621,West India,Male,41,1,0.0,2,1,1,807550.03,0
595,West India,Male,50,2,275682.79,1,0,1,506900.68,0
441,North India,Female,35,9,1940734.97,1,0,0,563492.82,0
839,West India,Male,39,1,3140124.82,1,0,0,1021168.19,0
615,North India,Female,31,9,833150.73,2,1,1,393505.31,0
460,South India,Female,38,0,696403.55,2,1,1,693564.13,0
625,West India,Male,40,4,0.0,2,1,1,1313161.41,1
798,North India,Female,34,7,1153945.86,2,0,1,389527.74,0
821,East India,Male,18,5,253523.85,1,1,1,574528.69,0
655,West India,Female,39,3,437854.68,2,1,0,439942.91,0
658,West India,Female,40,9,0.0,1,0,1,205202.09,0
760,West India,Male,28,0,67188.47,1,0,0,1150388.05,0
636,West India,Male,21,9,8491299.6,2,0,1,494104.17,0
691,East India,Female,52,1,356107.86,2,0,1,337704.73,0
725,West India,Male,41,1,260166.96,1,1,1,471949.24,0
553,South India,Female,33,10,0.0,1,0,0,602194.99,0
788,South India,Male,23,2,62783.02,1,0,0,676656.2,0
570,North India,Male,26,1,797594.88,2,1,1,558914.76,0
592,East India,Female,50,3,3066142.93,1,1,1,927603.93,0
658,East India,Male,37,3,1447940.35,2,1,1,1058426.47,0
734,South India,Female,29,4,676931.92,1,1,0,907714.7,1
710,West India,Male,41,8,0.0,1,1,1,1284112.24,0
645,East India,Male,27,2,154456.4,2,0,1,313236.18,0
675,North India,Female,52,5,0.0,1,0,1,332076.28,0
746,South India,Male,50,9,611702.83,2,1,0,549610.98,0
650,South India,Female,30,10,0.0,1,0,0,1464386.13,0
576,West India,Female,29,3,233507.65,2,1,1,391199.4,0
595,South India,Female,18,6,154079.82,1,1,1,756879.08,0
731,West India,Female,19,3,0.0,1,0,1,1110094.69,0
576,South India,Male,21,6,0.0,2,1,1,655442.41,0
508,North India,Female,37,0,2137707.19,2,1,1,508087.86,0
622,North India,Male,32,8,1043765.74,2,0,0,972517.29,0
643,North India,Male,21,0,1841871.74,4,1,0,433245.61,1
727,North India,Male,32,4,239575.56,2,1,0,1405896.23,0
518,South India,Male,41,7,906499.83,1,1,0,843167.14,1
681,West India,Female,41,7,662510.25,1,1,1,529852.5,0
753,North India,Male,18,5,257910.22,2,1,1,409755.68,1
576,South India,Male,34,5,692529.05,2,1,1,1083376.85,0
657,South India,Male,20,10,3255042.92,2,0,0,503900.29,1
456,North India,Male,45,1,974967.24,1,1,1,468140.21,1
728,South India,Female,44,3,0.0,2,1,1,664889.76,1
721,West India,Male,26,7,1598891.96,2,1,1,255743.35,0
648,North India,Male,27,1,0.0,1,1,1,944965.36,0
530,North India,Male,30,5,723328.46,2,1,1,430839.21,1
710,East India,Male,18,2,363056.65,2,1,0,145276.35,0
627,West India,Female,39,6,107333.96,1,1,0,856339.17,0
399,South India,Male,32,8,101708.72,2,1,1,1469698.62,0
720,South India,Male,46,7,0.0,2,1,1,849094.29,0
754,West India,Male,23,7,398519.66,2,0,1,519632.18,1
770,West India,Male,29,8,159633.72,2,1,1,733386.44,0
535,North India,Female,19,1,485805.34,2,1,1,570604.0,0
477,South India,Male,24,5,0.0,2,1,0,1135715.9,0
613,South India,Female,22,8,0.0,2,1,0,434206.54,0
696,North India,Female,46,1,2071995.26,2,0,1,889818.25,0
565,East India,Male,28,8,0.0,2,0,1,695833.05,0
506,South India,Female,37,1,158379.7,2,0,0,270090.59,0
715,South India,Female,31,8,184069.87,2,0,0,427579.4,0
618,East India,Female,22,0,1965108.53,1,1,1,726059.23,0
706,North India,Male,34,5,432598.28,2,1,1,1007944.47,0
651,North India,Male,42,5,848626.77,2,0,0,1533148.43,0
635,West India,Male,22,1,1793618.83,1,0,1,924968.64,0
644,South India,Male,44,10,0.0,1,0,1,1340861.51,0
617,West India,Female,26,6,272986.51,1,0,0,1081447.48,0
608,North India,Female,30,9,1161654.55,3,0,0,363697.39,0
550,South India,Male,41,3,0.0,2,1,1,985655.92,1
693,North India,Female,28,3,0.0,1,1,1,1643697.61,0
762,West India,Female,36,10,1093682.74,1,0,1,455286.87,0
604,North India,Male,32,8,0.0,1,1,0,472369.63,0
817,South India,Male,37,1,573668.18,2,1,0,232947.42,0
683,West India,Male,18,8,334005.63,1,0,1,609682.32,0
673,East India,Female,18,8,549240.02,2,1,1,198467.98,0
708,West India,Female,42,5,2514819.53,2,1,0,1052283.5,0
737,South India,Male,47,9,0.0,2,1,1,451981.28,0
609,South India,Male,25,6,0.0,1,1,0,466283.13,1
699,West India,Female,33,3,541114.32,2,0,1,601588.3,0
744,West India,Female,39,0,0.0,1,1,0,483410.82,0
615,West India,Male,43,8,0.0,1,0,1,716760.17,0
650,East India,Male,18,8,1117920.58,2,1,1,549554.45,0
580,West India,Female,26,10,1525447.92,2,1,1,716666.02,0
605,North India,Male,32,0,145557.2,3,1,1,1072400.29,0
618,West India,Male,43,3,365451.01,1,1,0,1483437.78,0
568,West India,Female,63,6,1875560.7,2,0,1,341623.95,1
644,West India,Male,33,2,604020.11,1,1,1,996332.74,0
679,East India,Female,20,4,0.0,1,1,1,459502.51,0
688,South India,Male,40,4,0.0,1,1,1,528022.18,0
577,West India,Male,50,7,420604.39,1,0,0,1028955.89,1
595,North India,Male,37,8,382594.74,1,0,0,457502.17,0
726,South India,Male,26,0,93990.09,1,0,0,458380.85,0
595,South India,Male,46,1,179497.68,1,0,0,1759130.43,0
724,East India,Female,43,10,1108434.21,1,1,0,780955.21,0
584,East India,Male,24,4,1032590.7,1,0,1,844727.78,0
683,West India,Female,40,0,200159.79,1,1,1,504617.98,0
717,North India,Male,46,5,438497.55,1,0,0,702461.41,0
411,South India,Male,49,5,0.0,3,1,1,763598.55,0
728,West India,Male,35,2,1036249.14,2,0,1,550377.13,0
767,North India,Female,32,3,277833.36,1,0,1,741662.07,0
622,North India,Male,49,2,0.0,2,1,1,389711.05,0
681,West India,Male,22,4,958408.85,1,0,1,490589.45,0
574,North India,Female,40,8,526873.2,1,1,0,1342223.8,1
682,North India,Male,20,9,0.0,4,1,1,1053453.82,1
871,South India,Male,47,2,2098268.49,1,1,1,351181.9,0
452,East India,Male,33,1,712867.3,1,0,1,583361.42,0
604,West India,Female,49,5,0.0,2,1,0,651977.78,0
721,East India,Male,41,9,21903.51,1,0,1,1187943.13,0
763,West India,Female,22,0,430900.09,2,1,0,385159.79,0
525,South India,Female,51,8,2695730.71,1,1,1,1586872.12,0
592,East India,Female,53,10,0.0,1,0,0,1094221.89,0
597,South India,Male,45,9,365228.83,1,1,0,244393.33,0
591,South India,Female,27,2,516446.09,2,0,0,274942.25,0
639,South India,Male,32,2,0.0,2,1,1,492333.67,0
521,West India,Male,37,7,306826.56,2,1,1,401950.94,0
627,East India,Male,28,5,1770877.3,2,0,1,506241.17,0
565,South India,Female,54,2,0.0,1,1,0,337211.53,0
643,South India,Male,37,5,279905.77,2,1,0,672251.94,0
586,West India,Male,18,5,0.0,1,0,1,637890.99,0
634,North India,Female,39,2,181147.79,2,0,0,480939.27,0
556,West India,Male,32,10,220918.63,1,1,0,460396.2,0
735,South India,Male,35,10,0.0,2,1,1,1148483.93,0
620,South India,Female,31,5,0.0,1,1,0,344290.01,0
651,South India,Female,44,10,0.0,1,1,1,692446.78,0
636,South India,Male,48,9,427958.65,2,1,1,318387.93,0
650,West India,Male,39,7,122551.41,2,1,1,193954.53,0
650,East India,Female,32,8,222038.29,2,1,0,708473.88,1
722,South India,Female,35,2,799218.56,2,1,1,1148982.88,0
624,West India,Male,36,1,218906.3,3,1,1,629037.68,0
585,West India,Female,27,9,416216.93,2,1,0,481775.4,0
653,North India,Male,42,9,0.0,2,0,1,1057591.72,0
594,South India,Male,41,6,0.0,2,1,1,554257.65,0
643,West India,Male,52,7,642536.96,2,1,0,814704.83,1
555,North India,Male,49,10,605747.03,1,1,1,814114.02,0
744,South India,Female,28,8,280188.82,3,1,0,874314.46,0
579,East India,Male,45,0,115588.6,1,1,0,1973818.94,0
757,South India,Male,25,0,580838.99,1,1,0,415066.29,0
644,North India,Female,43,10,488489.1,2,0,0,467211.16,0
727,North India,Male,30,0,4718830.41,3,1,0,259991.98,1
580,North India,Female,24,10,134904.13,2,0,1,317069.7,0
472,South India,Male,39,3,0.0,1,1,1,631999.92,0
501,North India,Female,18,2,0.0,2,1,0,536751.69,0
875,North India,Male,18,6,0.0,3,1,1,1077959.19,0
596,South India,Male,34,5,1359964.58,1,1,1,394480.77,0
748,South India,Female,36,2,1583169.81,1,0,0,452904.03,0
533,North India,Female,31,2,306630.82,2,0,1,276378.66,0
666,North India,Female,18,4,463178.88,2,1,0,637561.91,1
681,North India,Female,27,3,774563.42,1,1,1,527606.24,0
900,North India,Male,40,8,618379.31,1,1,0,855330.73,0
621,North India,Male,42,0,0.0,1,0,0,319859.26,0
585,South India,Female,35,0,351560.94,2,1,0,366926.64,0
681,South India,Female,48,4,0.0,2,1,1,138564.86,0
566,North India,Female,40,7,344066.39,2,0,0,502623.72,0
686,West India,Female,27,3,2489285.64,1,0,1,894812.9,1
645,South India,Male,32,8,0.0,2,0,0,587348.6,0
582,North India,Male,20,6,0.0,2,1,1,397051.07,0
694,North India,Male,34,2,1472537.49,2,0,1,797633.58,0
659,East India,Female,48,5,0.0,1,1,0,1232737.31,1
718,East India,Female,43,5,0.0,1,1,0,913678.59,0
798,North India,Male,51,4,136143.93,2,1,0,614312.35,0
604,North India,Male,32,7,0.0,2,1,0,324303.76,0
612,South India,Male,50,10,622472.62,2,1,1,1197977.96,0
528,South India,Female,33,0,95268.01,2,0,1,486120.21,0
696,South India,Female,52,10,314192.4,1,1,1,1128840.11,0
591,South India,Male,35,10,644041.78,1,1,1,420178.75,0
681,North India,Female,43,9,0.0,2,1,0,814108.34,0
754,North India,Male,52,3,140536.22,1,1,1,432787.29,0
588,South India,Male,33,6,0.0,2,0,0,559980.83,0
607,East India,Female,38,5,0.0,2,1,1,935153.74,0
741,North India,Female,50,6,162176.27,1,0,1,306159.58,0
713,West India,Female,34,2,1088129.63,2,1,0,250079.56,1
704,South India,Male,21,2,2605559.51,2,1,0,384074.6,0
614,North India,Male,59,0,0.0,1,1,0,433730.34,0
520,West India,Male,30,6,308980.57,2,0,1,653189.5,0
585,South India,Male,37,3,83924.49,2,1,0,1677014.16,0
559,South India,Male,48,8,199300.32,2,0,1,685946.23,0
702,South India,Male,29,4,63656.15,2,0,1,1123323.77,0
675,North India,Male,24,4,83353.2,2,1,1,578761.31,1
596,South India,Male,38,8,687890.33,1,1,1,672480.79,0
611,South India,Female,18,0,686915.84,2,1,0,1252695.15,0
692,North India,Female,32,5,507974.68,1,1,0,842302.98,0
621,South India,Female,38,7,994761.93,2,1,0,639094.22,1
597,North India,Male,33,0,0.0,2,1,1,795983.94,0
828,North India,Male,19,9,0.0,4,1,1,391027.77,0
600,West India,Male,53,8,242830.83,2,1,0,747781.73,0
710,North India,Male,37,7,0.0,1,1,0,480967.0,0
685,South India,Male,51,5,0.0,1,0,1,710517.75,0
512,East India,Male,33,8,0.0,1,1,1,356032.1,0
588,North India,Female,26,2,0.0,2,1,1,428918.53,0
723,South India,Female,38,3,591080.31,3,1,0,860958.11,0
638,South India,Male,33,2,0.0,1,1,0,720556.43,1
518,South India,Female,23,4,0.0,1,1,1,669647.94,0
685,South India,Male,52,10,330869.99,2,1,0,475460.41,0
597,South India,Female,29,0,1122947.57,2,1,1,1168037.91,0
689,North India,Female,18,0,277390.07,2,1,0,814925.89,0
891,North India,Female,50,1,433836.82,3,0,1,1104280.12,0
684,West India,Male,30,0,0.0,1,0,1,574379.49,0
705,North India,Male,29,2,0.0,2,1,1,504097.76,0
627,West India,Male,18,1,1022446.32,1,1,0,487177.5,0
549,West India,Male,55,9,0.0,2,1,0,432952.18,0
742,North India,Female,21,6,857764.83,2,1,1,362344.18,0
595,North India,Female,36,7,192889.79,1,1,0,1284398.62,0
629,North India,Female,46,1,407909.28,2,1,1,1209970.4,0
811,South India,Male,40,3,726838.2,1,0,0,291881.05,0
619,West India,Female,35,7,524567.15,1,1,1,168352.35,0
759,North India,Male,18,10,390557.35,1,1,1,1635501.33,0
684,North India,Male,27,9,560103.21,1,1,0,366592.36,0
600,South India,Female,38,0,0.0,2,1,1,378756.45,0
680,North India,Male,27,10,439335.16,1,1,1,734474.55,0
585,South India,Male,38,7,595524.37,2,0,0,277949.54,0
731,South India,Male,43,7,790691.34,2,1,0,607422.24,0
762,North India,Female,46,1,406475.11,3,1,1,631442.68,0
654,South India,Female,22,2,105785.72,2,0,1,1134533.91,0
770,South India,Male,60,8,0.0,2,1,1,684296.71,0
664,North India,Female,44,9,80970.03,1,1,0,787826.79,0
732,North India,Female,35,4,175628.4,1,1,0,701825.92,0
900,South India,Female,47,6,321056.59,1,1,1,519139.93,0
872,South India,Female,62,4,1906152.47,2,1,0,994117.45,0
633,North India,Female,20,9,584976.43,1,0,1,393432.67,0
676,North India,Female,33,1,238384.98,1,1,0,675927.47,1
555,North India,Male,18,1,354434.75,2,1,0,1720789.81,0
721,North India,Male,38,0,483233.84,1,0,1,593018.71,0
685,South India,Male,40,5,228562.79,2,1,0,560890.02,0
580,North India,Male,35,6,5255604.85,1,1,0,1001286.29,0
756,South India,Male,28,4,0.0,2,1,0,782446.67,0
626,North India,Male,18,2,0.0,2,0,1,815962.44,0
603,South India,Male,40,10,782470.74,2,1,0,1068264.37,0
685,West India,Male,52,9,104886.2,1,1,0,309228.29,1
608,South India,Male,29,9,742029.23,2,1,1,457521.82,0
647,North India,Female,40,8,0.0,1,0,1,921061.86,0
807,North India,Female,18,10,446487.28,2,0,0,506324.76,0
594,North India,Male,41,10,0.0,1,1,0,417223.82,0
710,South India,Male,31,7,0.0,2,1,0,2396961.1,0
597,North India,Male,27,1,448117.95,2,1,1,479312.32,0
562,North India,Male,27,2,680069.9,1,1,1,462300.06,0
642,West India,Male,31,6,430834.28,2,0,1,269006.1,0
891,North India,Female,40,10,0.0,1,0,1,787406.59,0
720,East India,Male,21,8,424529.6,2,1,0,1089631.13,0
691,West India,Female,31,1,0.0,2,0,0,395420.47,0
602,West India,Female,35,9,136211.52,2,1,1,305880.42,0
615,West India,Male,23,6,412970.67,1,0,1,521205.63,0
516,North India,Male,55,7,573102.73,2,1,0,557732.06,0
811,North India,Male,26,5,103758.94,2,0,1,462463.3,0
674,North India,Male,28,5,700704.03,1,1,1,665191.68,0
666,North India,Male,25,7,893178.76,1,0,1,972952.85,0
668,North India,Female,55,10,1877016.02,1,1,0,357406.92,0
838,West India,Female,42,2,1017368.82,1,1,1,375638.52,0
676,North India,Female,25,7,601485.41,1,1,0,366339.98,0
632,North India,Male,48,10,202041.65,2,1,0,1032118.35,0
811,West India,Male,38,9,0.0,1,1,1,373377.75,0
638,North India,Male,38,0,282627.76,1,0,1,429181.11,0
497,South India,Male,32,1,221256.02,2,1,1,356191.5,0
512,North India,Male,27,5,0.0,1,1,1,419774.97,0
632,West India,Female,39,1,0.0,1,1,1,517299.46,0
676,South India,Male,30,9,2181913.18,2,1,1,768883.16,0
723,South India,Female,55,1,211902.48,1,1,1,198607.16,0
567,North India,Female,22,2,1168393.37,1,1,0,306414.49,0
629,East India,Male,52,2,321324.54,1,1,1,2016147.65,0
577,North India,Female,34,3,0.0,1,0,1,630667.55,0
750,West India,Male,39,8,458357.5,2,0,1,1021452.5,0
765,East India,Male,45,8,7267009.08,2,1,1,440649.89,1
826,South India,Female,29,10,0.0,2,1,1,396616.36,0
681,South India,Male,45,1,0.0,2,0,1,377188.53,0
817,North India,Female,18,1,130470.93,1,1,0,1741538.88,0
587,South India,Female,28,5,0.0,2,1,1,551237.81,0
669,West India,Female,25,4,644396.69,1,1,1,888082.37,0
554,North India,Female,22,4,173778.92,2,1,0,815803.38,0
701,East India,Male,33,6,198159.96,2,1,1,704951.64,0
675,West India,Male,40,8,480398.36,2,1,1,637347.68,0
429,South India,Male,43,0,1688639.66,1,1,0,297659.89,0
749,South India,Male,38,4,596154.67,1,0,1,293338.18,0
726,North India,Male,28,4,779543.47,1,1,1,651912.73,0
599,North India,Female,40,4,358613.11,1,0,1,270417.62,0
675,North India,Male,37,8,726467.32,2,1,1,352292.36,0
515,South India,Female,46,10,557161.73,1,1,1,480500.33,0
580,East India,Female,44,5,0.0,2,1,0,815980.92,0
800,South India,Male,36,7,0.0,2,1,0,1276485.86,0
546,South India,Male,26,7,0.0,1,1,0,1385759.19,0
650,North India,Male,28,5,53493.37,1,1,1,540021.87,0
524,West India,Male,29,5,0.0,1,0,0,298280.49,0
680,South India,Male,32,9,0.0,1,1,1,912275.57,0
700,South India,Male,38,7,0.0,1,0,1,262803.29,0
715,East India,Female,43,10,785871.7,1,1,0,495630.51,0
692,West India,Male,35,0,1435416.05,3,0,1,599336.24,0
778,West India,Female,36,8,621547.21,2,0,0,415844.56,0
600,East India,Female,37,10,216944.56,1,1,0,250575.57,1
554,South India,Male,30,8,0.0,1,1,0,688696.9,0
597,West India,Male,25,7,1827934.37,2,0,1,705242.09,0
528,South India,Female,18,3,0.0,2,1,0,664596.2,1
657,North India,Female,28,10,0.0,1,0,1,946322.1,0
637,East India,Male,41,10,272096.18,2,0,1,351730.56,0
692,North India,Male,28,0,0.0,2,0,1,255529.09,0
504,North India,Male,33,1,810068.23,2,0,1,358483.05,0
648,North India,Male,41,0,0.0,1,1,1,368294.85,0
759,North India,Male,41,10,1052079.68,2,0,1,1035015.56,0
701,North India,Male,24,2,944124.84,2,0,1,991658.41,0
479,South India,Female,46,8,2127174.41,1,1,1,277409.02,1
648,East India,Male,48,5,655067.86,2,1,1,231539.83,0
584,North India,Male,23,4,338706.62,2,0,0,1055848.62,0
651,West India,Male,26,7,983284.02,2,0,1,2096978.34,0
615,North India,Female,49,9,0.0,1,0,0,312625.36,0
806,North India,Male,34,2,95323.58,3,1,0,540287.28,0
657,South India,Female,18,9,311156.16,3,1,0,572710.34,1
678,West India,Male,20,2,514302.07,1,1,0,390189.33,0
646,North India,Male,33,4,2177874.53,1,1,0,369332.63,0
692,North India,Male,23,0,0.0,1,1,1,488283.79,0
630,North India,Female,31,6,612808.08,1,1,0,545378.64,0
719,East India,Male,36,2,0.0,1,1,1,830565.58,0
614,North India,Female,52,10,540468.41,1,1,0,340949.03,0
773,South India,Female,32,1,0.0,2,1,0,1063208.17,0
694,West India,Female,47,6,1450089.11,2,1,1,371434.89,0
636,South India,Male,51,0,357307.82,1,1,1,981244.0,1
725,East India,Female,51,0,2390159.0,2,0,1,349768.74,0
694,East India,Male,39,8,247823.13,2,1,1,1213580.44,0
724,South India,Male,18,6,459132.81,2,1,0,412006.64,0
657,South India,Male,41,2,0.0,1,0,1,478508.46,0
628,North India,Female,47,4,323370.87,2,1,0,566066.01,0
662,East India,Male,35,1,312763.44,2,0,1,937846.89,0
604,North India,Male,55,4,208499.81,1,1,0,377824.89,0
738,West India,Male,45,8,0.0,1,1,1,393959.77,0
782,North India,Male,42,9,0.0,1,0,1,853685.19,0
702,North India,Male,47,4,962661.52,2,1,1,240421.89,0
777,North India,Male,39,0,6211050.28,2,1,1,1172334.33,1
751,South India,Male,18,10,0.0,1,0,1,921084.37,0
625,North India,Male,30,7,0.0,1,1,1,503902.33,0
725,North India,Female,49,5,0.0,1,1,1,313530.53,0
534,North India,Male,27,1,1470513.62,1,1,1,535007.89,0
666,North India,Male,33,10,37853.67,2,0,0,327715.04,0
543,South India,Male,24,5,0.0,3,0,1,1390031.83,0
640,South India,Female,55,8,0.0,1,0,0,292983.79,0
520,North India,Male,54,2,0.0,3,0,1,432978.12,1
748,South India,Male,26,4,0.0,1,1,1,413680.36,0
614,West India,Male,37,6,236928.7,2,0,1,1545374.33,0
731,South India,Female,28,9,442859.32,1,1,1,323697.65,0
643,East India,Male,42,1,0.0,1,1,1,652282.86,0
484,North India,Male,41,10,473310.1,2,1,0,791351.33,0
606,West India,Male,44,0,2043895.27,2,0,0,321124.64,0
602,South India,Male,39,4,1201445.74,2,0,0,378803.01,1
648,South India,Male,68,3,0.0,2,1,1,1064589.59,0
785,South India,Female,24,8,464966.72,2,1,1,974345.47,0
800,North India,Male,18,9,181623.54,3,0,0,1876923.83,0
629,North India,Female,31,3,0.0,2,1,1,195604.19,0
536,South India,Male,18,6,3532373.72,1,0,1,314780.27,0
583,North India,Male,19,4,29059.63,2,1,0,887511.14,1
693,South India,Male,24,4,1109427.3,1,1,0,1015580.62,0
640,West India,Male,25,5,424723.68,1,1,1,934816.04,1
508,South India,Female,25,7,3392617.03,1,1,1,687129.53,0
604,North India,Male,41,3,396697.51,4,1,0,362344.56,1
768,North India,Female,30,8,0.0,1,1,0,859749.0,1
676,North India,Female,34,5,523261.17,2,1,0,769251.65,0
654,North India,Male,45,7,0.0,3,1,0,507566.0,0
615,North India,Female,27,3,0.0,1,1,0,536935.08,0
608,North India,Male,33,8,1057671.84,3,0,0,500672.93,0
698,North India,Male,40,10,205745.93,2,1,0,844834.14,0
662,North India,Female,18,10,337885.79,3,1,0,612117.38,0
719,East India,Male,18,8,90953.43,2,1,1,536595.73,1
699,East India,Male,39,0,1347315.03,1,1,0,830647.87,0
651,North India,Female,41,0,0.0,2,0,0,1309230.71,1
684,North India,Female,58,6,804830.28,1,1,1,693940.62,0
596,South India,Male,37,2,0.0,2,1,1,663941.19,0
645,North India,Female,45,6,237110.11,2,1,1,466531.72,0
770,South India,Male,33,0,295643.05,1,1,1,396521.06,0
650,South India,Female,39,0,1354928.05,1,1,1,503624.16,0
630,North India,Male,54,6,552052.53,2,1,0,507695.87,0
668,West India,Female,18,3,2268418.3,1,0,0,2297962.58,0
545,West India,Male,40,1,270059.89,1,1,0,712910.93,1
669,East India,Female,59,4,0.0,2,1,1,1157899.43,0
802,North India,Female,39,4,1017269.26,4,1,0,529327.63,0
577,West India,Male,54,3,2772966.94,1,1,1,148915.24,1
674,South India,Male,29,8,1230883.54,1,0,0,883482.48,0
647,South India,Female,35,1,0.0,2,0,1,1125989.03,0
645,West India,Female,36,3,1228089.6,2,1,1,795848.89,1
643,East India,Male,18,1,0.0,4,1,1,455182.53,0
714,West India,Male,23,10,0.0,2,1,1,774903.7,0
551,North India,Female,23,9,0.0,2,1,1,669065.62,0
711,South India,Male,45,3,416412.48,2,0,0,437690.56,0
656,South India,Male,45,5,611628.76,2,0,0,1292760.86,1
491,West India,Female,39,4,826906.26,1,1,1,368062.76,0
684,West India,Male,45,10,0.0,1,0,1,1803537.76,1
660,South India,Male,34,9,4068309.67,2,1,0,511715.05,1
571,South India,Male,49,9,2107377.2,2,1,1,588482.28,0
664,North India,Female,36,5,1059585.38,1,1,0,246536.03,0
531,East India,Male,36,1,0.0,2,0,0,366530.08,0
588,North India,Female,33,0,241290.73,2,0,0,581405.13,0
653,South India,Female,43,4,302528.09,1,0,1,861399.79,1
498,West India,Male,31,10,218620.89,2,1,0,751213.01,0
546,South India,Female,46,2,138117.09,1,0,0,603030.37,0
559,West India,Male,23,2,189573.36,1,1,1,562880.74,1
657,West India,Female,23,9,0.0,1,1,1,1094488.31,0
689,North India,Male,43,4,1598167.87,2,1,0,797155.3,0
569,South India,Female,35,2,662621.24,1,0,1,688780.33,0
564,West India,Male,31,5,1721783.16,2,1,0,128477.06,1
662,South India,Male,45,10,967464.78,2,0,1,1282135.9,0
660,South India,Female,29,6,0.0,1,0,0,459589.29,0
586,South India,Male,33,5,60550.84,2,0,0,341041.45,1
814,North India,Female,51,9,97085.03,1,0,1,421230.52,0
666,South India,Male,52,7,0.0,1,1,0,1166764.52,0
634,North India,Male,53,3,177756.64,1,1,1,313700.29,0
615,North India,Female,32,5,560952.37,2,1,1,1416809.55,0
740,South India,Male,49,10,0.0,1,1,1,562880.58,0
699,South India,Female,25,2,155431.65,1,1,1,297499.33,0
493,North India,Male,26,9,3040590.44,4,1,1,974042.81,0
587,West India,Male,18,6,163996.86,1,1,1,426310.67,0
609,South India,Female,54,5,708380.54,2,1,0,185161.52,0
648,East India,Male,26,5,0.0,2,0,0,758941.1,1
706,South India,Male,34,2,0.0,1,1,0,178349.48,0
553,North India,Female,25,0,712263.27,1,0,0,618766.03,0
642,West India,Male,43,1,991398.42,2,0,0,497505.71,0
802,South India,Male,31,10,949283.91,2,1,1,971296.76,0
652,South India,Female,21,10,295932.79,3,0,1,681171.89,0
587,South India,Female,40,9,633889.04,2,1,0,1304843.13,0
529,North India,Male,20,9,0.0,1,1,0,781765.66,1
606,North India,Male,26,2,136336.93,2,1,0,1532471.98,1
552,North India,Female,18,10,0.0,1,0,0,762625.58,0
614,South India,Male,20,0,184081.59,1,1,1,377814.54,0
698,West India,Male,37,10,449774.32,1,1,0,896308.67,1
653,West India,Female,18,7,1365384.4,2,1,0,911487.79,1
606,North India,Male,19,8,0.0,2,0,0,461048.63,0
488,West India,Female,35,6,2264767.41,2,1,0,648625.82,0
724,South India,Female,30,10,0.0,2,1,0,966428.02,0
618,North India,Female,57,6,807544.7,2,1,1,933337.35,0
659,West India,Female,56,2,612436.81,2,0,1,490514.02,0
567,North India,Male,26,8,7441106.44,1,1,1,430097.12,1
613,North India,Male,42,8,0.0,1,0,0,1065608.27,0
597,North India,Female,44,4,112943.76,1,0,1,582608.83,0
529,South India,Male,29,6,136901.68,1,0,0,467268.89,0
568,North India,Female,19,0,234744.06,2,1,1,1007490.01,0
648,West India,Male,35,5,86595.19,1,0,0,441343.69,0
676,South India,Female,34,9,1261472.45,3,1,0,904461.43,0
588,South India,Male,31,0,329495.8,2,1,0,1038416.99,0
541,North India,Male,40,9,519979.48,1,1,0,348760.81,1
617,West India,Male,27,5,1282084.57,1,0,0,494148.69,0
720,South India,Female,23,5,131474.72,1,1,1,871069.28,0
565,South India,Male,37,6,86776.93,2,1,0,507396.64,0
651,West India,Female,40,6,0.0,2,1,1,509869.89,0
590,North India,Male,23,10,780243.8,1,1,0,706681.07,0
751,South India,Male,46,9,664667.71,2,0,0,822359.46,1
604,South India,Female,18,2,0.0,1,1,1,364549.84,0
709,South India,Male,29,6,0.0,2,1,0,807025.56,0
741,North India,Male,33,10,931373.35,2,0,1,394101.57,0
788,North India,Male,29,9,0.0,1,1,1,869386.4,0
528,North India,Female,29,1,1140706.32,2,0,1,712179.25,0
524,East India,Female,56,10,72871.23,2,1,0,307131.77,0
754,North India,Male,26,1,0.0,1,0,0,1044605.4,1
740,North India,Male,62,0,367911.19,2,1,0,529689.94,1
594,West India,Male,40,1,410182.75,1,1,1,469451.78,1
358,South India,Female,37,1,0.0,1,1,0,657158.12,0
657,South India,Male,41,10,297876.76,2,1,0,388797.82,0
513,South India,Female,63,8,473437.39,2,0,1,869031.58,0
575,South India,Male,25,2,98688.68,1,1,1,737994.84,0
666,South India,Female,23,0,65088.39,1,1,1,731874.28,0
678,North India,Male,27,1,0.0,2,0,0,470801.54,1
792,West India,Female,36,9,0.0,2,1,0,226648.24,0
616,North India,Male,18,7,250112.02,2,0,0,546625.58,0
562,North India,Male,36,9,3862199.99,1,1,0,348813.83,1
732,North India,Female,54,1,120669.76,1,1,1,936884.66,0
683,West India,Female,37,10,229125.94,2,1,0,2582628.58,0
617,South India,Male,32,10,250403.9,1,0,1,698056.3,0
652,West India,Female,29,3,51811.1,2,1,0,1026111.17,0
615,West India,Male,45,8,556396.55,3,1,0,934244.68,0
712,North India,Male,26,8,0.0,2,0,0,761206.04,0
801,North India,Male,56,6,2313198.18,2,0,1,521030.87,0
584,South India,Male,57,0,878512.39,1,1,1,912456.64,0
687,North India,Female,38,9,1229601.11,1,1,0,1456420.48,0
512,North India,Male,35,10,267869.52,4,0,0,273388.01,0
553,West India,Male,47,4,0.0,2,1,1,253763.43,0
700,West India,Male,48,4,0.0,2,0,1,1193318.44,0
643,North India,Male,27,1,288378.04,2,1,1,791812.64,0
550,West India,Female,30,6,1810329.56,2,1,0,830511.63,0
650,South India,Female,21,0,417845.08,2,1,0,232034.56,0
729,North India,Male,40,0,166960.02,1,0,0,2232532.11,0
519,South India,Male,43,9,1486860.4,4,0,0,288403.31,1
807,North India,Female,21,0,3466067.17,2,0,1,983516.05,0
701,North India,Male,30,10,234495.75,1,1,1,658356.6,0
703,North India,Male,21,9,0.0,2,1,0,639856.63,1
649,East India,Male,26,6,213817.13,1,1,0,410793.22,0
807,South India,Male,42,3,0.0,1,0,1,719552.21,0
736,West India,Female,27,3,1912732.08,1,0,1,1178085.97,0
616,North India,Male,32,8,379456.41,2,0,0,235477.02,0
718,North India,Female,18,3,0.0,2,1,1,420128.7,0
584,West India,Male,38,7,0.0,2,0,1,343746.96,0
624,South India,Male,35,0,148113.91,1,0,1,252646.12,1
781,West India,Female,27,2,168297.98,1,0,1,2155956.01,0
684,North India,Female,33,0,122681.55,2,1,0,215227.75,0
709,East India,Female,37,0,0.0,1,0,1,845477.73,0
755,South India,Male,27,2,317802.4,2,1,0,864842.01,0
699,North India,Female,19,3,323503.74,1,1,1,723699.52,0
576,West India,Male,55,5,1125313.89,1,1,1,382368.24,0
799,West India,Male,29,2,0.0,2,0,1,462263.44,0
696,North India,Female,34,7,0.0,1,1,0,1700478.67,0
702,East India,Female,47,7,205264.81,1,0,0,691726.91,0
655,West India,Female,74,2,932421.97,3,1,0,593051.11,1
749,North India,Female,22,2,0.0,3,1,1,578517.86,0
822,North India,Male,40,5,155323.67,1,1,1,1002130.25,0
616,South India,Male,28,0,90486.0,2,1,0,924637.75,0
745,North India,Female,30,0,691871.51,2,1,0,237991.28,0
653,South India,Male,28,10,0.0,1,1,0,569358.87,0
470,West India,Male,23,10,1374476.5,1,1,1,164592.99,1
523,West India,Male,35,4,0.0,3,1,0,1651825.69,0
688,South India,Male,19,9,690856.54,1,0,0,782411.94,0
740,North India,Female,46,6,68409.19,1,1,1,814385.52,0
704,East India,Male,36,0,0.0,1,1,1,434078.75,0
719,North India,Male,40,1,214715.12,2,1,1,511632.96,0
883,North India,Female,30,10,543265.21,1,1,0,703509.55,0
697,South India,Male,31,8,1478387.57,2,1,1,192793.1,0
626,West India,Female,39,0,1087690.05,2,1,0,564291.43,1
638,East India,Male,23,2,0.0,2,0,1,404551.67,0
797,East India,Female,32,7,264177.38,1,1,0,327908.51,0
535,East India,Male,26,1,231857.19,2,1,1,531260.36,0
761,South India,Male,26,9,1447733.52,2,1,1,360699.25,0
651,North India,Male,18,6,2074238.91,1,1,0,628120.7,0
575,South India,Male,50,1,2499517.39,2,0,0,594477.13,1
519,North India,Female,28,2,0.0,2,1,0,770412.62,0
783,North India,Male,48,9,225415.65,2,1,1,544152.2,0
572,North India,Female,47,8,171407.47,1,0,0,400228.04,0
655,North India,Male,21,3,480948.62,1,1,0,434374.48,0
562,South India,Female,24,6,1286828.64,2,0,0,941831.36,0
826,South India,Female,64,5,59125.74,2,1,1,509650.15,0
658,South India,Male,55,6,1887016.95,1,1,1,734629.67,1
528,West India,Male,35,6,1142943.46,1,1,1,410285.78,1
611,West India,Female,38,1,0.0,1,0,0,1496579.1,0
775,East India,Male,29,0,35758.83,1,0,1,310384.52,0
562,South India,Male,40,9,1157321.09,2,1,1,371405.74,0
617,North India,Female,28,5,1720614.61,2,0,0,560612.48,0
756,North India,Female,18,6,0.0,1,1,1,537670.67,0
680,West India,Female,21,1,2269294.94,2,1,1,472843.14,0
540,West India,Female,36,1,0.0,1,0,1,668530.63,0
670,North India,Male,23,8,260600.35,1,0,1,390991.09,0
636,West India,Female,35,10,2013949.72,1,1,0,568099.25,0
654,South India,Male,24,4,68534.16,3,0,0,515332.49,0
735,North India,Male,27,6,402992.58,1,0,0,326095.8,0
671,South India,Female,45,0,530844.85,1,0,0,1613942.66,0
641,South India,Male,38,3,0.0,2,0,0,480287.76,0
637,North India,Male,35,1,499687.87,1,1,0,203821.24,0
746,South India,Female,45,10,0.0,2,0,0,1051506.57,0
585,West India,Male,41,4,222276.94,1,0,1,451480.16,0
454,South India,Male,51,0,244358.4,2,1,1,594133.79,0
629,North India,Male,30,9,0.0,2,1,0,399305.47,0
684,East India,Male,31,6,355573.74,1,1,0,205035.35,0
612,North India,Female,21,1,535350.01,1,1,1,520520.07,1
602,North India,Male,31,2,220094.35,1,0,0,951561.17,0
617,South India,Male,46,4,639726.07,2,1,0,658659.14,0
647,West India,Male,50,8,1591881.07,1,1,1,1248661.94,0
533,South India,Female,46,9,0.0,1,1,0,404707.9,0
709,West India,Female,18,3,0.0,2,0,1,1054816.21,0
410,East India,Male,47,7,218240.86,3,1,1,251813.74,1
698,West India,Male,18,10,93546.57,1,1,0,211582.94,0
678,North India,Female,45,7,552796.9,1,1,1,2766535.9,0
694,West India,Male,31,9,296561.29,2,0,1,827687.63,0
476,West India,Male,43,3,0.0,1,0,0,211126.58,1
676,North India,Male,21,10,0.0,1,1,0,728419.84,0
601,North India,Male,48,3,252964.05,1,1,1,643655.75,0
794,West India,Female,19,1,3052419.27,1,0,0,541130.31,1
682,North India,Female,28,7,127939.42,2,1,1,437081.64,0
544,North India,Female,25,0,2200172.45,1,1,1,2505620.98,0
497,West India,Female,18,4,59470.63,2,1,1,322941.5,0
594,West India,Female,37,7,0.0,3,0,1,437661.27,1
723,North India,Female,55,5,246837.36,2,1,1,666807.07,0
753,South India,Male,65,9,0.0,1,1,0,1199300.0,0
666,South India,Male,37,3,439190.22,2,0,1,1297259.67,0
657,West India,Female,48,8,0.0,1,1,0,1128052.42,0
620,East India,Female,38,2,111151.45,1,0,0,467987.09,0
648,West India,Male,41,8,6609151.62,2,0,0,682822.76,0
759,South India,Male,32,0,163292.29,1,1,1,445774.1,0
618,East India,Male,38,3,549519.02,1,1,1,1107272.61,0
709,North India,Male,41,9,173270.29,2,1,1,347938.12,0
602,North India,Male,29,2,931575.09,4,1,1,796226.25,0
741,South India,Male,35,1,116970.22,2,1,1,346356.1,0
702,South India,Female,35,3,667046.87,1,1,1,452725.85,0
737,North India,Female,45,3,601226.91,2,1,0,637665.38,0
819,North India,Female,24,8,502069.95,1,0,1,1056892.18,0
417,West India,Female,35,9,290142.17,2,1,0,279053.06,0
717,West India,Male,57,5,120605.08,2,1,1,939308.67,0
692,North India,Male,48,5,0.0,1,0,0,552182.12,0
690,South India,Male,50,5,1047039.46,1,0,0,528095.05,0
671,North India,Female,36,5,0.0,1,1,0,476577.1,0
671,West India,Male,39,7,761699.25,2,1,0,373323.27,0
680,South India,Female,47,3,634849.7,1,1,1,1377448.15,0
731,East India,Male,53,0,0.0,1,0,0,618982.14,0
724,North India,Female,18,10,0.0,2,1,0,391164.88,0
647,South India,Male,21,2,1042989.42,1,0,0,791841.1,1
633,North India,Female,50,7,664184.16,2,1,0,3548336.41,0
651,South India,Male,32,0,0.0,2,1,0,789346.52,0
612,West India,Male,28,4,1203409.13,1,1,0,957322.22,0
810,East India,Female,22,1,3619729.38,1,0,1,785303.32,0
535,South India,Female,29,9,628088.68,2,0,0,273227.48,0
717,West India,Male,20,3,2404682.4,1,1,1,215048.83,1
716,North India,Female,59,2,112542.29,1,0,1,621024.57,0
602,North India,Female,35,0,0.0,1,1,1,668400.52,0
676,West India,Female,35,4,482159.47,3,1,0,1033342.53,0
763,North India,Male,42,8,0.0,1,0,0,810733.63,0
620,North India,Male,46,2,391861.17,1,1,1,1340947.08,0
768,South India,Male,46,0,497266.83,1,1,0,385135.18,0
750,South India,Female,47,0,0.0,1,1,0,622579.84,0
586,North India,Female,29,0,1139576.07,2,1,0,1527923.91,0
550,West India,Female,32,3,0.0,2,1,1,744206.72,0
664,South India,Male,44,4,0.0,1,0,0,1865914.92,0
538,South India,Male,30,7,0.0,2,1,0,1096962.75,0
388,North India,Female,35,9,0.0,2,0,1,439255.45,0
605,South India,Male,40,10,924456.59,1,0,1,583266.97,0
845,West India,Female,44,6,552204.64,2,1,0,849076.56,0
609,East India,Male,18,9,0.0,1,1,1,217944.46,0
684,East India,Male,43,3,663232.36,2,1,0,266603.21,0
712,South India,Female,33,1,354480.24,2,1,0,676049.86,0
646,East India,Male,43,1,249397.77,2,1,1,1188973.68,0
619,North India,Male,44,1,0.0,2,1,1,888468.47,0
760,North India,Female,53,0,0.0,2,1,1,291432.88,0
653,West India,Female,50,10,281649.8,1,1,1,355000.57,0
641,North India,Female,50,5,0.0,1,0,1,1170738.21,1
721,North India,Female,51,3,298135.03,1,0,0,1150279.53,0
557,East India,Male,39,2,114891.32,2,1,1,428254.83,0
536,West India,Male,36,0,0.0,1,0,0,441175.88,0
503,North India,Male,45,6,294960.37,2,0,1,907599.13,0
701,West India,Male,44,8,0.0,1,0,1,307535.9,0
635,West India,Male,32,3,239508.11,2,1,1,834690.93,0
724,East India,Female,40,0,0.0,2,0,1,447278.42,0
654,South India,Male,35,2,2866369.49,2,1,1,255461.01,0
526,West India,Female,26,8,0.0,1,0,1,1034682.23,0
617,West India,Male,50,0,1762142.09,1,1,1,839543.7,0
730,West India,Male,36,0,0.0,2,1,0,558939.79,0
626,South India,Male,58,4,732760.91,2,0,1,1390698.05,1
756,South India,Female,18,4,0.0,4,1,0,1833303.39,0
609,South India,Male,29,7,654655.77,1,1,1,407073.12,0
714,East India,Male,36,0,1388299.26,3,0,1,282807.71,0
489,North India,Female,48,7,0.0,1,0,0,650303.07,0
629,North India,Male,40,10,343407.99,1,1,1,1086940.88,0
615,West India,Male,39,1,164099.41,1,1,0,371880.62,0
524,North India,Female,23,0,0.0,1,1,1,1374802.69,0
750,South India,Male,23,10,0.0,1,1,1,512295.58,0
592,North India,Male,39,7,1946577.97,1,0,0,940687.04,0
583,South India,Female,20,9,688670.13,1,0,1,970312.25,0
767,East India,Female,30,1,657708.35,1,1,1,323343.44,0
664,West India,Male,41,4,980721.83,1,1,1,419936.27,0
720,North India,Male,25,9,351251.09,2,0,1,910234.62,0
496,East India,Male,53,5,118494.46,2,0,0,262260.62,0
578,North India,Male,49,2,0.0,1,1,0,536139.5,0
837,South India,Male,18,8,0.0,1,1,1,1124974.68,0
726,South India,Male,25,8,148898.19,2,1,1,202678.23,0
553,East India,Male,18,7,476986.16,1,0,0,495012.14,0
670,North India,Female,27,6,1108563.29,1,1,1,1054598.76,0
560,West India,Female,44,4,57882.64,1,0,1,361822.34,0
775,South India,Female,31,9,2283452.02,2,1,1,568556.42,0
445,North India,Male,41,1,377763.39,2,1,1,1509541.17,1
674,East India,Male,19,2,0.0,2,0,0,460635.92,0
673,South India,Male,44,4,1258274.85,1,0,1,1019586.99,0
549,West India,Female,29,7,0.0,2,1,0,646338.05,0
625,North India,Male,36,0,612954.89,1,1,1,1261160.25,0
683,West India,Male,34,10,792499.17,2,1,1,2018113.63,0
489,West India,Male,22,0,81368.19,2,0,1,1102830.58,0
534,South India,Male,23,6,1312486.34,1,1,1,819441.27,1
636,South India,Male,46,0,0.0,3,1,0,1211846.04,0
575,East India,Male,40,2,260675.84,1,0,1,892489.48,0
608,West India,Male,47,7,1829993.22,1,0,0,665206.32,0
648,South India,Female,39,8,165227.25,1,1,0,2669769.51,0
568,West India,Male,37,4,1808237.78,1,1,1,378258.65,0
647,West India,Female,18,5,769565.08,1,0,1,450546.19,0
676,North India,Male,33,7,1554752.81,1,0,1,1428532.1,0
720,South India,Male,35,2,183020.6,3,0,1,684476.27,0
537,East India,Male,57,0,1246003.99,1,1,0,298799.82,0
593,East India,Male,43,8,0.0,3,1,0,395282.15,1
702,West India,Male,52,1,465752.63,2,1,1,393183.58,0
516,North India,Male,42,10,203481.58,1,1,1,610238.6,0
659,East India,Male,28,8,446884.31,1,0,1,686176.41,0
652,South India,Male,37,10,79858.64,1,1,1,901591.12,0
417,North India,Male,38,1,0.0,1,1,1,1266169.0,0
605,West India,Male,25,7,0.0,2,0,1,101312.01,0
679,West India,Male,31,2,296376.12,1,1,0,730754.91,1
630,North India,Male,33,8,1084713.61,2,1,1,615306.95,0
607,East India,Female,53,9,529971.68,2,1,0,454022.42,0
664,East India,Male,18,3,846643.6,1,1,0,526505.44,0
739,North India,Male,49,7,1913044.49,1,1,1,1382997.84,0
698,East India,Female,25,3,2154657.22,2,1,0,1185648.96,0
581,East India,Female,20,2,0.0,3,1,1,1206157.91,0
518,North India,Female,48,0,335608.54,2,1,0,840962.13,0
696,North India,Female,44,3,2328898.84,2,1,1,1208376.48,0
544,South India,Female,49,1,11858.47,1,0,1,570211.06,0
602,North India,Female,44,8,343840.97,2,1,1,695205.09,0
668,West India,Male,58,1,2042024.56,2,1,0,381812.93,0
753,South India,Female,42,7,161386.14,2,1,0,684219.16,0
765,East India,Female,34,9,0.0,1,0,0,1692101.74,0
655,East India,Female,39,9,457916.79,1,0,0,1018162.68,0
604,North India,Female,49,6,239711.81,2,1,0,1597355.67,0
541,South India,Male,27,5,1014125.88,3,1,1,1281416.42,0
826,South India,Male,28,3,1723842.46,2,1,0,470666.98,0
623,South India,Female,32,2,0.0,1,0,1,868006.56,0
711,South India,Male,18,10,516577.26,1,1,1,341704.69,0
667,North India,Female,37,9,51786.13,2,0,0,475262.62,0
605,North India,Male,18,4,363243.06,2,1,1,643783.62,0
601,North India,Female,36,1,0.0,3,0,0,744413.12,0
525,East India,Female,45,1,0.0,1,1,1,1255030.6,0
751,North India,Male,30,7,1536647.06,2,1,1,713799.11,0
639,North India,Male,54,2,0.0,1,1,0,804355.76,0
778,South India,Male,19,6,1719368.53,2,1,1,669734.69,0
609,North India,Female,49,10,0.0,2,1,1,539502.64,0
623,North India,Female,43,5,246644.2,2,1,1,278121.8,1
548,South India,Male,18,7,264577.88,2,1,0,600393.23,0
621,South India,Male,65,2,0.0,2,0,0,356070.1,0
538,North India,Female,35,0,658686.53,1,1,0,452614.1,0
686,South India,Female,26,5,373756.15,2,1,1,1323069.85,0
659,South India,Male,20,5,309409.39,1,0,1,1129747.89,0
782,South India,Male,33,7,0.0,1,0,1,392197.24,0
518,West India,Female,34,9,191932.18,1,1,1,996222.37,0
759,North India,Male,37,2,97087.47,2,0,0,554984.62,0
561,South India,Female,32,8,0.0,2,0,1,219419.32,0
680,West India,Male,42,5,114614.13,1,0,1,379138.71,0
546,East India,Female,31,0,743039.47,1,0,0,1239093.03,0
668,West India,Male,18,2,1054382.13,1,1,0,372468.79,0
424,South India,Female,34,3,76424.89,2,1,1,1639282.7,0
589,South India,Male,18,2,362492.28,1,1,1,506581.25,0
659,South India,Male,39,5,0.0,2,1,1,1305895.53,0
807,West India,Male,25,6,299733.57,1,0,0,1087739.87,1
458,West India,Female,37,10,157473.23,2,1,1,504729.96,0
649,North India,Male,50,1,2553293.65,2,1,1,841307.9,0
603,North India,Male,25,5,0.0,1,1,1,637371.89,0
477,South India,Male,47,3,0.0,1,1,1,1045187.02,0
548,North India,Male,31,0,839656.71,1,1,0,277589.85,1
607,East India,Male,55,1,2885021.79,2,0,0,659047.24,1
692,North India,Male,31,4,244483.26,1,0,0,1004485.7,0
657,North India,Female,26,8,0.0,2,1,0,410591.07,0
531,West India,Female,43,4,680399.92,1,1,0,269877.76,1
484,North India,Female,31,7,3262463.18,1,1,0,280342.04,0
687,North India,Female,26,9,0.0,1,0,1,842993.15,0
632,South India,Male,30,1,0.0,1,1,0,1658787.38,0
795,South India,Female,35,4,0.0,3,0,0,577742.47,0
618,North India,Male,50,0,698224.79,1,0,1,572921.26,0
752,South India,Male,18,1,170205.66,2,1,0,131093.5,0
698,North India,Male,36,10,168342.36,1,1,1,783350.18,0
723,South India,Male,42,2,273507.97,1,1,1,610230.61,0
688,South India,Male,38,7,735832.02,1,0,0,1140602.62,0
690,West India,Male,50,9,326973.8,1,1,0,1041565.15,0
443,South India,Female,35,2,134215.61,2,1,0,337994.74,0
628,South India,Male,33,3,626456.33,1,0,0,548999.71,0
590,South India,Male,42,3,410643.72,2,1,0,3405635.64,0
764,North India,Male,37,8,107493.35,1,1,1,874784.05,0
559,North India,Male,31,3,373882.16,2,0,0,957483.1,0
624,West India,Male,41,8,310116.02,1,0,1,495214.12,0
722,North India,Male,28,10,0.0,1,0,0,565496.9,0
677,West India,Male,29,7,87520.31,1,1,1,618593.24,0
665,North India,Female,30,3,529698.95,1,1,1,811599.47,0
749,West India,Female,50,2,0.0,1,0,0,1600363.8,0
673,East India,Male,18,1,143939.65,2,1,0,452182.55,0
600,South India,Male,40,7,1384838.73,2,0,1,640127.92,0
533,South India,Female,36,7,698374.45,1,1,0,882732.82,1
693,South India,Male,18,0,0.0,1,1,1,469150.8,0
580,West India,Male,39,6,347254.78,2,1,1,925477.88,0
628,North India,Male,41,7,300610.77,1,1,0,1121976.7,0
747,West India,Female,42,6,443489.32,1,1,0,739832.93,0
630,West India,Female,18,10,1839187.5,2,1,1,324387.0,0
610,South India,Female,51,2,95431.34,1,0,0,974027.06,0
624,North India,Male,27,3,0.0,2,1,1,827075.66,0
627,North India,Male,43,4,178591.93,2,0,1,446632.32,0
560,West India,Male,44,0,0.0,2,1,1,948719.7,0
800,North India,Female,26,9,573704.49,2,1,0,1032840.21,0
600,South India,Female,43,2,2033377.58,1,1,1,623818.11,1
720,North India,Male,31,5,479366.52,3,1,1,1054705.64,0
558,North India,Male,18,2,1652598.71,2,1,1,1063858.96,1
699,South India,Male,48,4,893947.8,2,1,1,891174.63,0
665,West India,Male,27,3,0.0,2,1,0,377993.77,0
652,South India,Male,26,1,0.0,2,0,0,536073.8,0
665,West India,Male,31,3,176500.76,1,1,1,1524217.01,0
687,South India,Female,38,3,1054531.78,1,1,0,354193.87,0
629,West India,Male,35,10,0.0,1,1,0,410668.29,0
634,South India,Male,42,2,302736.05,1,1,0,492739.09,1
701,East India,Male,21,10,0.0,2,1,0,359895.84,1
547,South India,Male,27,7,827595.07,1,0,1,795149.89,0
533,South India,Male,34,5,0.0,3,1,0,952685.15,0
666,South India,Female,56,0,187178.51,1,1,0,650026.75,0
469,North India,Male,34,8,0.0,1,0,1,611887.47,0
498,North India,Female,47,2,96624.83,1,1,0,853460.24,0
812,North India,Male,36,3,267736.17,1,0,1,588847.67,0
789,West India,Male,30,9,0.0,2,1,1,185631.17,0
598,North India,Male,33,9,784633.68,2,0,0,243389.01,1
739,South India,Female,34,6,317289.8,3,1,0,700328.36,0
743,East India,Male,42,4,0.0,1,1,1,802945.57,0
692,South India,Male,51,3,42717.95,2,1,0,351095.42,1
642,North India,Male,39,1,413883.21,1,1,0,347428.81,1
706,West India,Female,49,4,395854.47,1,1,0,912417.59,0
721,North India,Male,25,7,971700.77,2,1,1,322610.73,0
707,South India,Male,31,1,1241223.81,1,1,0,619467.5,1
510,South India,Male,28,0,72543.71,4,1,1,497112.91,1
832,North India,Male,39,10,6238112.23,2,1,0,796512.72,1
866,North India,Male,32,5,412155.19,2,0,1,206479.92,0
478,North India,Male,44,0,332514.75,1,0,0,922043.6,0
695,North India,Female,25,8,148393.79,1,0,1,1130793.35,0
834,North India,Male,36,7,0.0,2,0,0,496469.92,0
740,East India,Female,43,3,236200.51,2,1,1,795946.15,0
741,South India,Female,18,6,2531018.01,2,0,0,440962.17,0
520,West India,Male,59,9,385581.45,2,0,0,842587.99,0
721,South India,Male,32,3,0.0,1,1,0,318507.12,0
671,West India,Female,18,5,0.0,2,1,1,385281.83,0
720,North India,Female,37,9,454666.1,2,1,0,367008.63,0
556,North India,Female,36,6,192488.94,2,1,0,783952.54,0
553,South India,Female,35,8,452628.83,2,1,0,1011590.87,1
637,West India,Male,46,10,863333.07,2,0,1,214980.86,0
615,North India,Female,44,1,451789.67,1,0,1,617805.82,0
635,South India,Male,39,9,335431.02,2,1,0,581768.83,1
606,North India,Male,40,7,2654961.95,2,1,0,638313.91,0
631,South India,Male,34,8,389580.68,2,1,0,733619.96,0
590,South India,Female,55,3,753596.64,1,1,1,472160.77,1
645,West India,Male,19,7,115756.32,1,1,0,388027.23,1
521,North India,Female,37,10,733340.78,4,1,1,497454.69,0
696,North India,Female,36,9,156202.56,2,1,0,899433.1,0
673,South India,Female,44,4,1534184.2,1,1,0,423593.32,0
536,East India,Female,26,8,524336.42,2,1,1,978865.82,0
769,South India,Male,18,1,81161.68,2,0,0,320850.19,0
575,South India,Female,37,0,0.0,2,1,1,379435.18,0
757,South India,Female,39,9,6035843.09,2,0,1,336807.31,1
679,North India,Female,52,5,1813793.07,2,1,1,208942.59,1
740,West India,Female,22,3,0.0,2,1,0,197284.4,0
665,North India,Male,48,5,207425.35,2,0,1,1062372.36,0
701,West India,Male,62,6,0.0,1,1,0,953773.26,0
739,South India,Male,31,8,692457.62,1,0,0,452647.08,0
821,South India,Female,21,0,0.0,2,1,1,580416.22,0
746,North India,Male,31,2,113502.03,2,1,1,177496.16,0
690,West India,Female,36,1,510496.67,1,0,0,992035.4,0
528,North India,Male,42,4,274798.64,2,1,0,174643.72,0
432,West India,Female,29,9,744879.09,2,1,0,671186.21,0
638,West India,Female,53,7,231886.24,1,1,1,625616.22,0
585,South India,Male,23,4,0.0,1,1,1,580073.78,0
589,North India,Female,18,7,5064486.58,1,1,0,400494.77,1
642,East India,Female,48,2,5239784.88,4,1,1,663735.15,0
709,North India,Male,18,9,731802.86,1,1,1,484710.91,0
594,East India,Male,33,0,2576532.78,1,1,1,1017927.61,0
730,North India,Male,70,3,318851.42,1,1,0,882653.86,0
653,South India,Female,35,2,0.0,2,1,0,1318025.48,0
653,North India,Male,23,7,1720826.19,1,0,0,377472.27,1
818,North India,Male,35,10,196876.83,2,1,0,752474.26,0
666,North India,Male,35,7,1751593.58,1,1,0,520365.3,1
645,North India,Male,37,7,125530.57,2,0,1,329985.26,0
697,East India,Female,43,2,740887.73,2,1,0,339444.44,1
811,West India,Female,24,7,170589.14,1,1,0,934407.75,0
645,North India,Male,54,5,245463.48,2,1,1,446452.31,0
689,North India,Female,38,7,1492250.73,1,1,0,538175.14,0
640,West India,Female,43,8,2010738.03,1,1,1,331924.31,0
640,South India,Male,29,0,0.0,2,1,0,475951.84,0
605,West India,Male,50,0,1551466.63,1,1,0,333657.14,1
599,South India,Female,33,3,0.0,1,1,1,717020.7,0
802,West India,Female,39,0,525615.33,1,0,1,801040.3,0
600,South India,Female,25,8,267057.86,1,1,0,867656.62,0
511,South India,Male,25,8,277879.81,1,1,1,165222.36,0
661,North India,Female,43,10,247044.71,1,0,0,516259.59,1
741,South India,Male,31,6,0.0,1,1,0,765553.63,0
761,North India,Female,26,1,245763.06,2,0,0,444092.9,1
542,South India,Female,28,3,239443.11,1,0,1,748061.61,0
750,South India,Female,43,3,3426977.69,2,0,1,772584.98,0
835,West India,Female,29,9,1221323.79,1,0,1,1130553.14,0
588,North India,Male,34,4,313472.25,2,0,1,572173.87,0
634,South India,Female,36,4,402190.32,1,1,0,561243.67,0
539,North India,Male,18,7,650919.24,1,1,0,1491184.6,0
816,South India,Female,19,2,0.0,3,1,0,479533.46,0
515,West India,Male,39,6,255363.21,1,0,1,723840.59,0
614,West India,Female,27,0,1061835.17,1,1,0,707645.06,0
720,East India,Male,47,0,0.0,3,1,1,728662.04,0
588,East India,Female,46,2,0.0,2,1,1,607948.25,0
560,West India,Male,43,0,1608937.03,2,1,1,707129.04,1
645,North India,Male,56,10,652167.69,1,1,0,678909.16,0
865,North India,Female,35,0,0.0,2,1,1,2280979.11,0
626,South India,Female,43,2,1191411.67,2,0,1,476692.41,0
631,East India,Male,29,10,1445546.9,2,0,0,547144.26,0
549,South India,Male,62,8,0.0,2,0,1,1910962.06,1
684,North India,Male,57,4,2253877.49,1,0,1,601278.11,0
729,East India,Female,36,3,0.0,1,0,1,699873.83,0
595,South India,Female,40,6,86889.33,2,1,0,422493.09,0
698,West India,Female,50,1,396128.93,1,0,0,403737.22,0
596,West India,Male,34,5,0.0,2,1,0,721479.17,0
479,West India,Male,28,9,696230.54,3,1,0,339071.06,0
691,West India,Female,45,0,0.0,1,0,1,362968.38,0
836,West India,Male,36,3,107890.84,2,0,1,763183.67,0
542,West India,Male,38,5,1509405.14,1,1,1,985840.3,0
666,South India,Male,26,9,252844.0,1,1,1,302329.46,1
767,West India,Female,18,3,484595.0,3,1,1,377088.7,1
640,West India,Female,38,6,0.0,1,1,0,1523600.93,0
521,South India,Male,45,2,343468.61,1,0,0,310296.98,1
654,North India,Female,33,2,335602.71,2,1,1,562850.32,0
784,North India,Male,51,9,1079660.4,1,0,1,269651.81,0
604,South India,Male,28,7,1040524.57,2,1,0,564151.04,0
670,North India,Male,24,1,98875.18,1,1,1,286089.09,0
555,West India,Male,35,0,677312.64,2,1,1,1186542.49,1
641,North India,Male,35,4,767802.69,2,1,1,748517.58,0
684,North India,Female,44,6,137954.92,2,1,0,793188.14,0
661,North India,Male,27,3,1783671.58,1,1,1,1209830.86,0
611,South India,Male,51,7,0.0,2,0,0,299667.95,0
689,North India,Male,57,0,0.0,1,0,1,394944.57,0
710,South India,Male,35,4,1178995.08,1,1,0,345146.27,0
716,East India,Male,49,1,424004.57,2,1,0,512316.93,0
623,West India,Male,24,10,523356.6,2,0,0,306401.72,1
594,West India,Female,47,2,219877.47,1,1,1,273424.06,0
826,South India,Female,47,5,0.0,1,1,0,827552.46,0
662,West India,Female,45,10,91561.68,2,0,1,765607.36,0
626,West India,Male,35,1,491380.18,1,1,0,480034.22,0
517,East India,Female,18,7,152201.42,1,1,1,1117027.28,0
566,North India,Male,28,3,1413435.53,2,1,1,991920.48,0
592,North India,Male,29,9,38210.56,1,1,1,596486.8,0
689,North India,Male,25,6,184321.83,2,0,1,712052.94,0
617,East India,Male,37,4,309057.57,2,0,1,818959.22,0
651,South India,Female,31,6,0.0,2,1,0,294384.68,0
521,South India,Male,26,6,678793.07,2,0,1,602355.05,0
776,South India,Male,24,9,366938.2,1,1,0,476145.04,0
583,West India,Male,28,1,244283.99,2,1,1,407069.99,0
671,East India,Female,48,10,755425.58,2,0,1,1446204.85,0
602,West India,Female,28,5,1016441.33,1,0,1,348988.82,1
621,West India,Male,30,7,2705791.09,2,1,1,524123.8,0
578,North India,Female,30,7,299955.85,1,1,1,178793.54,0
676,South India,Female,39,8,427195.46,1,1,1,774381.91,0
561,West India,Male,41,4,641520.59,2,1,1,425529.13,0
678,West India,Female,18,9,181087.36,2,0,1,845457.74,0
639,West India,Male,47,2,167310.13,2,1,1,313378.94,0
706,North India,Male,51,10,0.0,1,0,0,606155.99,1
715,North India,Female,24,4,1390526.09,3,1,0,456174.84,0
621,North India,Male,25,5,422490.97,3,1,1,2472537.1,0
682,South India,Male,31,8,0.0,2,0,1,420643.85,0
609,South India,Female,27,8,346902.08,1,0,1,754642.65,1
768,East India,Male,38,3,1023015.35,1,0,1,514398.2,0
617,West India,Male,18,9,0.0,2,1,1,589111.12,0
631,North India,Male,23,4,2240131.91,2,1,1,511150.73,0
607,North India,Male,52,7,780585.69,2,1,0,1097346.4,0
584,West India,Male,25,8,200789.69,1,1,1,404926.88,0
833,South India,Female,49,0,329915.5,1,1,1,1246178.32,1
693,West India,Male,39,2,386316.26,3,1,0,969954.32,1
656,South India,Female,18,3,382024.46,1,0,1,763194.09,0
607,North India,Male,42,8,0.0,1,1,0,438207.21,0
750,North India,Female,34,0,395638.61,3,1,0,1541070.01,0
600,South India,Female,30,10,106474.53,2,0,0,684732.02,0
660,South India,Male,38,9,461736.54,2,1,0,1147889.88,0
848,West India,Female,41,7,240393.39,1,0,1,968827.75,0
563,South India,Female,43,1,0.0,2,0,0,587465.98,0
698,East India,Female,48,0,611182.73,2,1,1,509500.21,0
675,West India,Male,40,9,0.0,1,0,1,1008796.49,0
697,South India,Female,20,10,105854.61,2,1,1,434737.93,0
624,South India,Female,30,6,449167.51,1,1,0,295279.66,1
596,West India,Male,68,3,0.0,2,0,1,573907.69,1
670,North India,Male,43,1,0.0,2,1,0,427379.57,0
608,East India,Male,62,3,649831.18,1,1,0,551316.79,0
440,South India,Male,51,9,735284.17,1,0,1,325445.2,0
575,East India,Female,38,1,924755.35,2,1,1,1839903.78,0
621,East India,Male,39,10,186448.08,2,1,0,829477.4,1
552,South India,Male,35,3,1030815.64,2,1,0,257062.98,0
663,North India,Female,18,10,229420.63,1,1,1,317051.53,0
581,South India,Male,36,1,224412.77,2,1,1,490321.55,0
646,South India,Male,49,6,997820.67,2,0,0,327617.3,0
845,West India,Male,29,2,498229.28,2,0,1,536619.48,0
760,North India,Male,40,6,329205.18,1,1,1,327628.17,0
703,South India,Male,45,1,121454.09,1,0,1,829835.4,0
812,East India,Male,25,3,0.0,1,0,0,862054.7,0
643,East India,Male,31,10,151627.21,2,1,1,752534.43,0
644,North India,Female,24,6,47677.23,2,1,0,743732.1,0
554,West India,Female,26,5,212279.62,2,0,1,407304.39,0
765,North India,Male,21,2,912864.88,1,0,1,685009.45,0
826,West India,Female,26,7,380053.92,2,1,1,901736.57,0
731,North India,Female,51,10,312900.96,2,1,1,589017.77,0
778,East India,Male,25,8,156254.96,1,0,1,639980.53,0
403,West India,Female,37,3,485676.07,1,1,0,348187.26,0
860,South India,Female,30,8,477051.62,3,1,1,867043.2,0
640,North India,Male,48,2,102358.44,2,0,1,985575.55,1
862,North India,Male,50,1,69661.76,2,1,0,794337.81,0
805,West India,Male,45,7,1604970.36,1,0,1,722239.6,0
719,West India,Male,39,9,0.0,1,0,0,356801.47,1
619,West India,Female,33,5,1178956.31,1,1,0,881907.34,1
664,West India,Female,22,7,0.0,1,0,0,1293795.55,0
478,West India,Male,57,2,284904.81,2,1,0,183447.91,1
733,East India,Female,27,7,0.0,1,0,0,625471.11,0
420,West India,Male,43,10,915164.24,1,1,1,690611.9,1
623,North India,Male,47,9,686639.73,1,1,0,462510.47,0
788,West India,Female,29,9,0.0,2,1,1,1105450.72,0
714,North India,Female,47,1,980558.92,2,0,1,409385.31,0
512,East India,Male,44,10,942819.49,1,0,0,401198.77,0
529,South India,Male,55,6,0.0,1,1,0,1131647.09,0
596,North India,Male,30,1,680468.28,2,1,0,627776.01,1
657,North India,Male,21,10,406464.5,2,1,0,389579.75,0
728,West India,Male,30,1,328802.9,1,0,1,833837.01,0
704,North India,Male,38,4,0.0,1,1,1,415173.71,0
554,East India,Male,36,10,1324893.88,2,1,1,467776.56,0
705,North India,Female,31,8,616935.62,1,1,0,349070.65,0
715,North India,Male,18,1,193336.51,2,0,0,597486.33,0
693,North India,Male,41,8,206094.64,2,1,1,318899.61,0
873,North India,Female,57,7,634943.58,2,1,1,988913.47,0
715,South India,Female,41,9,664952.25,1,1,1,725150.71,0
737,South India,Male,42,3,0.0,1,1,0,469923.08,0
818,North India,Male,42,4,116218.01,1,1,0,354967.66,0
726,North India,Female,40,5,307124.51,2,1,0,564008.12,0
600,North India,Male,46,8,209567.64,3,0,1,372737.57,0
761,West India,Male,40,9,644515.49,2,1,1,491843.38,0
613,South India,Male,32,5,854516.98,4,1,0,374900.62,0
561,North India,Male,27,5,596831.86,2,0,0,1097931.42,1
569,North India,Male,33,10,461014.67,3,1,0,995178.29,0
760,South India,Male,39,5,366934.34,2,1,1,229403.67,0
705,North India,Female,32,9,788994.56,1,0,0,753518.02,1
745,South India,Female,39,0,0.0,2,0,1,967343.64,0
706,East India,Female,40,0,0.0,1,0,0,665434.79,0
666,North India,Male,45,8,137842.21,1,1,0,580324.32,0
678,North India,Male,50,9,0.0,1,1,0,845883.87,0
703,North India,Female,36,1,0.0,2,0,1,787156.96,0
595,South India,Male,21,4,154943.31,2,0,1,833136.3,0
533,North India,Male,32,8,548906.84,2,0,0,1320567.26,0
606,South India,Male,36,5,0.0,2,1,1,599255.54,0
698,East India,Male,18,8,254323.35,1,1,0,612805.39,0
591,North India,Male,51,1,304347.09,2,1,0,205793.28,0
841,South India,Male,37,9,617936.57,1,0,1,653121.04,0
689,West India,Female,40,10,180564.25,2,0,0,972448.48,0
660,North India,Male,51,0,0.0,2,1,1,973484.82,0
595,North India,Female,29,1,139201.06,1,1,0,1101179.9,0
732,South India,Female,42,1,1224740.04,2,1,1,686232.91,0
540,North India,Male,34,4,158759.94,1,1,1,358005.59,1
678,West India,Female,33,0,657626.93,4,1,0,1428865.76,1
610,North India,Female,27,10,0.0,2,1,1,1211160.26,0
660,South India,Male,54,1,0.0,1,1,1,732197.38,1
693,West India,Male,31,4,516465.57,2,1,0,542538.15,0
546,North India,Male,43,4,0.0,2,0,0,607970.28,0
499,North India,Female,18,6,163910.46,1,0,0,250225.95,0
566,North India,Male,48,3,287524.1,1,0,0,301937.09,0
729,West India,Male,47,5,121569.81,2,0,0,1192335.1,0
683,West India,Male,37,5,0.0,1,1,1,592340.73,0
613,North India,Male,33,8,0.0,2,1,0,406098.79,0
827,West India,Male,40,2,861524.21,2,1,1,979869.2,0
765,West India,Male,61,8,2397265.98,2,1,0,623582.67,0
743,East India,Female,18,10,156392.08,1,1,1,797148.82,0
584,South India,Female,44,8,0.0,1,0,0,206555.22,1
742,West India,Female,25,1,210820.71,1,0,0,382809.27,0
680,South India,Female,35,1,0.0,1,0,0,649323.35,1
584,West India,Female,33,6,388390.18,1,1,0,580966.62,1
640,North India,Male,31,7,0.0,2,0,1,208016.42,0
556,North India,Male,35,2,6816652.69,2,1,1,1085555.82,0
585,West India,Female,23,6,120817.95,2,1,1,556879.73,0
547,West India,Male,47,6,0.0,1,0,1,874073.05,0
736,North India,Male,18,6,0.0,2,1,1,481734.44,0
643,South India,Male,41,1,300494.3,1,0,0,370428.22,1
565,South India,Male,32,7,136285.08,1,1,0,812743.75,0
696,North India,Female,23,10,159135.75,1,1,1,100000.0,0
650,North India,Male,38,9,0.0,2,0,1,357375.54,0
744,North India,Female,18,7,95769.43,2,0,1,893775.07,0
662,South India,Male,36,4,0.0,1,1,1,530040.34,0
520,North India,Male,20,6,1021811.45,2,1,1,782652.75,0
605,North India,Male,41,6,0.0,1,1,1,1999207.6,0
545,East India,Female,25,9,723480.21,2,1,0,372526.38,0
700,North India,Female,31,3,296009.1,1,0,0,705485.38,1
747,West India,Male,39,4,917318.76,1,1,1,742869.81,0
511,West India,Male,27,5,94195.48,2,1,0,1352391.15,1
638,North India,Female,35,5,340692.18,2,1,1,721731.98,1
753,North India,Male,19,9,1127010.03,2,0,0,348914.57,0
509,South India,Male,42,8,1661202.94,4,0,0,204700.16,1
610,South India,Male,55,2,597608.62,1,1,0,965875.4,0
649,South India,Male,66,4,0.0,1,1,0,593498.09,0
746,South India,Male,37,0,515774.14,4,1,1,867071.84,1
699,East India,Male,44,0,0.0,1,1,1,312822.97,0
717,North India,Female,18,9,0.0,2,0,1,1457013.36,0
704,West India,Female,52,4,235758.9,2,1,0,639456.58,0
616,North India,Female,44,0,122157.59,2,1,0,1210503.33,1
797,South India,Male,30,10,0.0,2,1,1,407548.81,0
589,North India,Female,49,6,474343.71,1,0,0,560677.41,1
399,South India,Female,33,9,389078.01,1,1,0,1049268.85,1
487,West India,Female,30,7,2995742.4,2,0,0,281911.53,0
639,North India,Male,41,9,194614.07,1,0,0,350287.42,0
620,North India,Male,24,1,68626.13,1,0,0,711036.62,0
601,South India,Female,47,2,815985.22,1,1,0,958722.05,0
663,North India,Female,24,9,231512.32,1,0,0,501379.2,0
758,West India,Female,24,7,0.0,2,1,0,170206.36,0
690,West India,Female,25,10,2915506.4,2,0,1,1794575.01,0
708,West India,Male,44,0,58184.6,1,1,1,1250630.4,0
552,South India,Male,29,8,228407.61,2,1,0,492486.29,0
603,South India,Female,21,4,0.0,1,1,0,1194958.73,0
713,North India,Male,29,9,1789279.12,1,1,1,1063186.3,0
659,West India,Male,35,0,0.0,2,1,1,317960.69,1
692,South India,Female,23,10,0.0,1,1,0,379616.36,0
705,East India,Male,23,9,0.0,1,0,1,263655.11,0
664,East India,Female,59,7,643757.08,1,1,0,170901.15,0
792,East India,Female,26,8,216316.09,1,0,0,1141539.13,0
602,South India,Male,32,8,452080.59,2,1,1,212265.01,0
576,South India,Male,31,10,0.0,2,0,1,858712.53,0
491,West India,Male,31,10,774036.31,1,1,1,280872.86,0
717,West India,Female,42,8,127889.34,2,1,0,328355.47,0
598,West India,Male,46,5,242078.24,3,1,0,427987.58,0
763,North India,Male,32,10,0.0,1,0,1,814785.05,1
672,West India,Female,22,6,586783.19,1,0,0,547875.04,0
619,South India,Male,50,6,827483.96,2,1,0,304983.68,0
555,South India,Male,34,3,593142.93,2,1,1,1097949.25,0
726,West India,Male,55,2,0.0,1,1,1,1406506.19,1
645,South India,Male,18,8,425670.45,2,0,0,475034.4,0
674,West India,Female,38,2,0.0,2,1,0,243726.29,0
704,South India,Male,57,2,0.0,1,1,0,1168063.75,0
673,South India,Male,32,3,211847.24,1,1,0,328342.96,0
573,North India,Female,33,9,360472.5,2,1,0,583256.27,0
696,South India,Female,39,9,110999.28,1,1,0,1103298.98,0
723,South India,Male,29,9,534052.66,1,1,1,347316.5,0
682,South India,Female,32,2,707257.07,2,1,0,631036.54,0
706,West India,Female,32,1,584081.6,2,0,1,1248334.9,1
715,North India,Male,29,4,1922502.12,1,1,0,827094.67,0
614,West India,Female,49,10,0.0,1,0,1,1343281.47,0
610,South India,Female,41,0,0.0,1,1,1,864369.34,0
850,West India,Male,38,0,1455030.82,1,1,1,811658.48,0
769,North India,Female,44,10,122702.76,1,1,0,130447.89,0
645,North India,Female,33,5,2869615.49,2,1,0,790259.24,0
711,West India,Female,27,3,0.0,1,0,0,233184.89,0
565,North India,Male,29,7,732683.07,1,1,1,487686.16,0
596,East India,Male,36,0,211476.36,2,0,1,820837.0,0
537,North India,Female,24,9,1039380.71,4,1,0,1018292.56,1
675,East India,Male,30,4,633444.82,3,1,0,779098.75,0
676,South India,Female,30,10,1345021.91,1,0,0,788160.8,0
747,South India,Male,59,5,342766.89,2,0,0,602050.37,0
630,North India,Male,18,4,0.0,1,1,0,388592.95,0
745,South India,Female,34,10,337650.03,1,0,1,905039.83,0
708,North India,Male,54,9,1511061.74,2,1,1,648802.8,0
871,South India,Male,37,5,105198.73,1,0,0,813840.99,0
800,South India,Male,44,2,1239641.27,2,0,1,1525637.11,0
784,West India,Female,37,8,1502238.41,1,0,0,147081.22,1
725,West India,Female,28,6,2683572.74,1,1,1,886223.86,0
569,South India,Female,18,9,0.0,1,1,1,395004.04,0
676,North India,Male,38,0,200851.66,2,1,0,734407.41,0
852,North India,Male,27,4,962451.08,2,1,0,682484.14,0
695,West India,Female,27,9,2951015.98,1,0,0,525483.37,0
576,North India,Female,30,0,634943.06,2,0,0,1364501.55,0
680,South India,Male,55,2,0.0,2,1,1,742329.12,0
560,North India,Female,62,5,3740065.04,2,1,0,843086.85,1
572,North India,Male,38,1,101330.37,1,1,0,1431443.43,0
687,South India,Male,30,4,310682.53,1,0,0,142964.22,0
716,South India,Female,23,6,2355148.87,2,1,0,834865.48,0
578,South India,Male,41,8,161340.0,1,0,0,1284263.25,0
599,West India,Male,55,0,1893538.1,2,1,1,513364.86,0
521,North India,Male,33,6,71969.31,1,1,0,368175.55,0
638,North India,Male,18,7,1113131.22,2,1,1,328459.85,0
474,West India,Female,43,2,1226334.67,1,1,0,180256.75,1
623,South India,Male,46,1,0.0,1,1,0,1089051.29,0
657,North India,Female,18,7,496490.47,1,0,1,267108.9,0
491,West India,Male,37,6,123553.8,2,1,1,542296.7,0
559,South India,Female,40,0,0.0,1,1,1,621020.78,0
644,North India,Male,35,1,500974.74,3,0,1,1264881.28,0
632,West India,Female,27,3,3111619.13,1,1,1,578571.62,1
636,South India,Female,47,2,0.0,2,0,1,618755.22,0
675,North India,Female,31,1,124872.47,2,0,0,1606764.87,0
499,South India,Female,19,4,0.0,2,0,0,173220.24,1
713,South India,Male,18,5,0.0,1,1,0,956749.57,0
621,East India,Male,49,5,0.0,2,1,1,461208.45,0
596,West India,Female,42,6,150242.27,2,0,1,211074.54,0
482,North India,Female,36,5,0.0,3,0,1,712118.99,0
625,North India,Male,31,5,304214.88,1,0,1,797006.91,0
696,West India,Male,30,7,67717.01,1,1,1,869353.56,0
662,West India,Female,24,4,0.0,1,1,1,882878.52,0
665,North India,Female,31,4,275305.86,2,1,1,1072877.76,0
619,North India,Female,18,10,1043465.08,2,0,0,1193880.88,0
644,West India,Male,27,10,0.0,1,1,0,328053.03,1
550,West India,Male,32,6,1615434.98,1,0,1,418867.96,0
649,North India,Male,42,9,3994916.0,1,0,0,909090.51,0
605,West India,Male,35,10,0.0,2,1,1,572981.23,0
548,North India,Female,44,10,313829.76,2,1,0,1089910.62,0
717,North India,Female,50,6,4007813.72,1,0,0,447741.79,1
508,North India,Male,47,2,749731.98,2,1,0,1206963.57,0
697,South India,Male,41,0,268030.84,2,1,1,700335.21,0
702,West India,Male,36,4,0.0,1,1,0,1815117.85,0
602,South India,Female,25,9,0.0,2,1,0,506638.69,0
742,North India,Male,44,10,403882.54,3,1,0,505882.25,0
600,West India,Male,54,3,425001.95,2,0,0,382183.03,1
594,North India,Female,39,0,0.0,3,1,0,442915.63,0
541,West India,Female,57,4,1008633.98,1,0,1,335595.7,0
649,West India,Female,19,5,1676530.34,1,0,1,449855.3,0
563,North India,Male,23,6,735917.11,1,0,0,442830.37,0
578,North India,Male,45,9,0.0,2,1,0,650437.11,0
644,West India,Male,38,10,1993609.7,1,1,0,742126.83,0
647,South India,Female,50,8,0.0,1,0,1,721047.18,0
763,North India,Female,35,3,0.0,2,1,1,347248.72,0
733,West India,Female,26,0,636764.45,2,0,0,797955.55,1
699,North India,Male,33,3,0.0,1,0,0,842690.83,0
636,North India,Female,19,10,0.0,1,0,1,231613.31,0
613,South India,Male,23,6,746423.13,1,1,0,1360732.55,0
647,West India,Male,46,0,3224287.07,1,1,1,781132.48,0
599,South India,Male,45,8,553117.41,1,0,0,860370.1,0
586,North India,Female,39,5,184881.6,2,1,1,517826.36,0
642,South India,Male,18,9,299817.29,1,1,0,254165.99,0
570,South India,Female,32,7,174426.01,2,1,1,781605.83,0
576,West India,Female,22,5,415386.9,1,0,1,1049755.5,1
735,South India,Male,48,6,1069459.78,2,1,0,1180158.14,0
525,South India,Female,29,2,0.0,1,1,0,430048.01,0
556,North India,Male,24,7,130102.21,2,0,1,447273.69,0
764,West India,Male,36,4,62889.61,2,1,1,274556.49,0
614,North India,Female,28,6,122271.91,2,1,0,569081.57,0
773,South India,Female,52,6,2206266.94,1,0,1,824829.25,1
544,East India,Male,27,5,2380868.97,2,1,1,810006.44,0
656,West India,Female,20,2,348333.62,1,1,1,372210.8,0
719,South India,Female,18,10,1713485.25,2,0,0,1827147.59,0
568,West India,Male,35,0,534813.16,1,0,0,1410202.47,0
800,East India,Male,29,5,304590.23,1,0,1,587671.29,0
614,West India,Female,20,8,3824473.42,3,1,1,871252.74,0
695,South India,Male,49,1,413922.32,1,0,1,400130.7,0
588,West India,Female,43,1,1110337.4,1,0,0,438875.28,0
784,North India,Female,35,9,356669.11,1,1,1,556404.9,0
677,South India,Male,51,0,82323.92,2,1,0,276417.19,0
838,North India,Female,43,0,0.0,2,1,1,1011166.29,0
756,South India,Male,26,1,545906.05,2,1,0,504504.15,0
725,West India,Female,24,0,151785.62,2,1,1,650705.18,0
564,North India,Male,44,10,450713.47,1,1,1,924173.47,0
657,North India,Female,40,5,0.0,1,1,0,935497.08,0
621,South India,Male,37,4,1681136.3,2,1,1,1188082.59,0
652,North India,Female,26,7,245310.58,1,0,0,1376773.85,0
663,South India,Male,42,9,0.0,1,1,1,493136.84,0
568,East India,Male,27,6,344405.39,2,0,1,652049.09,0
635,West India,Male,34,3,0.0,2,1,1,1072113.81,0
641,North India,Female,51,8,131851.18,1,1,0,549750.07,0
559,North India,Male,28,10,461291.45,1,1,0,266385.14,1
722,South India,Female,18,10,2287390.72,2,1,1,241801.86,0
670,West India,Female,24,3,469479.39,3,1,0,390986.23,0
723,South India,Female,46,8,0.0,4,0,0,470899.99,1
693,North India,Male,38,3,74422.53,1,0,1,634078.57,0
495,North India,Female,34,1,54086.17,1,1,0,1615813.08,0
575,North India,Male,30,1,1472976.12,2,1,1,231235.07,0
798,South India,Female,41,5,0.0,1,0,1,485516.34,0
720,West India,Female,26,5,599381.18,2,1,0,892017.6,0
504,West India,Male,39,6,476509.47,2,1,0,623742.73,0
692,South India,Male,27,6,1055572.16,2,1,0,497743.3,0
575,West India,Male,26,2,180694.51,1,1,1,801409.39,0
461,East India,Male,28,9,0.0,3,0,1,360660.44,0
799,West India,Female,31,6,882396.05,2,1,1,352596.75,0
656,West India,Male,35,8,258235.95,1,1,1,598017.3,0
669,East India,Female,38,8,0.0,2,1,0,2381505.07,0
536,North India,Male,18,10,130753.04,1,1,0,1655508.12,0
546,North India,Female,27,6,188401.64,1,1,0,1591983.82,0
506,East India,Female,31,3,63758.26,4,1,1,672047.93,0
777,South India,Female,52,7,995765.22,1,1,1,434499.91,0
502,West India,Male,24,1,36794.76,2,1,0,601426.9,0
795,West India,Female,37,7,106350.74,3,0,1,624877.02,0
561,South India,Male,52,10,579595.29,1,1,1,339970.61,0
539,South India,Male,21,2,0.0,1,1,0,684751.47,0
645,South India,Female,40,4,338895.88,2,0,0,337457.11,0
588,North India,Female,27,2,841085.1,1,1,1,231768.23,0
658,North India,Male,30,5,296655.08,2,0,1,1290563.79,0
571,South India,Male,27,5,552862.97,1,0,1,707617.84,0
621,North India,Male,27,7,609967.34,1,0,1,433996.81,0
581,North India,Male,65,0,544221.32,1,1,1,681450.57,0
727,North India,Male,45,4,298378.82,1,1,1,449159.77,0
696,West India,Female,48,4,548992.99,1,1,1,734673.95,0
672,West India,Male,41,8,2215770.28,2,1,1,1250550.02,0
744,South India,Female,18,9,0.0,1,1,1,452349.39,0
673,South India,Male,40,3,212389.49,1,1,1,369813.38,0
666,East India,Female,47,5,1303776.14,1,0,0,850132.64,0
639,North India,Male,26,10,3390042.04,4,1,1,924165.75,0
585,North India,Female,46,10,186678.63,2,1,0,684094.02,0
585,North India,Male,43,9,1222785.36,1,1,1,968204.55,0
663,South India,Male,56,6,171430.36,1,0,1,453074.63,0
741,North India,Male,31,2,1689774.04,1,1,0,216613.48,0
701,North India,Female,23,5,442360.9,2,1,1,1045175.85,0
700,North India,Female,32,2,3088348.99,1,1,0,869542.72,0
550,South India,Male,51,5,0.0,1,0,1,1487391.85,0
697,South India,Male,18,0,2211503.53,1,1,0,485914.92,0
614,South India,Male,18,8,0.0,1,1,0,1186557.43,0
665,South India,Male,36,5,115400.38,1,0,1,1247732.28,0
699,North India,Female,31,5,540246.31,2,1,1,723000.3,0
545,West India,Female,36,3,0.0,3,1,0,193840.42,0
664,South India,Female,46,4,428768.17,2,1,0,1428836.33,0
671,North India,Female,29,3,3606369.59,2,1,0,550618.63,0
739,North India,Female,18,5,640585.55,2,1,1,600091.68,0
603,West India,Male,58,6,0.0,1,0,0,1072354.61,0
644,West India,Male,25,0,447528.83,1,0,1,1030964.96,0
665,South India,Male,24,2,1298423.17,1,1,0,3354129.58,0
603,North India,Male,48,1,0.0,2,0,1,427913.69,1
601,South India,Female,31,10,356077.93,2,1,1,1081734.45,0
598,South India,Female,35,4,0.0,2,0,1,1946689.21,0
638,West India,Female,41,7,495204.18,2,0,1,264673.93,0
807,South India,Male,47,4,1718058.93,2,0,1,457495.19,0
641,North India,Male,32,8,722462.4,1,0,1,1080852.97,1
693,North India,Female,52,0,202272.52,1,0,1,255652.57,1
652,North India,Female,18,10,0.0,1,1,0,1187568.87,0
622,West India,Male,44,5,0.0,1,1,1,352415.22,1
647,North India,Female,26,2,338761.11,1,1,1,368905.19,0
719,South India,Female,51,1,235698.08,1,0,1,356809.9,1
645,West India,Male,37,3,162376.43,1,1,0,1229741.88,0
635,North India,Male,28,2,0.0,1,1,0,352261.78,1
628,West India,Female,43,10,2445757.88,1,1,1,772724.51,0
560,South India,Female,45,8,273655.78,1,1,0,608485.84,0
743,South India,Male,43,8,1318095.18,1,1,0,506390.56,0
609,West India,Female,24,7,0.0,2,1,1,1860938.21,0
782,West India,Female,30,6,542562.59,1,1,0,740222.96,0
672,South India,Female,35,9,1776876.4,2,0,0,345548.26,0
776,West India,Male,35,2,124088.27,1,0,0,628812.78,0
632,West India,Female,44,10,129010.8,1,1,0,779479.9,0
584,West India,Male,18,2,0.0,1,1,0,654768.31,0
743,South India,Female,39,6,595084.77,1,1,0,966733.12,0
599,South India,Female,32,3,2614273.36,1,0,0,1321183.43,0
765,North India,Male,26,7,0.0,3,1,0,502343.51,0
702,West India,Male,27,0,0.0,1,1,1,608885.29,0
781,North India,Female,33,0,637881.98,2,1,1,985132.25,0
562,West India,Female,18,6,282178.91,2,1,1,875878.51,0
736,South India,Male,28,8,1492498.22,2,1,1,1157211.54,0
583,South India,Male,26,1,97252.12,1,1,1,453246.32,0
434,South India,Male,41,4,135314.97,1,1,1,403155.1,1
730,South India,Male,27,1,899194.89,1,1,0,329039.97,1
649,West India,Female,33,8,47718.95,1,0,0,1349155.09,0
736,South India,Female,52,8,0.0,1,1,1,367254.52,0
658,North India,Female,46,0,2316627.65,1,1,0,426978.33,1
651,North India,Male,45,10,901950.51,1,0,1,976708.52,0
784,West India,Female,30,6,430695.17,3,1,1,540261.64,0
660,West India,Male,41,10,521664.52,2,1,1,1142382.62,0
607,North India,Female,33,0,0.0,2,0,1,527245.01,0
642,North India,Male,33,6,0.0,2,1,0,524848.85,0
664,North India,Male,40,7,461256.24,1,1,1,786003.98,1
393,East India,Male,29,0,124557.99,1,0,1,592097.14,1
694,North India,Male,52,2,199517.27,2,0,1,830306.29,0
772,North India,Female,34,9,133580.25,1,0,0,1903465.41,0
645,North India,Female,42,4,1537939.44,1,1,1,311068.34,0
612,West India,Female,52,9,621212.74,1,0,1,366355.35,0
684,West India,Female,47,6,1817025.89,1,1,1,1848115.71,0
806,South India,Male,20,4,0.0,2,0,1,361667.07,0
692,North India,Male,40,2,0.0,2,1,0,334518.9,0
669,South India,Female,45,7,1933409.89,1,1,1,442047.93,0
614,North India,Male,45,5,2358470.97,1,1,1,1042231.65,0
553,North India,Male,23,0,0.0,2,0,0,524672.73,0
652,West India,Female,28,6,324643.35,1,0,1,1152329.65,0
653,West India,Male,46,8,250982.21,2,1,0,220975.96,0
476,East India,Male,27,0,280318.51,1,0,1,294056.25,0
584,South India,Male,32,6,0.0,3,0,1,269269.33,0
754,North India,Male,53,1,108290.29,4,0,0,509617.83,0
626,West India,Male,35,0,1269356.07,1,0,1,208810.0,1
428,North India,Male,28,0,0.0,2,0,0,910135.6,0
794,North India,Male,26,2,0.0,1,1,1,757480.99,0
569,North India,Male,39,0,3006162.21,1,1,0,100000.0,1
607,East India,Male,21,9,764914.21,1,0,1,1040293.85,0
745,West India,Female,33,1,1103803.43,1,1,0,387890.21,1
583,North India,Male,39,6,149060.33,1,0,1,834322.67,0
472,North India,Male,50,7,0.0,1,1,1,1396228.05,0
669,West India,Male,43,2,285060.24,1,0,1,697426.0,0
721,West India,Male,28,6,677630.18,2,1,1,330737.39,0
607,West India,Male,48,6,0.0,1,0,1,511430.77,0
638,North India,Male,32,9,1900245.65,1,0,0,728129.24,0
543,South India,Female,22,3,658021.14,1,1,1,2226501.75,0
560,South India,Female,34,10,809584.46,1,1,1,1872752.59,0
621,East India,Female,51,0,767485.83,2,1,1,1849281.25,0
708,North India,Male,37,3,562907.25,1,1,1,1016858.32,0
658,South India,Male,36,10,0.0,1,0,1,822742.83,0
741,North India,Male,54,0,0.0,2,0,0,1141634.05,0
798,South India,Female,20,9,1862566.91,2,1,1,162687.18,0
729,North India,Male,21,3,1369147.97,1,0,0,199372.83,0
506,West India,Male,18,4,0.0,4,1,0,1223155.47,1
624,North India,Male,40,8,217654.87,1,1,0,925174.29,0
728,South India,Female,37,6,309016.24,1,1,0,485880.84,1
639,South India,Female,52,8,616843.53,2,1,0,230752.01,0
504,West India,Female,38,8,98695.07,2,1,0,856758.99,1
600,West India,Male,31,7,225241.81,2,1,1,226938.18,0
445,North India,Male,36,1,137865.61,1,1,0,380139.42,0
625,North India,Female,37,4,0.0,1,0,0,484238.35,0
588,South India,Male,18,3,968351.55,3,0,0,382645.78,0
617,South India,Male,65,0,422734.05,1,0,1,479050.77,1
756,North India,Female,41,5,0.0,2,1,1,1433390.97,0
530,West India,Female,38,4,185733.13,1,1,1,694528.41,1
585,North India,Female,42,9,1633004.8,2,0,1,478075.49,0
547,East India,Female,43,9,232889.91,2,1,1,749511.0,0
746,North India,Male,34,6,1642906.73,1,1,0,306420.36,1
751,North India,Male,29,0,14000.91,1,0,0,612676.63,0
682,North India,Female,42,4,0.0,3,0,0,472271.47,0
677,South India,Female,40,2,0.0,2,1,0,608785.79,0
541,North India,Female,27,3,478469.78,1,1,1,460792.86,0
667,West India,Female,51,3,799152.55,2,0,0,500202.45,0
549,South India,Female,39,5,243617.66,1,1,1,901757.15,0
653,North India,Male,44,3,1335559.15,1,1,0,1587977.99,0
619,West India,Female,51,6,0.0,1,1,1,635571.72,0
596,East India,Female,36,2,0.0,1,0,0,521140.47,0
652,South India,Male,39,7,1530601.02,1,1,1,1303186.36,0
710,West India,Male,44,1,531548.22,1,1,1,1074213.96,0
809,North India,Female,28,1,101906.69,3,0,1,215291.25,1
699,North India,Male,36,0,1361404.29,2,1,0,954375.12,0
855,North India,Female,37,5,253596.27,1,0,1,426896.24,0
668,East India,Male,25,10,530381.28,2,1,0,941213.75,0
810,South India,Female,61,5,0.0,2,1,0,715766.49,0
689,North India,Male,20,5,0.0,2,0,0,305340.26,0
671,South India,Male,21,0,124805.03,1,0,0,739307.75,0
634,North India,Male,50,3,0.0,1,1,1,394869.28,0
676,North India,Male,43,0,153708.25,2,1,1,407541.77,0
688,South India,Male,24,1,0.0,1,1,1,974574.39,0
522,North India,Male,42,7,0.0,1,1,0,379350.04,0
713,North India,Female,52,7,2467102.27,1,0,0,748464.8,0
516,North India,Male,35,0,0.0,2,1,0,1567739.85,0
713,South India,Female,64,0,123869.75,1,1,1,629097.61,0
703,West India,Female,18,10,0.0,1,1,1,320725.43,0
777,South India,Female,43,2,259564.2,2,0,1,1025232.32,0
572,West India,Male,48,6,222338.31,1,1,0,630773.68,0
561,North India,Male,45,5,1933907.15,2,1,1,1125344.74,0
749,North India,Male,33,2,1389392.15,2,1,1,835643.61,0
553,West India,Female,32,7,4484066.47,3,1,0,214846.01,1
544,North India,Female,40,7,0.0,2,1,0,1023216.25,0
668,South India,Male,44,5,1030992.94,2,1,1,780590.22,0
645,East India,Male,42,0,151450.38,1,1,1,549962.35,0
663,South India,Male,47,7,278785.0,1,1,0,641550.17,0
698,North India,Male,24,4,0.0,2,1,1,702320.27,0
698,East India,Male,33,8,692193.64,2,1,1,858392.62,0
642,North India,Female,25,8,0.0,1,1,1,917619.95,0
654,West India,Male,31,1,66637.04,1,1,0,886020.77,0
643,North India,Female,47,10,983891.9,1,1,1,998930.89,0
653,South India,Female,37,5,0.0,1,1,1,664885.46,0
525,South India,Female,64,3,0.0,1,1,1,416097.65,0
718,South India,Male,38,6,370417.97,2,0,0,221463.28,0
744,West India,Male,36,5,703449.75,1,1,1,1108588.27,0
707,East India,Male,37,6,798667.22,1,1,1,933600.99,0
700,North India,Female,28,4,4313111.27,2,0,1,318610.36,1
560,West India,Male,35,8,82821.24,1,1,0,596029.52,1
522,North India,Male,48,0,1578426.77,2,1,0,562592.01,0
724,North India,Female,37,6,969213.38,2,1,0,1659821.85,0
652,East India,Male,27,8,726746.94,2,0,1,598769.3,0
665,South India,Female,25,7,0.0,2,1,0,1826213.51,0
669,North India,Male,31,0,676151.98,2,1,0,2363307.42,0
673,South India,Male,36,7,583869.71,2,1,1,670492.4,0
708,North India,Male,49,2,0.0,2,0,1,473939.11,0
641,South India,Male,21,9,220993.56,2,1,0,508213.11,0
478,South India,Female,32,5,300341.43,1,1,0,289352.32,1
711,West India,Male,37,8,551010.71,1,1,1,852418.08,0
701,North India,Male,18,6,121081.2,1,1,1,1971851.46,0
533,North India,Female,26,4,794825.15,1,1,1,1089490.72,0
545,North India,Female,28,7,438553.77,2,0,0,1536382.06,0
729,North India,Male,27,7,206271.69,1,0,1,390728.08,0
750,East India,Male,38,5,0.0,2,0,0,390313.51,0
410,East India,Male,34,5,962074.86,1,1,0,585352.83,0
689,West India,Male,29,8,0.0,2,1,0,882510.61,0
630,South India,Male,40,3,806314.93,2,1,0,467213.56,1
656,West India,Male,54,2,558931.66,3,0,1,1372381.41,0
661,North India,Female,54,7,920597.38,2,0,0,512066.56,1
581,North India,Male,18,8,1371950.85,2,1,0,668826.22,0
708,North India,Female,42,3,0.0,2,0,1,587716.34,0
588,West India,Female,34,1,0.0,1,1,0,518372.41,0
717,South India,Female,37,5,547326.53,1,1,1,273466.07,0
737,South India,Male,31,8,0.0,1,0,1,548374.51,0
571,North India,Female,37,1,247405.02,1,0,0,454035.19,0
573,South India,Female,37,8,0.0,2,1,0,795594.52,1
660,West India,Male,29,4,0.0,1,1,0,346069.67,1
785,North India,Male,26,3,193710.53,2,1,1,189313.51,0
596,South India,Male,31,10,0.0,1,1,0,414126.7,1
613,North India,Female,38,7,166471.2,3,1,1,881344.13,0
678,West India,Female,42,1,1167511.71,1,0,0,1015624.53,0
709,South India,Male,45,6,94835.0,2,1,0,506812.33,0
697,North India,Female,30,9,279947.15,1,1,1,753444.54,0
652,South India,Male,39,6,139445.89,1,1,1,1047643.89,0
622,North India,Female,46,0,3411539.06,1,1,0,772095.54,1
679,West India,Male,48,9,284176.02,1,0,0,697122.68,0
361,East India,Female,35,7,262439.95,1,0,0,1254522.58,0
818,South India,Male,33,0,0.0,1,1,0,1151257.93,0
633,North India,Male,38,8,0.0,2,0,0,557404.51,0
666,West India,Female,23,1,718824.28,1,1,0,273982.0,0
838,South India,Male,33,9,1448297.1,1,1,0,850093.37,0
583,North India,Male,44,6,931557.06,2,0,0,1334065.8,1
859,North India,Female,43,4,348724.37,1,1,1,328835.47,0
716,West India,Male,33,10,0.0,1,0,1,563512.83,0
690,West India,Female,38,4,218266.2,1,1,0,428538.42,0
707,West India,Male,26,4,649517.25,3,1,1,984792.82,0
574,South India,Male,43,8,2323100.44,2,0,0,729268.73,0
501,West India,Male,35,10,2925946.7,1,1,0,701824.23,1
543,South India,Female,32,9,163341.55,2,1,0,326033.41,0
747,South India,Male,32,1,459879.1,1,1,1,168047.0,1
565,West India,Female,35,8,545246.72,2,1,1,1181640.57,0
501,East India,Female,31,6,619668.61,1,1,0,239519.57,0
642,West India,Male,43,2,0.0,2,1,0,784045.66,1
701,West India,Female,31,2,199383.17,2,0,1,131891.64,0
653,West India,Female,53,1,441978.18,1,1,1,222818.89,0
704,West India,Male,52,9,300442.12,1,1,1,890204.95,0
753,West India,Male,26,4,562311.26,2,0,0,759971.58,0
701,South India,Male,36,2,1937392.37,2,1,0,366682.38,1
636,North India,Female,28,1,0.0,3,1,0,477478.44,1
601,West India,Female,32,3,219292.49,2,1,1,1532477.12,1
719,East India,Male,58,8,0.0,1,1,1,891961.72,0
674,North India,Male,32,0,528766.51,2,1,1,441713.72,0
572,West India,Female,39,8,471536.78,1,1,0,861607.89,0
767,North India,Male,41,6,0.0,2,0,0,480145.13,1
673,East India,Female,24,1,0.0,2,1,1,814176.23,0
708,West India,Male,26,1,4499062.66,1,0,0,850965.94,1
614,South India,Female,22,4,5465183.49,2,0,1,312317.95,1
751,West India,Female,26,2,0.0,2,1,1,737500.12,0
507,West India,Male,18,0,922964.71,2,1,0,1282981.81,0
800,West India,Male,41,7,381789.21,1,1,0,513549.56,0
475,East India,Male,58,4,170780.33,2,1,0,927186.42,0
526,North India,Male,37,4,0.0,2,1,1,365894.2,0
672,North India,Male,20,5,69999.14,1,1,0,784289.24,0
602,West India,Female,28,10,473563.12,1,1,0,1674879.68,0
620,East India,Male,30,7,0.0,1,0,0,848381.89,0
602,North India,Male,24,3,815960.04,2,1,1,1621039.16,0
579,North India,Female,45,2,1395890.2,1,1,0,601091.08,0
678,North India,Female,44,6,291389.34,2,1,0,486785.26,0
645,South India,Male,23,0,411952.92,2,0,1,455965.59,0
729,West India,Female,43,1,981444.28,1,1,0,1114040.69,0
657,North India,Female,52,2,0.0,1,0,1,316615.78,0
612,North India,Female,56,4,248056.38,3,1,0,317073.13,1
719,West India,Male,67,9,0.0,2,1,1,1315289.56,1
485,North India,Male,26,3,748358.75,1,0,1,495650.37,0
417,West India,Female,67,2,0.0,2,1,0,601846.55,0
507,South India,Female,32,9,159509.54,2,1,1,769312.55,0
619,West India,Female,29,3,516624.09,2,0,1,868147.04,0
685,North India,Male,39,10,295592.56,2,0,0,748452.04,0
409,North India,Female,29,9,407661.34,3,1,0,1442880.08,0
648,South India,Female,40,6,0.0,2,1,0,802392.1,0
618,West India,Male,21,6,1110704.85,1,1,0,189487.31,1
662,South India,Male,33,4,1553422.98,2,0,0,632442.17,0
478,North India,Female,50,4,159766.89,1,0,0,563512.55,0
885,West India,Female,35,6,151374.19,1,1,1,625285.44,0
652,North India,Male,37,3,0.0,2,0,0,560943.35,0
540,East India,Female,41,10,0.0,2,1,1,540637.76,0
661,North India,Female,48,0,229608.1,1,0,0,693234.66,0
784,South India,Female,18,3,0.0,1,1,1,230127.98,0
534,North India,Female,42,8,492795.13,1,0,1,771438.1,0
515,South India,Female,33,9,231707.58,2,0,1,456954.46,0
639,South India,Male,37,10,974118.86,2,1,0,1124432.23,0
647,South India,Male,47,9,415530.41,1,1,0,298731.01,0
713,North India,Female,22,9,0.0,1,0,1,628687.04,0
782,West India,Male,24,1,1390962.53,1,0,1,1257185.39,0
720,West India,Female,18,0,0.0,3,1,1,1709574.45,0
525,South India,Female,29,8,2561350.29,1,1,0,579275.7,0
553,South India,Male,50,5,506646.11,2,1,1,606597.08,0
578,West India,Female,34,1,969403.87,1,1,0,498344.78,0
719,North India,Male,21,6,138008.59,2,0,0,817433.82,0
704,East India,Male,30,3,0.0,2,1,1,564292.95,0
763,North India,Male,19,8,112818.23,1,0,1,695280.58,0
700,West India,Female,23,10,663472.53,1,1,0,294016.56,0
593,South India,Male,40,5,508756.28,1,0,0,1317338.44,0
632,South India,Female,23,6,176675.52,1,1,1,806541.54,0
518,West India,Male,48,2,637319.57,1,1,1,1057435.3,0
706,North India,Male,35,5,204098.15,4,1,1,779843.65,0
593,West India,Male,36,0,0.0,3,0,1,336659.87,0
760,South India,Female,32,4,0.0,1,1,0,408169.03,0
704,North India,Male,44,9,241167.45,2,0,1,638835.98,0
824,South India,Male,44,4,2589583.96,1,0,1,398893.1,0
687,West India,Female,39,1,377501.71,1,0,1,1032723.0,0
686,North India,Male,42,5,395534.87,2,1,1,587210.87,0
633,South India,Male,33,10,0.0,1,1,1,612404.69,0
615,South India,Male,41,2,239220.15,1,1,0,722681.21,0
626,South India,Male,32,3,0.0,1,1,0,506622.93,0
739,West India,Female,36,2,544876.9,1,1,0,1071337.03,0
528,North India,Male,32,0,0.0,1,0,0,1621921.09,1
655,South India,Male,30,0,557773.53,2,1,0,527254.07,1
500,South India,Female,28,4,1521916.3,1,1,0,905994.96,1
683,North India,Female,41,9,1648447.46,3,1,0,882423.6,0
608,East India,Female,50,5,77261.25,4,1,1,378646.75,0
695,North India,Female,48,4,105123.63,2,1,0,915108.59,0
583,North India,Male,22,3,0.0,2,0,1,616030.84,0
626,West India,Female,50,5,314384.44,1,1,1,865863.44,0
706,North India,Male,32,8,633308.04,2,1,0,390338.37,0
661,West India,Female,42,3,214189.86,1,0,1,507849.75,0
788,West India,Male,26,8,4722887.06,1,0,0,1539178.29,1
606,North India,Male,37,9,665958.21,1,0,0,242527.45,0
598,North India,Female,39,6,1290790.46,1,0,1,418282.53,0
761,North India,Female,19,3,1263052.5,1,0,0,1074727.68,0
616,North India,Female,42,9,0.0,1,1,0,554282.45,1
612,North India,Male,50,3,0.0,2,0,1,1147995.34,0
684,West India,Male,34,2,223655.18,1,1,1,828004.94,0
635,West India,Male,50,6,1939027.92,2,1,1,1065946.41,1
621,North India,Male,33,3,2074739.79,1,0,1,276822.02,0
587,West India,Male,45,9,0.0,2,0,0,968927.21,0
772,North India,Male,18,3,869683.25,2,1,0,1122040.95,0
636,West India,Male,62,10,143845.15,1,1,0,932948.68,0
599,North India,Male,52,6,1131836.15,1,0,0,540937.96,0
623,North India,Female,32,6,2073433.12,1,1,1,472958.97,0
681,West India,Female,18,1,763911.24,2,1,1,807147.05,0
781,South India,Male,39,7,301504.89,2,0,1,927984.43,0
634,South India,Male,20,6,125734.2,1,1,0,774663.12,0
572,South India,Male,40,0,0.0,2,1,0,1132299.51,0
822,North India,Male,40,9,0.0,2,0,0,440809.64,0
662,West India,Female,25,8,4470573.83,1,1,1,295289.69,1
640,West India,Female,48,7,641729.28,3,0,1,1495213.05,0
656,North India,Female,44,0,1040410.6,1,1,0,328294.87,0
537,South India,Male,46,4,64733.92,2,1,1,325057.27,1
645,South India,Female,36,5,367543.0,2,1,0,984908.54,0
718,South India,Male,20,7,160250.5,2,1,1,375980.28,0
759,South India,Male,46,9,0.0,1,1,1,733475.35,0
617,West India,Male,33,6,0.0,1,0,1,341296.19,0
666,East India,Female,20,4,32047.24,2,1,1,404879.1,0
761,South India,Male,50,0,905058.94,1,1,1,631964.96,0
653,South India,Male,59,3,1129214.33,2,1,1,837242.73,0
714,West India,Female,35,8,218779.21,1,0,0,1688743.74,0
688,South India,Male,59,7,0.0,2,0,1,1083212.93,0
590,South India,Male,37,9,483664.87,1,1,1,347317.8,0
567,South India,Male,31,9,449341.22,2,0,0,654272.36,0
745,West India,Male,29,1,0.0,2,0,0,391985.03,0
409,South India,Female,54,1,927871.09,1,0,1,269076.23,0
589,North India,Male,27,7,0.0,2,0,1,538294.13,0
524,South India,Male,44,2,1167038.33,3,0,0,593243.47,0
745,West India,Male,29,4,1650275.22,2,0,1,617831.7,1
772,West India,Female,30,8,797614.96,2,1,1,326753.89,0
584,West India,Male,47,1,631331.6,1,1,0,372669.47,0
898,West India,Female,31,7,78819.32,2,1,0,355121.23,0
773,North India,Male,31,1,493483.39,2,1,0,1172259.69,0
667,South India,Male,48,2,0.0,1,0,0,1102909.37,0
784,North India,Female,53,6,4951539.41,2,0,1,1393495.46,0
592,West India,Male,43,6,800954.2,1,1,1,1999305.76,0
625,North India,Male,28,4,0.0,2,1,1,595083.34,0
691,West India,Male,30,0,1640141.6,2,1,1,184981.63,0
587,West India,Male,36,1,1211325.93,2,0,1,518319.52,0
534,West India,Male,39,6,0.0,1,0,1,711264.12,1
565,West India,Female,25,7,272901.82,2,0,1,1251413.11,0
632,South India,Female,43,5,245616.71,2,1,0,538343.96,1
692,South India,Male,36,2,90489.46,2,0,0,885136.15,0
619,North India,Male,18,2,2229907.06,2,1,0,475067.13,0
502,North India,Female,25,8,515419.74,1,0,0,764425.86,0
692,North India,Male,30,2,0.0,2,0,0,384722.32,0
764,North India,Female,35,5,2102076.05,1,0,1,615736.54,0
590,East India,Female,56,2,381255.55,2,1,0,805793.37,1
799,North India,Female,38,9,0.0,1,1,0,810845.61,0
728,West India,Female,26,2,0.0,2,1,0,614648.48,1
555,North India,Female,38,8,541190.07,2,0,0,911276.5,0
591,East India,Female,32,7,362811.67,2,1,1,328168.23,0
621,South India,Male,39,6,411660.31,1,0,1,420108.33,0
633,South India,Female,42,2,338897.94,1,1,1,377287.76,0
430,South India,Male,49,10,601053.47,2,0,1,232347.03,0
582,West India,Male,35,4,188656.3,2,1,1,760432.94,0
600,North India,Male,54,0,300226.3,1,1,1,958770.38,1
820,West India,Female,45,1,2970876.61,1,0,0,532558.35,1
670,West India,Male,28,8,0.0,3,1,1,1235533.32,0
578,North India,Female,60,2,521554.86,2,1,1,566586.4,0
610,North India,Female,39,4,95745.96,2,1,1,663291.32,0
688,West India,Male,26,3,232966.82,1,1,1,637234.08,0
615,North India,Female,54,7,767435.6,2,1,1,998229.56,0
597,West India,Female,58,10,915397.36,3,0,0,676208.92,1
600,North India,Female,35,0,0.0,1,1,1,283410.6,0
693,South India,Male,30,5,0.0,2,1,1,2182103.28,0
525,West India,Female,34,5,817609.18,2,1,0,840121.66,1
552,West India,Female,43,7,751751.26,2,0,1,144524.12,0
566,North India,Male,50,0,317845.66,1,0,0,1772743.14,0
550,West India,Male,42,3,1074739.38,2,1,0,670165.02,0
575,West India,Male,37,0,1623231.79,1,1,1,708909.56,1
730,South India,Female,52,8,1725484.56,1,1,1,344355.29,0
743,South India,Male,32,5,0.0,1,1,0,504280.77,0
674,South India,Male,47,6,0.0,2,1,1,737313.28,1
669,East India,Female,32,0,1378257.49,2,1,0,326705.97,0
589,West India,Male,40,9,387420.4,1,1,1,1159786.72,1
462,North India,Female,34,3,431437.3,1,1,1,1140935.75,0
662,North India,Male,35,10,264406.48,1,0,0,855251.61,1
676,East India,Male,31,6,572352.64,2,0,1,671387.85,0
589,North India,Male,50,3,0.0,2,0,1,299907.24,0
553,East India,Female,27,10,86133.9,2,0,1,932917.93,1
535,South India,Female,27,4,1392068.02,2,0,0,1476045.01,0
665,North India,Female,59,0,0.0,1,0,0,623106.71,0
657,North India,Female,46,2,190076.24,2,1,0,333865.73,0
757,South India,Male,18,7,824725.35,3,1,1,1239865.58,0
577,West India,Male,29,10,298327.42,1,1,1,592270.98,0
624,North India,Male,18,8,1988491.58,1,0,1,778728.2,0
651,North India,Female,25,7,0.0,2,1,1,575093.93,0
600,East India,Female,18,10,0.0,2,0,1,437444.46,0
725,North India,Male,34,3,110529.32,2,1,1,538512.86,0
761,South India,Female,23,9,0.0,2,0,1,249658.37,0
550,South India,Female,36,0,1380707.31,2,1,1,777032.11,0
608,North India,Male,18,3,846069.34,1,0,1,344501.65,0
769,North India,Female,36,5,376831.84,2,1,0,588601.0,0
679,South India,Male,31,1,297379.23,1,1,0,297212.78,0
660,North India,Female,52,6,327848.5,1,1,1,653477.09,0
680,South India,Male,51,2,473119.61,1,1,1,309660.35,0
709,South India,Male,44,7,74869.57,2,1,1,421921.05,0
685,West India,Male,32,3,605842.13,2,1,1,642355.94,0
669,South India,Female,57,8,1635999.52,1,1,1,649722.84,0
650,South India,Female,18,0,356320.9,2,1,0,507697.72,0
771,North India,Male,20,9,90243.46,2,0,1,795235.83,0
626,North India,Female,35,0,0.0,2,1,1,771602.97,0
650,South India,Female,60,4,150336.1,2,0,1,837021.73,0
789,East India,Female,33,8,0.0,2,1,1,457486.87,0
679,North India,Male,33,5,234537.3,1,1,0,142135.5,0
644,South India,Male,20,10,458829.52,1,0,1,498005.72,0
706,West India,Female,46,1,487389.6,1,1,0,1267883.53,0
670,West India,Male,46,8,312322.77,1,1,0,2402618.48,0
583,East India,Male,44,6,930792.44,2,1,1,666550.77,0
672,North India,Male,29,4,227087.44,1,1,1,654108.75,0
577,North India,Male,28,6,214257.64,2,1,1,1460345.39,0
814,North India,Male,21,10,0.0,2,1,1,1265484.03,0
671,North India,Female,36,8,0.0,2,0,0,306966.41,0
565,South India,Male,24,7,91849.78,2,1,1,944968.71,0
614,West India,Male,23,7,0.0,1,1,0,1842183.39,0
718,West India,Male,31,8,700375.25,1,0,1,253470.84,0
551,North India,Female,30,10,252862.4,3,1,1,1398302.83,0
894,North India,Female,30,2,2362280.78,1,0,1,1006380.72,0
519,East India,Female,41,0,469103.98,1,0,1,503194.22,1
733,South India,Male,36,3,418443.77,3,1,1,490372.45,1
606,East India,Male,32,8,0.0,2,1,0,1056498.82,0
577,West India,Female,38,9,1069853.12,1,1,1,939286.1,0
698,East India,Female,25,0,312644.23,2,1,0,895698.21,0
609,West India,Female,37,9,0.0,1,1,0,409998.18,0
793,South India,Male,37,0,293999.5,2,1,1,1080527.12,0
523,West India,Male,19,5,2027638.8,1,0,0,708260.45,0
700,South India,Male,46,3,4528901.3,2,1,0,1209713.17,1
625,North India,Female,26,0,536474.2,1,0,1,984811.22,0
676,North India,Male,36,3,0.0,1,1,1,580187.01,0
696,South India,Male,48,10,0.0,2,0,1,419159.18,0
494,North India,Male,46,5,1137631.85,2,1,1,975081.52,0
671,North India,Male,36,7,0.0,3,1,1,726813.11,0
748,South India,Male,32,8,1116452.5,1,0,1,846723.84,0
691,East India,Male,46,9,599488.15,2,1,0,360819.93,0
616,South India,Female,43,5,0.0,2,1,0,944953.72,0
522,South India,Male,29,1,0.0,2,1,1,1570913.74,0
695,North India,Male,27,5,405806.83,1,0,1,721610.61,0
818,North India,Male,18,0,0.0,2,1,1,364284.5,0
709,West India,Male,37,0,810723.51,1,1,1,542299.09,0
754,West India,Female,35,0,663039.07,2,1,0,1085827.9,0
733,South India,Male,48,5,2279320.95,1,0,0,254054.28,1
614,South India,Female,39,10,629435.78,1,1,1,811276.21,0
658,West India,Male,50,6,201648.7,2,0,0,1125792.62,0
728,North India,Female,28,0,495132.01,1,0,1,226784.75,1
507,South India,Male,48,2,8093338.52,1,1,1,898745.94,1
708,West India,Male,30,2,0.0,1,1,1,1604429.1,0
763,West India,Female,44,6,1051076.58,2,1,1,260437.74,1
645,North India,Male,19,3,261386.19,1,1,1,454636.89,0
723,North India,Male,38,8,1019543.54,2,1,0,236063.49,0
600,West India,Female,18,8,2696378.17,3,1,0,789272.49,1
653,North India,Male,33,9,284002.57,2,1,0,517837.97,0
625,West India,Male,40,3,169530.51,1,1,1,631196.03,0
691,North India,Female,30,2,0.0,2,1,0,432171.59,0
640,North India,Female,24,5,2622061.12,1,1,1,620596.73,0
499,North India,Female,45,8,473980.68,1,1,1,632875.54,0
585,East India,Male,34,9,10965907.67,1,1,1,414103.2,1
824,West India,Male,30,7,1680364.45,1,1,1,1354246.96,0
701,West India,Male,36,6,103843.93,1,1,0,1834356.72,0
461,South India,Male,65,6,0.0,2,0,1,702812.6,1
758,West India,Female,48,4,2270315.18,1,0,1,1195497.9,0
546,West India,Male,48,8,0.0,1,0,1,1662521.81,0
730,South India,Male,40,1,917469.39,2,1,1,661285.14,0
766,East India,Female,37,10,420444.8,2,1,1,196480.26,0
659,West India,Female,18,4,332429.86,1,1,1,557506.92,0
560,East India,Female,28,4,132319.92,1,0,1,455934.97,0
585,West India,Female,30,4,1286426.17,2,0,1,152461.78,1
706,West India,Female,18,7,0.0,2,1,0,425226.75,0
547,East India,Male,23,0,640143.99,2,1,1,206191.68,1
597,South India,Male,18,10,0.0,1,1,0,546439.27,0
696,West India,Male,35,3,0.0,1,1,0,1041866.44,0
591,North India,Male,45,0,175641.67,1,0,0,360991.41,0
777,West India,Female,48,4,793099.19,1,1,1,509027.17,0
556,West India,Male,40,6,531219.04,2,1,1,873308.32,1
354,West India,Male,25,1,1126649.74,1,1,1,337214.78,0
579,West India,Male,18,1,0.0,2,0,0,584884.65,1
677,South India,Male,18,6,1578403.7,1,1,1,730586.01,0
727,South India,Female,22,1,0.0,2,1,1,720808.49,0
613,North India,Female,26,10,0.0,2,1,1,397533.11,1
625,North India,Male,34,1,283364.49,1,1,1,306097.83,0
647,South India,Male,24,5,0.0,1,1,0,973778.26,0
806,South India,Female,39,4,0.0,1,1,1,575680.82,0
684,North India,Female,33,0,1528464.58,1,0,0,556221.5,0
605,North India,Male,36,10,0.0,1,1,0,819772.79,0
834,North India,Female,48,6,0.0,2,0,1,1030346.48,0
651,West India,Female,23,1,744039.12,3,0,1,598220.81,0
463,South India,Female,40,1,3229991.51,1,1,0,324339.76,1
525,North India,Female,35,2,284510.2,2,1,1,905533.83,0
700,West India,Female,32,8,0.0,1,0,1,510791.13,0
490,North India,Male,45,0,517962.11,1,1,0,371712.8,1
694,West India,Female,45,7,0.0,2,0,1,1288355.19,0
579,North India,Female,25,1,488669.57,1,1,0,424198.05,0
755,East India,Female,33,10,1393136.03,1,1,0,3494757.3,1
665,North India,Female,39,8,396662.96,1,0,1,829911.13,0
502,West India,Male,32,4,564501.64,2,0,1,250163.36,0
732,South India,Male,42,8,0.0,2,0,0,829576.92,0
772,North India,Male,39,10,0.0,1,0,0,821243.83,0
535,North India,Female,56,9,0.0,2,0,1,243742.37,0
577,South India,Male,19,8,728795.91,2,0,1,248709.47,1
695,West India,Male,34,4,261630.85,2,1,1,377957.23,0
711,North India,Male,26,1,294702.76,2,1,1,457972.39,0
861,West India,Female,42,8,2547611.87,1,1,0,668958.13,0
730,West India,Female,18,7,413814.21,1,1,1,889133.57,0
866,North India,Female,39,2,149614.47,1,1,0,529236.42,1
651,North India,Female,29,0,0.0,1,1,1,580908.48,0
684,East India,Female,27,4,689114.81,1,0,0,933038.04,0
598,North India,Female,20,1,114151.1,2,1,0,586352.27,0
602,North India,Male,30,8,0.0,1,1,1,556153.6,0
663,West India,Male,47,4,0.0,3,0,1,453277.71,0
597,North India,Female,35,6,150966.31,1,0,0,787246.81,0
419,South India,Female,42,0,233682.13,2,0,0,831052.87,0
589,North India,Female,54,0,150137.59,1,0,1,859005.77,0
746,East India,Male,38,7,5034710.12,2,1,1,732107.7,1
656,South India,Male,29,7,1967485.5,2,1,0,260103.92,0
657,East India,Male,41,7,0.0,1,1,0,368542.36,0
581,South India,Male,30,6,0.0,3,1,1,282554.17,0
679,North India,Male,30,4,754270.26,1,1,0,453086.19,0
799,East India,Male,19,0,449745.63,1,0,1,517514.67,0
776,North India,Male,46,7,927294.73,3,1,0,1295772.88,0
682,South India,Female,31,9,337356.21,2,1,0,593873.21,0
573,North India,Female,38,10,807705.11,1,1,0,748251.15,0
809,East India,Female,24,6,441137.25,2,1,0,398053.64,0
745,North India,Female,40,2,0.0,2,1,1,829605.07,0
516,West India,Male,27,6,971488.7,2,0,1,1624949.31,1
491,South India,Female,34,4,594921.72,1,0,0,389682.52,1
521,North India,Male,45,9,0.0,1,1,1,298003.42,0
605,North India,Male,44,10,639571.28,1,1,1,565603.76,1
731,East India,Male,35,9,146075.72,2,0,1,576195.29,0
729,West India,Male,18,9,2287861.94,2,1,1,495286.57,0
680,West India,Female,68,3,2295407.03,2,0,0,351509.51,0
637,South India,Male,55,0,269270.5,1,1,0,884608.25,0
863,North India,Female,43,9,856111.5,2,1,1,1323193.68,0
653,West India,Female,27,1,734347.56,1,0,0,199655.3,1
642,South India,Male,34,1,0.0,1,1,1,290615.24,1
604,West India,Male,30,9,0.0,2,1,1,394610.08,0
849,South India,Female,49,1,3213627.29,1,1,0,542450.75,0
714,East India,Male,38,8,0.0,2,1,0,571035.32,0
556,North India,Male,27,5,510461.94,2,1,1,792293.95,1
546,North India,Female,30,4,0.0,2,1,0,967068.1,0
498,East India,Female,48,9,1657666.69,2,1,0,1687708.1,0
641,South India,Female,53,3,2018307.01,1,1,0,498108.89,0
515,North India,Male,52,8,0.0,1,0,0,659070.29,1
544,West India,Male,44,8,76862.8,2,0,1,788888.66,0
746,South India,Male,33,9,487930.36,2,1,1,443443.79,0
730,North India,Male,18,6,0.0,1,0,0,865406.15,0
784,West India,Male,39,4,341461.47,1,1,0,987355.44,0
517,North India,Male,35,5,583479.85,1,0,0,320026.98,0
559,North India,Female,37,2,597327.78,2,1,1,435230.23,0
593,North India,Female,36,1,345561.16,3,1,0,333139.93,1
797,South India,Female,21,9,0.0,2,1,0,553463.13,0
655,North India,Female,42,9,495211.98,2,1,1,423226.93,0
813,West India,Male,42,3,566600.54,1,1,1,560630.45,0
706,South India,Male,43,2,457960.04,1,0,0,838728.36,0
639,North India,Female,46,3,1937039.83,2,1,0,476972.83,1
701,West India,Female,42,9,0.0,2,1,0,1152028.53,0
494,West India,Male,31,10,339842.79,2,0,1,418888.4,0
465,South India,Male,35,0,787619.7,2,0,0,419098.01,0
673,North India,Female,37,0,484343.02,1,1,0,757377.06,0
651,North India,Male,37,5,885257.16,1,0,1,663823.65,0
824,West India,Male,46,10,1022507.23,1,1,0,475928.55,0
525,North India,Male,43,9,1038725.29,4,1,0,1050478.68,0
683,North India,Female,58,3,2219578.6,2,1,1,516871.73,0
712,South India,Male,60,1,628589.67,1,0,0,688208.68,1
680,North India,Female,36,2,1114925.04,1,0,0,352055.09,1
748,East India,Male,18,7,492661.36,1,1,0,746781.7,0
593,West India,Male,49,5,0.0,1,1,0,310515.63,1
724,South India,Female,30,1,562628.57,1,1,0,393722.79,0
700,West India,Male,27,6,389234.53,2,1,1,1022388.39,0
754,South India,Male,31,1,433352.3,2,1,1,568376.95,0
603,West India,Male,31,0,302062.96,2,1,0,1055136.79,0
543,South India,Female,42,4,1306030.32,1,1,1,1383716.71,0
593,North India,Male,18,9,0.0,2,1,1,554911.54,0
554,East India,Male,24,8,940920.46,2,1,0,510273.58,0
599,West India,Female,39,4,0.0,1,0,0,1058721.72,1
619,East India,Male,42,0,219472.43,1,1,0,758721.59,0
567,West India,Male,43,1,0.0,3,1,1,423972.71,0
650,South India,Female,27,3,1921462.61,4,0,0,828612.39,1
543,North India,Male,25,4,219087.51,1,1,0,190887.7,0
643,North India,Male,30,1,172986.28,1,0,1,458488.14,0
605,North India,Female,38,2,0.0,4,1,0,481655.23,0
639,North India,Female,52,5,0.0,1,0,0,577366.79,0
685,South India,Male,18,5,160952.79,3,1,1,535984.1,0
612,West India,Female,33,9,250759.65,2,1,1,657300.99,0
579,North India,Female,21,0,1814904.0,2,1,0,832197.28,0
591,South India,Male,18,9,0.0,2,1,0,370968.3,0
742,North India,Male,46,7,0.0,4,1,0,604006.82,1
764,West India,Male,41,10,973063.86,1,1,1,683046.22,0
603,East India,Female,40,5,0.0,2,0,1,376745.34,1
636,West India,Male,46,2,1252755.71,2,1,0,866959.91,0
496,North India,Female,30,1,1579040.97,2,1,0,680983.46,0
633,South India,Female,31,10,0.0,2,0,0,425174.31,0
519,West India,Male,60,8,120972.22,1,1,0,205007.58,0
606,South India,Male,33,10,153134.1,1,1,1,869754.6,0
746,East India,Female,44,7,0.0,1,0,1,1064716.76,0
514,North India,Male,36,2,2632772.14,1,1,1,716283.15,0
568,North India,Male,18,6,658485.99,1,0,1,288234.08,0
569,North India,Female,18,6,303029.22,1,1,1,504741.88,0
499,West India,Male,29,0,1428234.22,2,0,1,772775.23,0
727,South India,Male,47,5,240926.2,1,0,1,1764329.97,0
674,North India,Male,44,2,3493240.66,2,1,0,549156.12,0
812,North India,Male,46,9,811982.29,1,1,0,574366.93,0
560,South India,Male,25,2,0.0,1,1,1,651402.98,0
490,East India,Female,53,4,553689.08,1,1,1,866045.35,0
734,South India,Female,25,5,292850.06,1,1,0,286458.73,0
617,North India,Male,38,8,842241.67,3,0,0,916734.23,0
608,South India,Male,35,4,640108.17,2,1,0,757847.89,0
783,North India,Male,34,2,552613.61,1,1,1,683411.84,0
665,South India,Male,50,0,277377.22,3,1,0,1198484.69,0
731,South India,Male,28,2,4636437.14,1,1,0,288543.9,1
593,West India,Male,21,3,494659.96,2,1,1,451259.55,0
584,East India,Female,36,9,0.0,1,1,0,913924.56,0
617,North India,Male,31,6,710766.06,2,1,1,451800.1,1
710,West India,Male,73,4,1902599.19,1,0,1,1362889.14,0
654,East India,Male,43,2,7752092.28,2,1,1,577431.06,1
692,South India,Male,31,8,36417.17,2,0,1,496807.2,0
415,North India,Female,24,9,769154.17,2,0,0,1136602.44,0
480,West India,Male,18,5,1939550.75,1,1,1,814154.14,0
456,West India,Female,24,4,86724.94,3,0,1,910273.71,0
615,North India,Male,37,6,0.0,2,1,1,671609.26,0
524,South India,Female,51,9,1030051.61,2,1,0,674761.95,0
802,South India,Female,48,0,722422.19,2,1,0,865732.05,0
648,North India,Male,38,7,0.0,2,1,0,742981.08,0
669,West India,Male,32,6,0.0,1,0,1,979843.34,0
551,West India,Female,38,4,83738.16,2,1,0,1191883.27,1
549,West India,Male,30,5,142099.7,2,0,1,243809.79,0
789,South India,Female,54,8,0.0,2,1,1,310946.98,0
810,South India,Male,33,0,0.0,2,1,0,853011.97,0
687,South India,Male,35,10,1828972.81,1,0,0,397840.68,0
467,North India,Male,18,2,137741.28,2,1,0,633097.04,0
611,West India,Female,33,10,299734.41,2,1,1,287334.83,0
678,West India,Male,45,8,0.0,2,0,1,930529.38,0
629,West India,Male,24,2,626229.84,2,1,1,159319.31,0
459,West India,Female,27,5,524229.55,1,1,0,855945.35,0
816,South India,Male,44,9,1016149.0,2,1,1,765287.66,0
574,North India,Male,19,1,16795.57,1,1,1,438057.33,1
529,East India,Male,47,8,685071.03,1,1,0,501455.8,0
647,South India,Female,30,4,560773.05,1,1,0,777837.67,0
756,East India,Female,31,7,0.0,1,1,1,1353623.04,0
696,South India,Male,23,1,642004.2,1,1,1,876983.83,0
531,North India,Male,40,10,3667383.32,2,0,0,954766.94,1
516,West India,Female,63,7,144834.91,1,0,1,867950.34,1
452,West India,Female,44,4,0.0,2,0,0,966469.47,0
623,West India,Male,26,2,154834.75,2,1,1,347664.17,0
607,North India,Male,48,5,484039.74,2,1,0,375231.32,0
696,West India,Male,32,5,722908.82,2,0,1,343841.83,0
588,South India,Female,51,10,0.0,2,1,0,1434764.02,0
737,South India,Female,44,7,294694.76,1,0,1,334843.16,1
708,East India,Male,18,6,100178.08,1,0,1,1255388.09,0
584,West India,Male,24,8,107851.86,2,1,1,888370.04,0
685,North India,Male,46,0,0.0,2,1,1,593291.46,0
769,South India,Male,37,7,806394.94,2,1,0,637608.18,0
563,South India,Male,24,0,380226.88,1,1,1,349694.33,1
630,West India,Female,29,8,593727.33,2,0,1,803569.28,0
629,North India,Male,18,10,414364.71,2,1,0,1093429.35,0
617,West India,Female,35,9,1081843.41,1,1,1,548576.64,1
722,West India,Male,60,2,498060.58,2,1,0,1190440.83,1
729,North India,Female,44,2,154284.86,2,1,1,664679.47,0
686,North India,Male,60,2,487216.38,2,1,1,664307.96,0
682,South India,Male,45,0,427370.97,1,0,0,954508.3,0
599,West India,Female,47,6,110402.44,1,1,0,525626.21,0
679,South India,Male,57,3,1006734.09,2,1,0,457770.78,0
534,West India,Female,40,2,962991.14,1,1,0,593186.99,0
873,South India,Female,33,4,0.0,1,0,0,1066394.7,0
771,West India,Male,47,0,0.0,2,1,0,673881.68,0
736,North India,Male,51,10,391757.55,2,1,0,595691.66,0
686,North India,Female,30,4,0.0,3,1,0,588650.48,0
686,West India,Female,28,1,817912.94,1,1,0,575555.48,0
497,West India,Female,37,7,498711.16,1,1,0,264629.03,0
536,South India,Male,45,8,1797261.4,1,0,1,319557.47,0
547,South India,Female,44,8,1437980.73,3,1,0,394427.58,0
655,South India,Female,20,2,361005.57,2,1,1,936758.88,0
624,North India,Female,57,7,0.0,2,0,1,270634.99,0
723,West India,Female,28,1,0.0,2,1,1,180090.12,0
563,South India,Male,33,0,1593568.3,2,1,1,549488.32,0
742,South India,Male,26,0,960219.09,1,1,0,590693.09,0
576,South India,Female,65,6,413944.94,2,0,1,2041167.09,1
612,West India,Female,38,10,0.0,1,1,1,909964.28,0
730,North India,Male,26,0,46513.99,1,1,0,1016685.75,0
695,South India,Female,45,5,0.0,1,1,1,717880.05,0
537,South India,Female,44,7,681280.84,1,0,1,916464.88,1
745,West India,Female,33,9,0.0,2,1,1,466436.75,0
658,South India,Female,45,3,102331.01,3,0,1,298535.58,0
457,North India,Female,26,1,474650.43,1,1,1,1260186.63,0
574,East India,Female,30,10,3027663.86,2,0,0,256098.56,1
613,South India,Female,18,10,230047.54,1,1,1,805387.82,0
544,North India,Male,21,3,183653.95,1,1,0,616358.45,1
770,West India,Male,55,8,0.0,2,1,1,586352.81,0
616,West India,Male,54,1,903875.26,1,0,1,947520.66,1
691,South India,Male,36,4,128159.0,1,0,0,290901.34,0
668,South India,Male,54,10,370013.23,1,1,1,407598.69,0
713,North India,Female,34,1,74237.53,3,0,1,492676.4,0
800,South India,Female,33,0,0.0,1,1,1,307295.03,0
710,North India,Male,36,8,1444812.34,1,0,0,396518.24,0
806,South India,Female,34,4,777123.14,1,0,0,536476.77,0
713,South India,Male,33,5,1235918.99,1,1,1,313731.93,0
661,South India,Male,48,5,521630.41,2,0,1,575597.72,0
678,South India,Female,37,7,350337.32,1,1,0,167045.69,1
413,South India,Male,43,3,50044.36,2,1,1,410354.83,1
609,North India,Female,47,0,2615636.41,1,1,0,330684.92,0
637,North India,Male,40,6,0.0,2,0,0,630394.17,1
689,North India,Male,25,5,1915787.68,1,1,0,1069531.99,0
647,North India,Female,21,6,554681.21,2,1,0,399256.01,0
680,West India,Male,37,7,0.0,1,0,1,354603.49,0
530,West India,Female,34,4,1856801.79,3,1,0,944077.51,0
507,West India,Male,36,5,0.0,2,1,1,828439.89,0
543,South India,Male,35,1,1422047.04,2,1,1,489427.8,0
791,North India,Female,64,4,0.0,2,0,0,346523.02,0
535,West India,Female,21,2,1791553.06,2,0,0,613467.03,0
579,South India,Male,18,4,850238.41,1,0,0,483318.33,0
659,North India,Male,39,8,0.0,1,0,1,605365.87,0
506,East India,Female,31,2,123245.27,4,1,1,138628.83,0
571,North India,Male,39,2,1593220.92,1,1,1,292684.03,0
710,South India,Male,42,0,410229.74,2,0,0,842972.56,0
610,South India,Female,50,0,0.0,1,1,0,152175.79,0
801,West India,Male,19,6,562950.68,1,1,1,767972.99,0
497,East India,Male,29,8,0.0,1,0,1,1051064.42,1
618,East India,Male,40,1,53806.26,2,1,1,1169130.58,1
610,South India,Female,44,1,0.0,2,0,0,448654.22,0
649,West India,Female,60,0,248014.28,2,1,0,241795.19,0
539,North India,Female,46,4,0.0,2,1,0,808218.29,0
597,South India,Male,35,9,275249.32,1,1,1,728942.35,0
721,West India,Male,26,6,221300.3,1,1,0,459950.96,0
625,South India,Male,29,0,0.0,2,0,1,617681.26,0
553,North India,Male,29,10,270074.72,3,1,0,1928697.94,0
837,North India,Male,43,7,0.0,2,1,1,454282.68,0
654,South India,Male,38,0,0.0,2,1,1,592754.07,0
705,North India,Female,21,0,621959.93,2,1,0,303940.62,0
718,South India,Female,31,3,97855.74,1,0,0,1298088.67,0
643,North India,Male,45,1,680996.89,2,0,1,1148641.92,1
578,North India,Female,39,8,1081789.23,2,1,0,803943.67,0
667,North India,Female,42,9,164137.76,2,0,0,536861.67,0
586,West India,Male,40,1,70798.93,1,1,0,865344.68,0
683,West India,Male,53,6,661026.35,2,1,0,707057.06,0
635,South India,Female,38,1,871271.95,2,1,1,567552.63,1
742,South India,Male,31,0,3711811.44,1,1,0,423448.6,1
547,South India,Male,25,8,548166.71,1,1,0,751282.96,0
714,West India,Male,38,10,0.0,2,1,1,1103777.31,1
705,East India,Male,18,3,2996424.55,2,1,1,612160.09,0
628,North India,Female,33,6,112731.05,2,1,1,407847.46,0
715,North India,Female,33,0,1747600.07,3,1,0,907489.79,0
687,West India,Male,20,7,130181.8,1,1,0,1002392.52,0
710,North India,Female,25,5,141936.14,1,1,0,427404.52,0
704,East India,Female,44,1,242646.42,1,1,0,2074530.35,0
654,West India,Female,38,8,35715.8,2,1,1,1089014.27,0
596,South India,Male,37,0,638461.02,2,1,1,499368.81,1
595,South India,Female,39,8,146374.43,2,1,1,432135.62,0
630,West India,Male,37,9,0.0,1,1,0,567123.16,0
725,North India,Male,49,1,1526234.46,2,1,1,356189.58,0
706,West India,Male,37,5,726886.5,1,0,0,677549.98,0
740,North India,Male,19,8,672809.68,1,1,0,581901.51,0
749,East India,Male,53,2,1947146.02,2,1,1,336650.98,0
630,North India,Male,40,2,321708.61,1,1,0,381034.08,0
826,West India,Female,29,2,297467.68,3,0,0,446828.14,0
640,North India,Male,22,8,77323.86,2,1,0,440842.96,0
605,South India,Female,40,1,583947.9,2,1,0,503660.76,0
679,South India,Female,34,3,0.0,1,0,1,191398.57,0
693,North India,Male,53,7,0.0,1,1,0,373459.01,0
583,South India,Male,32,10,0.0,1,1,0,433419.95,0
635,North India,Female,26,7,350459.51,2,0,0,788625.24,0
609,South India,Male,45,4,1229541.94,2,0,1,2073765.31,0
662,South India,Female,46,1,35326.27,1,1,1,519543.27,0
721,West India,Female,37,5,152330.01,2,0,0,563295.02,1
626,North India,Male,43,7,0.0,1,0,0,356713.81,1
701,North India,Male,35,1,820419.71,2,0,1,511341.26,1
525,South India,Male,38,3,0.0,2,1,0,1153280.0,0
730,West India,Female,48,3,637163.85,2,1,0,465783.06,0
609,West India,Female,42,8,378052.26,1,0,1,2161977.74,0
607,South India,Female,34,9,808498.34,1,1,1,403673.5,0
686,West India,Male,50,0,0.0,2,1,1,842042.42,0
690,West India,Male,18,8,395145.13,3,1,1,1037587.57,0
639,North India,Male,58,7,0.0,2,1,1,257704.42,0
570,North India,Female,18,0,571957.42,2,1,0,812229.92,0
606,North India,Male,29,9,0.0,1,0,1,623520.94,0
658,North India,Male,35,5,0.0,2,1,1,505701.21,0
694,South India,Female,34,10,99516.29,2,0,1,321400.84,0
575,South India,Male,47,9,641162.26,4,1,0,965186.04,1
592,South India,Male,24,1,223260.06,2,0,0,155789.12,0
673,North India,Male,38,2,0.0,2,0,1,601550.55,0
642,West India,Male,29,4,2719917.8,4,0,0,518654.94,1
663,South India,Female,39,7,1460931.65,2,1,0,208062.18,1
414,South India,Male,35,5,0.0,1,0,0,370697.88,0
623,East India,Male,37,8,759252.16,3,1,1,649135.21,0
726,North India,Male,29,10,0.0,1,1,1,3055003.17,1
594,South India,Male,30,0,0.0,2,1,0,337322.39,1
693,West India,Male,39,4,666930.6,1,0,1,829959.58,0
541,West India,Male,46,3,281733.8,1,1,1,315456.82,0
509,North India,Female,29,7,217428.51,2,1,1,177976.9,0
687,West India,Male,26,4,163843.86,1,1,0,1335116.7,0
645,East India,Female,42,8,351497.56,2,0,0,521119.78,1
619,South India,Male,35,1,0.0,1,0,1,411660.71,0
726,North India,Female,45,7,612465.42,1,1,1,662364.08,0
621,West India,Male,26,0,379591.58,2,1,1,404529.37,0
593,North India,Male,18,7,0.0,2,1,1,282604.55,0
583,South India,Female,30,8,0.0,3,1,1,1379392.65,0
564,West India,Male,27,10,84605.39,1,0,0,255513.79,0
691,South India,Male,35,2,0.0,2,1,1,1567025.71,0
621,North India,Male,28,1,391383.16,2,1,1,626791.59,0
752,North India,Male,44,4,145275.11,1,1,1,983862.13,0
384,South India,Male,32,8,669211.2,1,1,1,581763.87,0
733,South India,Male,37,7,0.0,2,1,1,486855.76,0
682,West India,Female,37,0,2031234.69,2,0,1,416732.08,1
641,West India,Female,38,0,3817170.31,1,0,1,2266895.7,0
533,South India,Female,35,7,505630.84,1,1,0,657870.48,0
500,East India,Male,41,2,494310.64,1,1,0,1120044.99,0
717,East India,Male,27,0,0.0,1,1,1,827978.4,0
671,North India,Female,51,9,865953.35,1,0,1,763307.94,0
670,North India,Male,33,0,2562266.81,2,0,1,707399.91,0
640,North India,Female,21,3,391222.44,1,1,0,906141.62,0
726,North India,Male,38,5,211946.58,2,1,1,896374.28,0
597,North India,Male,26,8,0.0,3,1,0,693291.73,0
619,South India,Female,43,4,974379.18,1,0,0,294439.12,0
634,North India,Female,60,6,0.0,2,1,0,659457.9,0
630,North India,Female,27,8,1328924.87,1,0,0,347057.18,0
770,North India,Female,39,4,407890.21,1,1,0,2272124.15,0
537,North India,Female,18,6,398083.88,2,1,1,1358092.99,0
474,South India,Male,40,8,16163781.68,2,1,1,504908.64,1
519,North India,Female,26,5,80099.43,2,0,1,260802.51,0
711,East India,Female,29,8,1617925.89,1,0,1,1755983.32,0
640,North India,Female,23,5,370529.33,1,0,0,283790.17,0
506,East India,Male,44,10,0.0,1,0,0,919644.7,1
658,North India,Female,47,5,0.0,1,1,1,1763027.82,1
620,South India,Male,36,2,102659.89,1,0,1,644022.27,0
700,North India,Male,26,4,409486.1,2,0,0,536762.8,0
721,West India,Male,53,6,453499.81,3,1,1,1175850.41,0
876,North India,Male,27,1,478927.3,1,0,0,1550455.86,0
543,East India,Male,18,5,594420.65,1,0,0,575554.76,0
482,North India,Female,41,1,423079.44,2,1,0,283989.17,0
703,North India,Female,23,8,550278.85,1,1,1,481804.54,0
738,South India,Male,46,9,845160.62,2,1,1,476281.17,0
535,West India,Female,31,2,5322617.78,3,1,0,1868090.67,1
535,East India,Male,42,6,0.0,2,1,1,943972.26,0
680,South India,Male,51,6,329372.76,1,1,0,1297233.09,0
804,West India,Male,22,4,2087521.9,4,0,0,771880.56,0
571,West India,Female,29,9,293078.22,2,1,0,182668.52,0
657,South India,Male,35,1,0.0,2,0,1,642181.48,0
479,West India,Male,52,4,0.0,3,0,0,524462.43,0
632,North India,Male,28,1,1177986.56,1,1,1,608517.84,0
639,South India,Female,29,2,4745480.11,1,1,1,529654.62,0
782,West India,Female,41,7,0.0,1,1,1,543919.4,0
586,South India,Male,29,5,0.0,1,1,0,256123.75,1
711,West India,Male,37,9,2973963.52,2,0,1,320561.36,0
580,West India,Female,18,9,505334.04,1,1,0,1037703.22,0
658,West India,Female,60,9,2456072.22,2,0,1,529892.34,0
836,North India,Male,21,3,268255.59,1,0,1,874694.3,0
811,North India,Female,32,7,0.0,2,1,0,896674.84,0
826,North India,Female,35,9,0.0,1,1,1,411954.35,0
685,East India,Male,57,8,491232.65,2,1,0,923915.55,0
631,North India,Male,21,4,290700.69,3,1,1,1180249.73,1
675,South India,Male,57,0,0.0,1,1,1,1089333.74,0
691,North India,Female,44,5,531404.3,1,0,0,430544.29,0
685,North India,Male,40,8,3438737.34,2,1,1,615946.99,1
585,North India,Male,25,5,0.0,1,1,0,409239.72,0
582,North India,Female,42,5,202498.06,1,1,1,395420.86,0
596,South India,Female,28,4,372192.02,3,0,0,1476982.99,1
746,East India,Male,49,6,0.0,2,1,0,813917.68,0
756,West India,Male,25,3,901334.31,3,1,0,206114.73,0
900,West India,Male,34,3,244215.99,4,0,1,771401.89,0
688,South India,Female,29,3,1540241.41,1,1,1,490000.48,0
579,West India,Female,25,8,0.0,2,1,0,878864.73,0
606,East India,Male,44,9,4171542.16,1,1,0,574672.9,0
635,East India,Female,41,2,1050636.14,2,0,1,917071.15,0
785,North India,Female,49,9,140467.99,2,1,0,363527.8,0
715,West India,Male,18,2,616481.07,3,1,0,437725.84,0
528,North India,Female,47,10,2936606.41,4,0,1,1151108.1,1
644,South India,Male,63,2,479144.82,2,0,1,636847.91,0
517,North India,Female,31,2,139905.13,2,1,1,734427.06,0
703,West India,Male,56,7,865881.53,2,1,1,800620.91,1
586,South India,Male,33,8,761986.47,2,1,0,1734908.72,0
594,North India,Male,20,7,242599.25,2,1,1,329046.15,0
480,West India,Female,32,3,746362.27,1,1,0,1012488.29,0
718,South India,Male,47,9,1016331.62,2,0,0,737967.59,0
758,North India,Male,26,6,0.0,2,1,0,723093.06,1
587,South India,Female,29,3,0.0,2,1,0,506831.52,0
635,South India,Female,42,9,1998110.01,1,0,0,545566.4,0
606,North India,Female,36,0,0.0,2,0,0,846938.31,0
630,North India,Male,42,6,996503.18,2,1,0,727602.59,0
576,East India,Female,38,2,185535.1,1,1,0,409867.33,0
550,West India,Male,41,4,196198.74,1,1,1,620830.83,0
773,North India,Male,31,2,3710761.75,1,1,0,240847.57,1
412,South India,Male,38,0,0.0,2,0,0,561749.51,0
695,South India,Male,25,8,678060.91,1,1,0,941207.78,1
675,South India,Male,50,1,214345.74,1,1,1,632842.75,1
798,South India,Male,29,1,1472389.57,1,0,1,521307.19,1
628,North India,Female,48,5,0.0,1,0,1,1089807.67,0
616,North India,Male,33,0,1327843.64,2,0,1,368922.58,0
577,North India,Male,38,7,0.0,1,1,1,1395829.6,0
682,South India,Male,30,3,1299328.78,3,0,0,818874.34,1
586,East India,Female,24,2,0.0,3,0,1,1715473.41,0
548,East India,Male,18,4,0.0,2,1,1,600529.01,1
583,East India,Male,24,7,0.0,1,1,0,613814.55,0
564,East India,Male,32,0,1353728.44,1,0,0,588183.36,0
559,North India,Female,38,4,728230.74,2,1,0,914341.44,0
657,West India,Male,47,8,842944.35,1,1,1,387395.28,0
632,North India,Male,31,1,131008.96,2,0,0,409201.32,0
699,West India,Male,26,7,1306975.56,1,1,0,571799.04,1
663,West India,Female,20,1,244420.07,1,1,0,560869.07,1
541,South India,Male,41,6,2232482.55,1,1,0,761630.22,0
458,South India,Female,51,8,475556.93,3,1,1,1253673.75,0
554,North India,Male,49,4,481488.62,2,1,1,1134450.3,0
718,North India,Female,43,10,0.0,1,1,0,243498.09,0
716,East India,Female,43,8,124621.42,1,1,1,506359.3,0
738,West India,Female,54,0,516439.97,2,1,1,1038279.83,0
725,North India,Male,39,6,289125.55,2,1,0,1022153.68,0
747,North India,Male,43,3,614326.32,1,1,0,372566.42,0
686,North India,Male,32,6,70753.42,1,0,0,880672.71,0
812,East India,Female,21,0,0.0,1,0,1,423904.5,0
676,East India,Female,28,6,817996.73,2,0,0,170714.58,1
829,South India,Male,35,6,304030.36,2,1,1,375163.22,0
593,West India,Female,36,9,213288.12,2,1,0,332884.84,0
591,West India,Male,57,9,0.0,2,1,0,818835.34,0
632,North India,Female,36,6,118587.16,3,0,1,554117.29,0
646,East India,Male,48,9,254945.98,2,0,0,923541.19,0
621,South India,Male,31,1,256311.54,1,1,0,900679.47,0
698,North India,Male,32,5,0.0,2,1,1,308351.09,0
640,South India,Female,21,2,334287.79,1,1,1,1011685.84,0
595,South India,Female,27,10,205956.76,1,0,1,337845.5,0
614,South India,Male,41,5,0.0,2,1,0,1094443.22,0
759,West India,Male,36,4,0.0,1,0,1,803007.61,0
678,West India,Male,46,10,1341107.7,1,1,1,454652.36,0
499,West India,Male,37,3,1057723.08,2,1,0,722459.83,0
785,South India,Male,32,7,308879.7,1,1,0,126161.14,0
689,South India,Male,59,1,413324.75,1,1,1,1816027.03,0
707,North India,Male,34,6,241182.61,1,0,1,820113.61,0
733,South India,Female,48,3,748812.39,1,1,0,1240943.69,0
738,North India,Female,31,6,923889.34,1,1,0,787181.86,1
567,East India,Male,43,4,101669.37,2,1,1,719517.83,1
553,East India,Female,46,4,562257.96,1,1,0,400316.32,0
865,North India,Male,38,8,0.0,1,1,0,386664.29,0
587,West India,Female,18,4,1096426.93,2,0,0,155781.61,1
684,West India,Male,36,7,269455.46,1,1,1,597375.17,0
796,East India,Female,49,6,166435.58,2,1,0,434359.64,0
610,South India,Male,41,3,0.0,2,0,1,386454.84,0
617,West India,Male,40,7,1235830.65,2,1,0,526766.75,0
733,South India,Female,18,6,282341.53,2,1,0,934625.07,0
669,North India,Male,28,3,121670.98,1,1,1,573174.76,0
694,North India,Male,40,5,109610.61,1,0,0,813424.04,0
642,North India,Female,40,6,496284.51,2,1,0,724479.96,0
602,North India,Female,49,9,756718.54,2,1,1,755275.1,0
620,North India,Male,34,10,0.0,2,0,0,657213.08,0
757,West India,Male,40,6,0.0,1,1,1,691593.34,0
623,West India,Male,36,7,750112.84,1,1,1,439102.48,0
688,East India,Female,25,8,0.0,2,1,0,832554.02,0
562,North India,Male,18,4,0.0,2,1,1,282163.38,0
833,East India,Female,40,1,718999.77,1,0,1,182144.97,1
678,South India,Male,37,9,101221.33,1,0,1,1007291.79,0
680,South India,Male,29,4,0.0,1,1,1,450597.41,0
733,West India,Male,18,10,495896.84,1,0,1,1293264.19,0
606,West India,Male,42,6,2866491.93,1,1,0,757929.12,0
757,North India,Female,33,2,0.0,1,1,1,512657.53,0
513,West India,Male,42,9,366609.3,2,1,0,879814.44,0
594,West India,Female,56,4,95217.32,3,1,0,552268.78,1
577,East India,Male,18,5,998371.28,1,1,0,569541.01,0
480,East India,Male,28,5,0.0,2,0,1,351641.4,0
602,West India,Male,33,3,0.0,2,1,0,731146.42,0
645,West India,Female,52,2,3175273.84,1,0,1,359039.38,1
551,East India,Female,18,10,0.0,1,0,0,1283730.81,0
538,East India,Male,57,3,0.0,2,1,0,372347.03,0
653,West India,Female,37,0,503146.23,1,1,1,396055.57,0
642,West India,Male,34,7,0.0,2,1,1,299939.42,0
626,North India,Female,33,2,830155.86,2,1,1,708243.09,0
536,West India,Female,31,3,820249.0,2,1,1,724450.35,0
614,North India,Female,47,10,294928.16,1,0,0,498391.16,0
590,South India,Female,24,8,1294940.99,1,1,0,762311.78,0
657,South India,Female,39,9,309978.95,1,0,1,568485.04,0
599,North India,Female,31,8,405119.55,2,1,1,442685.14,0
646,North India,Male,27,5,93903.55,4,0,1,263344.32,0
532,West India,Male,64,3,1142719.53,2,1,0,512074.02,0
524,West India,Female,40,10,148531.08,2,1,0,512709.06,1
700,South India,Female,42,7,0.0,4,0,0,685761.13,0
718,West India,Male,48,6,262538.07,1,1,0,235209.07,0
614,East India,Male,20,5,219353.67,1,0,0,1172762.77,0
652,South India,Female,55,5,0.0,1,1,1,921078.24,0
609,South India,Female,18,8,1075576.58,1,1,0,822756.93,0
748,South India,Male,27,3,195060.54,2,1,0,805169.79,0
631,East India,Male,30,5,3001036.56,1,0,0,373962.07,1
605,South India,Male,42,1,0.0,2,1,0,725953.05,0
736,East India,Male,38,8,78458.4,1,0,0,476560.14,0
580,North India,Female,34,6,93684.24,3,1,0,603271.22,0
664,North India,Female,35,7,1001562.73,2,0,0,1138805.83,0
555,North India,Male,25,1,90981.82,2,0,1,442749.77,0
709,South India,Male,19,4,2097289.62,2,0,1,1127605.45,0
723,South India,Female,43,8,867658.52,3,1,1,521413.8,1
534,South India,Male,43,2,8791169.63,2,0,1,324451.06,0
519,South India,Male,53,6,0.0,2,0,1,886258.89,0
675,South India,Female,27,4,166882.0,1,1,0,888930.77,0
824,West India,Female,43,5,0.0,2,1,1,583467.6,0
729,West India,Male,32,4,956398.87,2,1,0,336684.84,0
630,West India,Female,49,5,670386.72,1,1,1,1039836.55,0
573,East India,Male,47,8,3239901.92,2,0,1,519485.0,1
540,South India,Male,38,6,171250.19,1,1,0,876097.26,0
714,North India,Male,32,0,1841705.91,1,1,0,312152.88,1
733,North India,Male,46,8,0.0,1,1,1,2057830.97,0
593,North India,Male,43,1,2773028.84,3,0,0,1054918.42,0
627,South India,Male,28,3,2079489.62,2,1,1,1060790.96,0
654,East India,Female,21,3,206956.34,3,1,0,305939.84,0
813,West India,Female,32,4,646211.43,1,1,0,394900.92,0
655,North India,Male,52,9,0.0,2,1,0,1730656.25,0
561,South India,Male,48,3,439964.84,2,0,1,2787083.21,0
545,West India,Male,23,7,115458.15,1,1,0,381378.03,0
567,East India,Male,23,8,277700.97,4,0,0,530861.28,0
763,North India,Male,50,10,0.0,1,1,0,409015.79,0
696,South India,Female,23,10,663210.72,1,1,1,1016412.19,0
618,East India,Male,41,1,841389.63,2,1,1,699380.5,0
386,East India,Male,29,8,283162.98,1,0,1,1290720.49,0
573,North India,Male,53,1,1176988.04,1,0,0,674051.25,1
680,North India,Male,27,2,0.0,2,1,0,989414.77,0
681,South India,Female,48,5,84641.04,2,1,0,532291.73,0
680,West India,Male,38,8,32484.04,1,0,1,1122729.75,0
528,North India,Male,38,6,122386.63,1,1,0,1585964.93,0
665,East India,Female,18,7,256978.18,1,1,1,1002383.92,0
562,North India,Male,18,1,506761.87,2,0,1,950113.75,0
650,South India,Male,33,8,3551215.9,2,1,0,1051229.51,0
580,West India,Female,38,5,226633.84,1,1,0,943237.8,0
746,North India,Female,23,2,1330217.05,1,1,1,519665.71,0
680,South India,Male,24,1,177487.9,1,1,1,359817.61,0
637,South India,Male,42,1,919693.6,2,1,1,275233.65,1
774,West India,Female,42,9,0.0,2,1,1,618868.12,0
616,North India,Male,34,8,2249654.95,1,1,1,510838.34,0
522,South India,Male,44,3,2669021.29,1,1,0,731590.77,1
745,West India,Male,23,7,3105831.25,1,1,1,711682.81,0
672,South India,Male,32,10,426920.06,1,1,1,597290.94,0
621,East India,Male,54,6,794985.06,2,1,0,700181.65,0
592,South India,Male,36,4,0.0,1,1,1,491628.81,0
695,South India,Female,37,10,0.0,4,0,0,402273.83,0
723,South India,Male,61,3,1314612.52,1,1,1,556200.23,0
580,West India,Male,20,5,500975.58,2,0,1,856767.44,0
700,North India,Male,44,9,697172.49,1,1,0,1285091.29,0
672,West India,Female,54,7,0.0,1,0,1,1974647.99,0
575,North India,Male,32,4,0.0,2,1,0,972861.27,0
650,South India,Male,45,1,157099.02,1,0,0,385946.61,1
600,South India,Male,25,3,495465.72,2,0,0,576767.22,0
761,North India,Male,28,10,189297.37,4,1,1,1004336.02,0
591,North India,Female,40,0,0.0,1,1,1,1039971.24,0
785,North India,Female,44,8,112461.06,1,0,1,267548.06,0
661,North India,Male,48,5,1696029.08,2,1,0,778788.07,0
492,West India,Female,53,6,0.0,1,0,1,254689.71,0
454,West India,Male,35,0,0.0,2,0,1,1154150.08,0
631,North India,Male,49,4,0.0,2,1,0,826077.09,0
770,North India,Male,32,8,0.0,1,1,0,100000.0,0
760,West India,Female,45,0,389093.49,1,1,0,989060.31,0
664,North India,Male,38,0,385585.25,1,0,1,1107208.97,0
583,East India,Male,40,10,141354.15,1,1,0,491459.6,0
612,North India,Male,40,1,0.0,2,0,1,1322328.14,1
668,West India,Male,18,2,1588742.93,1,0,1,549623.87,1
747,South India,Female,23,5,795982.59,2,1,0,713857.75,0
701,North India,Female,37,10,782650.09,2,0,1,569619.94,0
737,North India,Female,18,5,0.0,2,1,0,610648.19,0
707,West India,Female,45,9,0.0,2,1,0,1016914.02,0
734,North India,Female,45,9,71870.45,1,0,1,303221.38,0
446,South India,Male,39,0,1362404.78,3,1,0,1040288.53,1
569,North India,Male,23,2,2017578.87,1,0,1,1573233.84,0
550,South India,Male,51,8,958292.75,2,1,1,311674.73,0
542,South India,Male,58,7,0.0,1,1,1,250078.43,0
650,South India,Male,37,10,0.0,1,1,0,892670.58,0
519,North India,Male,41,8,1032510.41,2,1,1,310466.43,0
565,South India,Male,38,10,1830453.82,2,1,1,654244.48,0
641,West India,Male,41,7,0.0,1,1,0,1752689.87,0
505,East India,Female,34,8,314719.59,2,1,1,1121807.69,0
606,West India,Male,35,6,1524727.88,2,0,1,1062112.02,0
707,North India,Male,45,9,0.0,1,1,0,574414.46,0
539,North India,Female,61,8,1167559.34,1,0,0,474808.31,1
721,North India,Male,20,2,129572.23,3,1,0,1012395.8,0
577,North India,Male,34,5,0.0,2,1,1,2432807.5,0
674,North India,Male,23,5,307659.83,2,1,0,743594.6,0
550,North India,Female,53,0,2615898.9,1,1,1,415244.09,0
690,North India,Female,29,10,604737.94,1,0,1,493047.58,0
622,North India,Female,20,9,110195.07,3,1,1,416572.24,0
691,North India,Male,43,9,391805.81,1,1,0,1456931.6,0
600,North India,Male,55,6,342193.48,1,0,1,1432742.57,0
700,North India,Male,43,2,2554089.91,2,1,1,585014.5,0
726,West India,Female,38,1,502349.34,1,1,1,384778.06,0
660,North India,Female,40,6,0.0,1,1,0,206200.18,0
606,North India,Male,51,9,8659372.23,3,1,0,441509.44,1
628,North India,Female,26,3,341442.77,2,1,1,1235162.32,0
536,South India,Male,34,6,1949917.06,2,1,0,505722.67,0
668,West India,Female,31,0,0.0,1,0,0,1236653.33,0
706,North India,Female,23,9,568326.07,2,1,1,384743.65,0
790,South India,Male,32,7,0.0,1,0,1,433578.32,0
767,West India,Female,48,1,1156234.58,1,1,0,817607.41,0
562,South India,Male,42,7,279488.07,1,0,0,377438.88,0
669,West India,Male,43,7,1846372.84,2,1,0,779429.48,0
638,West India,Female,37,8,2440019.72,1,1,0,397727.85,1
759,North India,Male,41,3,293394.94,1,1,1,729808.47,0
586,South India,Male,27,0,0.0,2,1,0,377334.24,0
729,West India,Female,32,9,520094.93,2,1,0,656472.17,0
561,East India,Female,38,7,67839.3,1,1,0,959310.59,0
640,West India,Male,39,8,240774.35,1,1,0,943550.09,0
570,North India,Male,39,10,352521.14,1,1,0,379036.51,0
473,North India,Female,34,8,323110.26,1,1,1,279609.59,0
568,West India,Male,31,5,73394.03,2,1,1,423931.84,0
626,South India,Female,70,7,745154.53,2,1,1,317967.82,0
778,South India,Male,45,7,195434.92,1,0,0,1065952.16,0
552,South India,Male,40,4,122378.61,1,1,0,300928.9,1
595,North India,Male,33,3,127232.73,2,1,0,375697.44,0
520,West India,Male,31,9,446162.5,2,1,0,988371.86,0
753,West India,Female,34,9,0.0,2,1,0,709845.68,0
608,South India,Male,39,10,0.0,1,1,1,2268416.08,0
619,South India,Male,18,1,1601621.79,1,1,1,378001.87,0
618,West India,Female,18,2,163038.83,2,1,0,273774.3,0
474,North India,Male,28,10,740612.73,1,1,0,518068.85,0
518,North India,Male,38,2,1382927.32,2,0,1,478214.19,0
564,North India,Male,33,5,0.0,1,0,1,679348.55,0
705,East India,Male,52,6,925948.03,1,0,1,338393.13,1
425,North India,Male,19,5,1567716.01,1,0,0,762916.85,1
698,North India,Male,27,10,1023546.7,2,0,1,533399.1,0
680,South India,Male,52,0,560518.89,2,0,1,1168002.15,1
486,North India,Female,37,6,0.0,2,0,1,975843.01,0
621,North India,Male,45,8,468150.75,1,0,0,557593.32,0
754,South India,Female,58,7,193228.35,1,1,0,506423.54,1
553,South India,Female,28,10,101992.09,3,0,1,605324.19,0
600,South India,Male,34,4,0.0,2,1,1,327815.87,0
898,West India,Male,33,3,262248.63,2,1,1,494548.72,0
679,West India,Male,18,4,263418.4,1,1,0,707473.05,0
626,South India,Male,32,2,243954.74,2,1,1,863974.54,0
607,South India,Female,45,8,663640.77,1,1,0,1420766.53,0
683,North India,Male,41,4,293154.79,2,1,0,1403063.73,0
711,South India,Female,42,6,116047.15,2,0,0,1206805.48,1
455,South India,Female,31,6,0.0,2,1,1,440326.81,0
448,North India,Male,28,0,209671.28,2,0,0,906513.55,0
560,North India,Male,49,5,485747.57,3,1,1,784713.27,0
636,North India,Male,30,3,571965.09,2,1,1,1062308.56,0
656,South India,Female,39,2,496815.86,1,1,1,1022014.65,0
496,South India,Female,37,2,0.0,3,1,1,451630.09,1
631,North India,Male,52,5,0.0,2,0,0,807598.93,0
643,East India,Male,46,0,0.0,2,1,1,561053.91,0
573,South India,Male,21,4,415358.56,2,0,1,1270520.65,0
601,West India,Female,22,3,410640.69,3,0,1,358111.17,0
584,South India,Female,42,9,0.0,1,0,1,605334.28,0
691,North India,Male,35,7,0.0,2,1,1,918349.06,0
650,East India,Male,30,8,400668.28,3,1,0,820297.99,0
547,West India,Male,47,7,0.0,1,1,0,286266.95,0
735,South India,Male,38,6,166976.26,2,1,1,861536.86,0
526,North India,Female,36,2,438497.87,3,0,0,934119.26,0
495,North India,Male,44,7,521801.16,2,1,0,337320.93,0
627,West India,Female,31,0,0.0,2,1,0,660457.49,0
627,North India,Male,53,3,0.0,1,1,1,675583.8,0
656,South India,Male,27,2,893567.21,1,1,0,476458.8,0
543,South India,Male,43,10,732700.53,1,0,1,550709.69,0
730,North India,Female,51,2,2059296.26,1,1,1,145357.59,1
804,West India,Female,20,1,630571.44,1,1,0,1080340.22,0
648,West India,Male,32,6,0.0,2,1,1,606629.48,0
678,South India,Male,48,9,0.0,1,0,0,776642.78,1
459,South India,Male,48,2,342335.36,1,0,0,451031.25,0
610,West India,Male,34,6,1317430.57,1,1,1,347250.49,1
587,South India,Female,27,1,197955.97,1,1,0,765699.21,0
572,South India,Male,46,2,2056660.74,2,1,1,782741.79,0
590,South India,Male,49,2,0.0,1,1,0,347912.19,0
599,North India,Female,23,6,508060.52,2,1,0,470811.23,0
519,East India,Male,22,9,220297.14,2,1,1,752147.89,0
606,South India,Male,38,3,492450.99,2,1,0,1111737.01,0
556,North India,Male,42,9,0.0,2,1,0,266106.96,0
720,West India,Female,32,6,335377.37,1,1,1,493460.94,0
679,South India,Male,43,2,135762.95,2,1,1,1349258.51,0
679,North India,Male,28,9,389599.53,2,1,0,367998.87,0
737,West India,Female,18,8,260237.0,2,0,0,718735.14,0
575,North India,Male,31,1,242969.98,2,1,1,335079.67,0
674,South India,Female,36,10,756550.3,2,0,1,366965.27,0
746,South India,Female,32,2,1645892.71,2,1,1,595583.91,0
569,North India,Female,23,5,602213.4,2,1,0,983809.3,1
467,West India,Female,18,10,0.0,2,0,1,392702.4,0
587,West India,Male,30,5,6637083.24,1,1,0,755858.75,1
736,West India,Male,45,5,934398.78,2,1,1,1636879.15,0
564,South India,Female,49,9,6339428.93,1,1,0,514257.64,1
608,East India,Male,49,7,618613.49,1,1,1,895489.43,0
579,North India,Female,27,7,0.0,2,0,1,587594.31,0
632,South India,Female,23,5,3624861.32,1,0,1,735360.96,0
555,East India,Male,41,7,2461030.88,2,1,0,1021894.95,0
516,North India,Male,42,0,4552819.77,1,1,1,270121.42,1
610,North India,Female,40,6,1572384.75,1,1,1,718880.49,0
625,East India,Female,18,2,298131.54,2,0,0,234583.23,0
750,East India,Female,26,2,0.0,1,0,1,1497617.18,0
655,West India,Female,35,8,0.0,2,1,1,985957.58,0
544,South India,Female,41,0,490334.49,2,1,0,775409.19,1
584,South India,Female,44,8,0.0,2,1,0,480973.53,0
714,North India,Male,37,4,121413.06,2,1,0,657141.16,0
611,South India,Female,39,8,251869.59,2,0,0,486184.92,0
551,South India,Male,36,0,630160.96,1,0,0,1055299.77,0
657,North India,Male,43,5,0.0,1,1,1,710992.07,1
578,South India,Male,39,0,574024.81,3,1,1,652761.66,0
693,South India,Male,36,0,2136214.25,2,1,1,660792.83,0
682,West India,Male,33,4,555140.42,2,0,0,1232915.5,1
546,South India,Male,36,10,0.0,2,1,1,571464.0,0
810,West India,Male,41,4,163670.6,4,1,1,752509.44,0
638,South India,Male,38,0,240073.23,2,1,1,843803.3,0
410,South India,Male,40,1,389645.47,2,0,1,1502558.7,0
684,South India,Female,50,2,0.0,2,1,0,547437.39,0
416,North India,Female,38,2,179997.73,1,0,0,894846.04,1
743,South India,Female,28,6,0.0,2,0,1,911718.03,0
655,West India,Male,45,1,1477713.57,1,0,0,1616340.17,0
636,South India,Female,20,2,0.0,1,0,1,729975.47,0
642,East India,Male,24,0,484220.2,1,1,0,579783.66,0
695,South India,Male,39,0,421919.5,1,1,1,655392.2,0
599,North India,Female,41,0,816526.59,1,1,0,219857.45,0
641,South India,Female,22,0,380407.44,4,1,0,550396.49,0
653,West India,Female,31,3,439039.42,1,1,0,1132278.94,0
383,South India,Female,29,0,796252.87,1,1,0,1080698.47,0
695,West India,Male,30,3,73655.58,1,1,1,723119.8,0
711,West India,Female,46,5,1718683.41,2,0,0,364010.24,1
683,North India,Female,43,2,556035.46,1,1,0,312571.12,0
676,North India,Female,35,2,189769.16,2,1,0,321635.81,0
786,South India,Female,29,10,343283.53,1,1,0,773007.44,0
638,North India,Male,21,4,1524870.28,2,1,0,376355.88,0
641,South India,Male,51,9,39349.75,2,1,1,763044.62,0
583,West India,Male,42,1,0.0,1,0,1,637415.49,1
470,South India,Male,28,3,767958.9,1,1,1,1923782.33,0
683,South India,Male,43,0,0.0,1,1,1,1054133.92,0
593,South India,Male,35,9,0.0,3,0,1,611826.53,0
469,North India,Female,32,8,526897.94,2,1,1,722465.63,0
635,West India,Female,40,2,421998.7,1,0,0,529861.86,0
633,West India,Female,27,7,0.0,1,1,1,347354.39,0
621,South India,Male,32,3,1244186.45,2,1,1,346244.12,0
654,North India,Male,37,5,2037439.19,1,1,1,440753.8,0
501,West India,Female,30,9,0.0,2,1,0,1231419.37,0
731,South India,Male,43,10,116459.37,1,0,0,1056198.39,0
681,North India,Female,56,3,0.0,1,1,0,1215803.49,1
754,East India,Female,27,3,0.0,2,0,1,545495.93,0
592,West India,Male,18,10,4111057.84,1,1,0,915055.26,1
681,South India,Female,18,5,486962.81,4,1,1,1490744.38,0
474,South India,Male,34,7,60539.92,1,1,1,578227.22,0
567,East India,Female,28,8,0.0,1,1,0,293549.56,0
518,West India,Male,38,1,412057.52,2,0,1,344841.59,0
665,South India,Male,37,5,0.0,1,1,1,1036967.54,0
542,West India,Female,18,0,0.0,2,0,1,330420.5,1
602,North India,Female,18,6,491587.02,2,1,1,476320.79,0
641,North India,Female,39,9,317050.59,1,1,0,507121.35,0
605,North India,Male,37,2,288295.55,1,1,1,486362.05,0
523,North India,Female,31,8,602412.34,2,1,1,602081.73,0
790,West India,Female,18,5,270336.7,2,1,1,1059725.07,0
652,North India,Female,41,8,124431.32,2,0,1,627809.1,0
791,West India,Female,49,5,0.0,2,1,1,611846.9,0
549,South India,Female,39,3,957194.79,1,0,0,442286.23,0
608,South India,Female,26,5,142991.34,2,1,1,4049552.66,0
650,North India,Male,36,0,470741.69,1,1,1,576093.96,0
780,South India,Male,20,9,2044752.17,3,1,1,978205.26,0
790,North India,Male,47,7,0.0,1,1,0,543133.54,0
603,South India,Female,36,9,317524.84,2,0,1,331821.13,0
576,West India,Female,18,7,1115363.65,1,1,0,696340.2,1
641,South India,Female,32,2,0.0,3,0,0,358856.59,1
750,West India,Male,41,4,0.0,4,1,1,694108.4,0
654,West India,Male,32,4,0.0,1,1,1,244254.5,0
670,West India,Male,32,2,100655.54,1,1,0,265451.86,0
749,North India,Male,22,10,144105.92,2,0,0,674665.48,0
735,East India,Male,42,10,0.0,2,1,0,571041.79,0
738,South India,Female,28,5,885465.75,2,1,0,751526.29,0
705,West India,Male,18,10,0.0,1,0,1,407978.3,0
771,West India,Male,31,8,2664580.77,2,1,1,411441.44,0
540,South India,Male,46,10,542855.75,2,1,1,367355.37,0
852,East India,Female,31,2,0.0,1,1,1,630606.06,0
745,North India,Female,55,8,1014685.87,2,1,0,476616.04,0
635,South India,Male,40,7,498811.93,1,1,1,752761.38,1
749,North India,Female,39,4,0.0,1,0,0,608784.26,0
618,North India,Male,34,8,90462.5,2,1,0,647606.02,0
692,West India,Male,35,6,364341.06,1,1,1,1920499.52,0
703,North India,Male,33,2,173549.26,1,1,1,847253.42,0
727,West India,Male,32,9,577417.74,2,1,1,342187.48,0
608,South India,Female,41,1,0.0,2,1,1,359457.23,0
729,South India,Female,25,10,61772.09,1,1,1,876745.01,0
610,North India,Female,24,4,385692.85,1,1,1,263707.84,0
715,North India,Male,23,2,4266130.95,3,0,0,1190972.28,0
648,East India,Male,58,9,555869.45,1,1,0,831227.41,1
485,West India,Male,41,8,321048.88,2,1,0,589825.67,0
583,North India,Male,39,10,0.0,1,1,0,921698.31,0
726,North India,Male,24,9,1092102.84,3,1,1,868672.56,0
622,North India,Male,42,6,651725.98,2,0,1,343414.81,0
759,North India,Female,34,9,103558.29,1,1,1,935360.0,0
540,West India,Female,38,9,310273.09,2,1,1,607015.6,0
712,West India,Male,25,7,0.0,2,1,1,582387.05,0
645,South India,Male,37,5,689239.76,1,0,0,434454.56,1
627,West India,Male,31,8,500240.75,2,1,0,418176.65,0
543,North India,Male,27,5,1043979.18,3,0,0,977329.57,0
668,South India,Male,44,2,143579.12,2,1,1,886320.75,0
559,West India,Male,19,1,0.0,1,1,1,289398.6,0
592,North India,Female,42,0,3126971.65,2,0,0,546806.53,0
637,South India,Female,43,8,90681.35,1,0,1,1531073.3,0
617,South India,Male,26,5,1116482.17,1,1,0,257971.37,0
742,South India,Female,26,3,263503.57,1,1,0,486672.98,0
416,South India,Male,33,4,484151.84,1,0,1,339947.54,1
633,South India,Female,39,7,0.0,2,0,1,891000.88,0
617,South India,Male,34,0,1703737.42,1,0,1,545071.31,1
649,North India,Male,40,7,391000.38,2,1,0,140864.26,0
601,North India,Male,55,6,0.0,4,0,1,767981.82,1
742,South India,Male,30,8,425759.09,2,0,1,360081.14,0
626,North India,Male,18,3,52317.73,2,1,1,253477.85,0
661,West India,Female,45,10,93498.64,2,1,0,1746638.3,1
730,West India,Female,54,4,1054153.38,1,0,0,413916.6,0
654,North India,Male,40,7,510945.41,1,1,0,949282.38,0
535,West India,Male,24,2,227488.77,2,1,1,697052.32,0
611,South India,Female,34,9,609595.91,1,0,0,344269.01,1
638,North India,Female,23,10,115053.62,2,0,1,568935.68,0
501,South India,Female,43,0,50787.4,2,1,1,3533390.07,0
585,West India,Male,21,0,523531.33,2,1,1,228790.97,0
643,North India,Female,32,10,1801231.07,1,1,1,1815521.59,0
831,North India,Female,24,10,167634.23,2,1,1,648775.78,0
683,North India,Male,37,9,401050.41,1,1,0,343297.69,0
664,North India,Male,31,5,979153.86,1,0,1,470058.31,0
802,North India,Female,37,1,1000278.68,3,0,0,848581.74,0
702,South India,Female,36,8,879434.17,1,1,1,1235117.24,0
715,North India,Male,25,4,163670.47,3,1,0,307353.98,0
613,North India,Female,42,10,0.0,2,1,0,993476.35,0
536,North India,Male,35,8,0.0,2,1,0,1024819.33,0
673,West India,Male,25,7,0.0,2,1,1,616099.92,0
813,South India,Male,60,7,0.0,1,1,1,423455.16,0
786,South India,Female,41,4,0.0,2,1,1,552354.74,0
709,South India,Male,34,10,629413.84,2,0,0,406875.21,0
588,West India,Male,51,1,333859.74,2,1,0,724083.7,0
510,South India,Male,56,10,689132.44,2,0,0,794834.07,1
575,North India,Male,34,10,1512339.24,1,1,0,618399.94,0
669,North India,Female,39,10,386021.12,2,1,1,1091074.97,0
607,North India,Male,25,5,0.0,3,1,0,495610.66,1
740,South India,Female,34,10,1342612.31,2,1,1,1323485.81,0
515,North India,Female,33,4,1053995.56,1,1,1,213365.22,1
638,North India,Male,38,2,842422.78,1,1,0,945337.45,0
580,South India,Female,39,9,406634.97,2,1,1,688599.35,0
739,South India,Male,42,8,0.0,1,1,1,459125.08,0
698,West India,Male,38,6,800421.51,1,0,1,454941.33,0
575,South India,Female,22,8,447064.51,1,1,0,363582.86,0
726,East India,Female,25,9,325045.93,2,1,1,993889.98,0
503,East India,Male,29,10,0.0,1,0,1,1253167.3,0
489,West India,Male,32,3,315511.9,1,1,0,1021514.9,0
570,East India,Female,47,2,1168259.29,2,0,0,926820.31,0
471,North India,Female,23,1,603263.39,2,0,1,603410.7,0
639,West India,Male,32,4,2580478.08,1,1,1,659112.82,0
642,North India,Male,46,0,1783592.73,1,1,0,679668.1,0
613,West India,Male,32,5,246380.24,2,0,0,227486.3,1
698,South India,Male,41,1,118321.38,1,0,1,417136.39,0
584,North India,Male,34,8,827129.42,2,1,1,506668.09,0
533,East India,Male,38,4,0.0,1,1,1,705530.01,0
578,North India,Male,33,1,1379978.31,2,1,0,1245714.75,0
540,West India,Female,43,3,0.0,1,1,0,206393.72,0
594,West India,Male,19,5,168017.11,2,0,1,314971.08,0
703,North India,Female,32,3,758291.75,1,1,1,1212786.06,0
491,South India,Male,39,4,0.0,1,1,0,1736598.3,1
619,North India,Male,41,3,199250.41,1,1,1,497268.71,0
736,East India,Male,52,3,442946.66,1,1,0,1008767.71,0
746,East India,Female,31,2,1325371.41,1,1,0,667502.13,0
588,West India,Male,52,8,0.0,2,0,1,892271.26,0
849,West India,Male,28,2,0.0,1,1,0,670581.18,0
555,North India,Male,50,3,860896.66,2,0,1,2793262.37,0
629,South India,Male,44,7,0.0,1,1,0,1031096.08,0
544,North India,Male,25,4,552552.46,1,1,1,1236559.03,0
688,South India,Female,39,6,411904.69,2,1,1,434984.01,0
900,North India,Male,35,5,0.0,1,0,0,702755.6,0
815,South India,Female,42,0,213813.2,1,0,0,443406.55,0
726,West India,Female,33,1,391668.8,1,0,0,1248529.05,0
595,North India,Male,32,9,704235.48,1,1,1,928117.49,0
634,North India,Female,51,4,0.0,1,1,0,809763.85,0
750,North India,Female,34,9,0.0,2,0,1,322766.57,0
717,West India,Female,45,2,813947.81,1,0,0,458641.69,0
657,North India,Male,33,7,0.0,3,1,1,293360.25,0
662,North India,Female,54,7,1026511.71,1,1,1,472699.79,0
745,West India,Female,28,1,1726629.7,1,1,1,563232.42,0
767,North India,Male,29,5,160534.65,1,1,1,443065.4,0
514,South India,Male,52,6,279915.38,1,1,1,304002.89,0
670,West India,Female,31,6,0.0,1,1,1,796432.15,0
702,South India,Female,53,2,428177.04,1,1,0,887199.82,1
602,South India,Male,45,8,309244.64,2,1,1,829313.78,0
765,North India,Female,34,6,1328492.04,2,1,1,554713.86,0
624,North India,Male,18,0,647460.01,2,0,1,283336.01,0
767,South India,Male,35,8,695095.07,2,1,1,518234.39,0
616,North India,Male,37,10,373710.47,1,0,1,1042964.41,0
673,West India,Male,48,5,847889.97,1,1,1,728081.27,0
671,South India,Female,53,5,1509428.15,2,1,1,993603.99,0
799,South India,Male,28,6,0.0,2,0,1,922890.45,0
716,North India,Female,44,1,1141308.68,1,0,1,560944.11,0
608,West India,Male,44,10,174376.89,2,1,1,661304.41,0
625,South India,Male,47,1,5683852.88,2,1,1,542895.93,1
625,South India,Male,41,3,229309.29,1,1,0,985493.75,0
651,South India,Male,18,1,1712496.5,1,1,0,484585.69,0
564,South India,Female,34,6,246090.44,3,1,0,197798.45,0
642,South India,Male,23,9,586903.41,2,1,0,516606.48,0
773,South India,Female,33,8,0.0,2,1,1,554661.43,0
769,South India,Male,46,1,1193174.22,1,1,1,1530942.67,0
509,North India,Male,39,0,689736.59,2,1,1,2693539.28,0
494,North India,Male,48,0,0.0,2,1,0,611200.78,0
596,North India,Female,39,1,116650.62,1,0,0,1535080.7,0
489,North India,Male,21,2,0.0,2,1,1,261311.62,0
536,North India,Female,18,0,1979691.8,1,1,0,376744.62,0
681,West India,Female,37,7,1159037.06,1,1,0,123420.51,0
646,South India,Male,33,5,443044.12,2,1,0,929983.01,1
495,East India,Male,25,2,597570.74,2,1,1,955551.56,0
755,North India,Male,18,8,0.0,1,0,0,321017.14,0
612,South India,Female,27,3,62197.9,2,1,0,912861.91,1
603,West India,Male,33,8,0.0,1,1,0,781507.65,0
741,South India,Male,43,4,0.0,2,0,1,725255.06,0
686,South India,Male,38,8,644422.55,1,0,0,556604.89,0
646,South India,Female,53,7,92587.21,2,1,0,823362.54,0
605,South India,Female,24,1,386257.33,1,1,1,1165358.33,0
701,West India,Female,45,4,0.0,2,1,1,554270.7,0
611,West India,Female,36,0,55632.36,1,1,1,963009.49,0
629,East India,Male,43,0,259660.44,4,1,1,449445.96,0
544,East India,Male,31,2,0.0,2,1,1,509220.98,0
752,South India,Female,47,0,0.0,1,0,1,1069395.05,0
789,North India,Female,39,5,367211.31,2,1,1,432982.26,0
669,North India,Male,28,5,0.0,1,1,0,180576.23,0
606,North India,Male,35,4,0.0,1,1,1,1672912.45,0
734,North India,Female,33,8,1730709.98,2,1,1,722090.89,0
702,South India,Male,41,10,478092.2,1,0,0,453634.71,0
610,North India,Male,23,3,2414397.35,2,1,1,562740.81,0
753,South India,Female,35,2,478171.53,2,1,0,676296.75,0
611,North India,Female,40,2,3580254.61,2,1,1,692995.86,0
534,South India,Male,36,0,0.0,1,1,1,630034.85,0
644,North India,Male,50,3,0.0,1,1,0,613085.45,1
747,West India,Male,44,6,0.0,1,1,1,403957.08,0
659,West India,Female,35,7,0.0,2,1,0,447344.64,0
544,South India,Female,38,5,163413.55,2,1,0,431781.31,0
613,East India,Female,39,6,602104.77,1,1,0,409414.29,0
757,North India,Male,40,4,2962777.89,2,0,1,430816.39,0
674,West India,Male,18,7,1219738.04,1,1,0,1903507.13,0
648,South India,Female,32,9,314028.64,2,1,0,950088.32,0
638,North India,Male,19,2,327850.49,2,0,0,2809627.75,1
747,North India,Female,50,7,767567.25,2,0,1,598149.35,0
741,North India,Female,35,10,314303.41,2,0,0,1199808.8,0
523,West India,Male,33,9,762679.26,2,1,0,258161.78,0
734,South India,Female,45,6,284364.74,2,0,1,1818313.82,0
696,North India,Male,40,8,239499.04,1,1,0,402461.32,0
793,South India,Female,23,5,271560.56,2,0,0,390562.27,0
643,North India,Male,35,9,0.0,2,0,1,1657634.42,0
752,North India,Female,32,9,674954.53,1,0,1,606230.11,0
692,East India,Female,18,1,791995.37,3,1,0,270636.25,0
549,South India,Male,28,10,2737008.58,2,1,0,3044452.54,0
741,South India,Male,33,4,0.0,1,0,1,365792.24,0
722,East India,Male,34,8,0.0,1,0,1,499646.4,0
591,South India,Male,19,6,687911.92,3,1,1,685324.13,0
676,North India,Female,48,10,0.0,1,0,0,756913.39,0
839,North India,Male,34,2,737146.19,2,0,1,687903.93,0
606,South India,Male,36,1,361163.11,2,1,1,176437.32,0
715,South India,Male,40,7,0.0,1,0,1,284500.85,0
551,North India,Female,27,7,0.0,1,0,1,839612.45,0
598,West India,Female,41,0,1454170.1,2,0,1,302670.83,0
722,West India,Male,31,1,631701.99,1,1,1,291593.0,0
673,South India,Female,26,4,351519.78,2,0,0,571449.77,1
631,West India,Female,42,4,0.0,1,1,1,1892879.28,0
803,North India,Male,52,6,291027.73,1,0,0,611875.33,0
567,North India,Female,43,4,768878.0,3,1,1,910666.03,0
636,West India,Male,46,8,0.0,1,0,1,1674250.98,0
694,North India,Male,30,0,402771.69,1,1,0,1112105.67,0
571,North India,Male,18,4,263103.56,2,1,1,408317.06,0
695,North India,Male,52,2,82977.67,1,1,0,760047.32,0
746,West India,Female,58,9,2568596.0,1,1,0,2864234.63,0
639,North India,Male,52,10,76274.6,1,1,0,557255.38,0
588,North India,Male,32,5,0.0,2,1,1,500577.63,0
621,North India,Male,23,0,1692694.28,1,1,1,582524.99,0
408,West India,Female,24,1,0.0,2,1,0,574311.71,0
740,South India,Female,18,8,3533218.8,1,1,1,676179.26,0
673,North India,Male,34,8,1342512.86,2,1,1,862316.6,0
634,West India,Female,53,1,0.0,1,1,1,536004.21,0
499,West India,Female,34,3,501361.04,1,1,0,1446702.71,0
749,South India,Male,39,9,0.0,1,1,0,572314.48,0
610,North India,Female,51,2,341340.75,1,0,0,639957.32,0
700,South India,Male,31,7,931576.26,1,1,0,492101.67,0
648,East India,Male,58,0,730710.09,2,1,1,136220.55,0
504,North India,Male,57,8,1181463.35,2,1,1,1011926.35,1
764,North India,Male,34,3,247889.4,2,1,1,346683.49,0
747,North India,Female,29,7,93770.39,2,0,1,542650.94,0
718,South India,Male,43,7,0.0,2,0,1,262262.03,0
678,West India,Female,32,5,0.0,1,1,0,600973.11,0
542,North India,Male,23,9,0.0,2,1,1,746981.56,0
728,North India,Female,50,8,821575.77,1,0,1,437414.88,0
848,East India,Male,49,7,0.0,1,1,0,518624.71,0
660,West India,Female,37,2,212510.46,1,0,1,789476.73,0
662,East India,Male,22,5,0.0,2,0,0,451574.44,0
550,West India,Female,22,1,0.0,2,0,1,734853.71,1
463,South India,Female,37,0,425672.54,1,1,0,520401.49,1
617,North India,Female,30,4,451529.82,2,0,0,832881.48,0
783,South India,Male,32,6,94726.89,1,1,0,328770.07,0
770,South India,Male,47,5,770634.9,1,1,1,381724.48,1
644,South India,Female,44,3,0.0,2,1,1,2696082.28,0
688,South India,Male,51,3,572218.07,2,1,0,533011.73,1
540,East India,Male,25,8,188030.32,2,0,1,305894.13,0
660,North India,Male,32,2,2194009.49,1,1,0,256855.72,0
602,North India,Male,44,10,0.0,2,1,0,794973.02,0
654,South India,Male,40,1,175285.74,1,1,1,564903.67,0
625,West India,Male,52,5,0.0,4,0,1,721569.46,0
623,East India,Male,40,0,437612.23,2,1,1,580646.81,0
739,South India,Male,56,1,16516.61,2,1,1,370204.4,0
826,North India,Male,41,3,528125.5,1,1,1,1140900.95,0
634,South India,Male,47,8,229309.38,2,1,1,597167.75,0
777,East India,Female,32,3,115730.23,2,0,1,1330908.05,0
538,South India,Male,36,9,329166.83,1,0,1,2517533.4,1
641,West India,Female,46,10,187052.48,1,0,0,1567671.74,0
533,North India,Male,53,2,190572.46,1,1,1,1513802.13,0
621,North India,Male,44,10,594712.56,2,1,1,574690.18,1
714,South India,Male,35,0,1369855.02,1,1,1,385132.56,0
750,West India,Male,51,7,80875.47,2,0,1,1400370.72,0
579,East India,Female,18,10,1470527.86,1,0,0,1713630.66,0
691,West India,Male,20,3,422433.25,1,1,1,667495.74,0
760,South India,Female,43,10,0.0,1,0,0,610898.7,0
747,South India,Female,36,1,0.0,1,1,0,586039.73,0
673,West India,Male,42,6,0.0,2,0,0,564190.69,0
596,North India,Male,36,0,0.0,1,0,1,570704.61,0
588,East India,Male,42,2,0.0,2,1,0,977626.93,0
574,South India,Female,27,9,206010.9,2,1,1,810632.56,1
647,East India,Female,42,10,0.0,1,1,0,762074.24,0
575,West India,Female,46,4,1000827.79,2,1,1,431419.19,0
711,North India,Male,49,6,0.0,1,1,1,343536.17,0
670,North India,Female,58,2,0.0,2,0,0,565270.38,0
666,South India,Female,38,3,380470.19,1,0,0,431756.63,1
484,North India,Male,39,4,0.0,2,1,0,804831.11,0
652,South India,Female,19,9,1570463.0,2,1,1,733307.94,0
608,South India,Male,30,1,344720.6,3,0,0,169737.22,0
844,South India,Male,33,8,718507.41,1,1,0,795073.75,0
534,North India,Female,47,6,1047722.01,2,0,0,203608.3,0
631,East India,Male,29,1,3571630.25,1,1,1,954596.85,0
684,South India,Male,44,5,213490.67,2,1,1,1416638.07,0
562,West India,Male,35,6,122930.94,2,1,1,1432738.0,0
823,North India,Male,34,9,354967.25,2,1,0,604571.99,0
825,West India,Male,38,3,1406437.47,1,1,1,501293.36,0
572,North India,Female,31,10,94570.07,1,1,0,305551.39,0
596,West India,Male,31,3,732788.78,2,1,1,326979.97,1
843,West India,Male,18,7,0.0,2,0,1,1385105.12,0
775,East India,Female,33,1,0.0,2,0,1,460577.58,0
616,North India,Male,30,1,437971.4,1,1,1,557883.7,0
688,North India,Male,30,1,515996.37,1,0,0,1553473.77,0
525,West India,Male,40,10,123653.11,2,1,1,1810465.12,0
847,North India,Male,43,1,0.0,1,1,1,166466.96,0
656,North India,Male,38,6,0.0,1,1,1,1011181.8,0
702,South India,Male,46,3,1583963.04,2,1,0,610987.08,0
565,North India,Male,42,4,2500650.96,2,1,1,395517.38,0
547,North India,Female,32,7,1751334.4,1,1,1,1259157.65,0
690,South India,Male,30,6,138290.93,2,1,0,691013.48,0
822,North India,Female,39,10,0.0,1,1,1,338628.74,0
601,South India,Female,42,7,385440.93,1,1,0,1069834.85,0
561,South India,Male,51,4,1323200.6,2,1,1,282780.87,1
677,West India,Female,49,7,0.0,2,1,0,1084039.27,0
797,East India,Male,30,0,650925.62,1,1,0,794296.38,0
592,North India,Male,34,4,1453296.64,1,1,0,499548.24,1
627,West India,Male,43,10,11464590.97,2,1,1,349820.82,1
725,East India,Female,47,9,1693852.21,1,0,0,1169151.32,0
734,West India,Male,46,1,344983.05,1,1,0,506193.43,0
624,East India,Male,35,4,0.0,3,1,0,673105.91,0
748,North India,Male,22,1,364171.65,1,1,1,221473.59,0
697,West India,Female,25,5,7026281.84,1,1,1,927038.57,1
651,West India,Male,38,8,0.0,1,1,0,780868.09,0
731,North India,Male,39,1,278666.64,2,1,0,468257.21,0
718,West India,Male,23,9,2094124.7,2,1,0,418227.74,0
555,South India,Female,36,1,166217.57,2,0,0,2831023.22,0
783,North India,Male,42,9,933067.12,1,1,1,1250322.39,0
681,North India,Male,23,2,1207579.94,2,1,0,828002.84,0
773,West India,Female,48,9,59385.68,1,1,1,942982.28,1
654,West India,Male,31,4,158918.24,1,0,1,736787.63,0
672,South India,Female,49,9,170319.26,1,1,1,281953.9,0
685,South India,Female,30,8,830624.15,2,1,1,993666.49,0
699,North India,Female,24,2,459956.03,1,1,1,457181.42,0
787,South India,Male,30,8,453975.7,2,0,0,345520.48,0
691,West India,Male,34,8,312494.66,2,0,1,1036495.53,0
647,West India,Male,31,8,198366.18,3,0,1,460146.08,0
740,West India,Female,33,3,1924125.21,1,0,0,919718.48,1
688,East India,Female,39,9,5083324.85,1,1,0,356559.11,0
900,West India,Male,34,5,603417.87,1,0,1,1033839.47,0
676,North India,Female,35,1,311557.12,1,1,0,582413.87,0
761,South India,Female,18,0,244536.29,1,1,0,673582.46,0
729,North India,Male,40,1,93964.9,2,1,1,899434.26,0
465,South India,Male,35,3,450786.72,1,1,1,407049.18,0
583,West India,Male,53,6,48912.55,2,1,0,1044040.55,0
610,North India,Male,25,1,0.0,1,1,1,1016168.79,0
515,West India,Female,18,9,0.0,3,1,1,1144388.9,0
614,South India,Female,42,0,0.0,1,1,0,395969.96,0
526,West India,Male,39,2,680191.95,4,1,1,319992.32,0
550,North India,Male,24,6,174329.89,1,1,1,643360.06,0
671,North India,Male,19,2,1221554.36,1,1,1,527107.64,0
822,South India,Female,52,1,151846.37,2,1,1,995481.33,0
527,West India,Female,51,0,506137.01,1,0,0,903413.72,1
540,West India,Male,18,2,253971.76,3,1,1,495849.33,1
602,West India,Female,30,6,912146.25,1,1,0,1791476.8,1
636,North India,Male,54,2,389726.27,2,0,1,1169190.77,0
511,North India,Male,30,4,188869.75,2,1,0,312114.52,0
587,West India,Female,30,10,831760.77,2,0,0,397717.62,1
578,North India,Male,32,5,0.0,1,1,0,2374333.36,0
678,West India,Male,23,4,0.0,2,1,0,342340.13,1
688,South India,Male,18,0,0.0,1,1,1,1127835.68,0
636,South India,Male,47,4,626813.92,2,1,1,752194.57,0
616,South India,Male,18,2,0.0,3,0,1,727283.22,0
586,East India,Male,38,7,1686838.44,1,0,1,2221897.04,0
654,West India,Female,45,4,0.0,1,0,1,663815.76,1
562,West India,Male,20,7,333907.49,2,1,1,291966.6,0
789,South India,Male,25,8,3695727.06,1,1,0,330875.7,1
515,North India,Male,49,1,934463.39,1,1,1,1009447.22,0
590,East India,Female,41,3,0.0,1,1,0,1552488.28,0
728,North India,Male,29,9,42266.45,2,1,0,408941.67,0
614,South India,Female,49,0,129986.14,1,1,0,1585226.23,1
710,North India,Male,49,9,501595.24,1,0,1,728472.32,0
804,South India,Male,38,8,1297473.44,1,0,1,694103.91,0
724,North India,Male,26,9,0.0,2,0,0,153005.03,0
541,West India,Female,31,7,181140.62,2,1,0,178143.13,0
546,East India,Male,39,1,242637.48,2,1,0,526549.02,0
633,South India,Male,33,10,572493.94,2,0,1,895078.43,0
689,North India,Male,46,5,658204.71,1,1,0,1305800.21,1
758,West India,Male,19,4,1236520.4,1,1,0,547549.37,0
579,South India,Male,19,4,0.0,2,0,0,448998.02,0
606,East India,Male,37,2,185063.5,2,1,1,540195.39,0
627,North India,Male,30,0,0.0,2,1,1,590264.02,0
625,North India,Male,29,10,173628.84,2,1,1,1124767.48,0
784,West India,Male,18,5,0.0,2,0,1,615398.8,0
640,West India,Male,36,5,938290.97,2,0,0,466301.64,0
663,South India,Female,35,4,0.0,2,0,0,501686.37,1
732,North India,Male,43,8,257518.54,1,0,0,400144.19,0
793,North India,Male,36,9,0.0,1,1,1,644727.56,0
646,North India,Male,34,8,547952.67,2,1,1,295678.81,0
763,North India,Male,48,9,0.0,1,0,0,969463.17,0
814,West India,Female,21,0,164347.52,2,1,1,640994.08,0
640,North India,Female,41,6,0.0,1,1,0,597365.47,0
599,South India,Female,18,5,896946.23,1,1,1,321374.34,1
846,West India,Male,26,2,1377333.57,2,0,0,215713.56,0
750,North India,Male,22,3,320146.09,1,1,1,1216213.47,0
651,West India,Male,44,3,375325.39,2,0,1,192424.39,0
708,West India,Male,35,3,332465.41,2,1,1,520217.14,0
555,North India,Male,35,6,598804.79,2,1,0,487224.37,0
749,West India,Male,23,3,1513926.47,2,0,1,719810.81,0
487,South India,Female,32,9,105561.96,1,1,1,432221.78,0
746,West India,Male,27,5,1212865.51,4,0,1,282368.44,0
585,West India,Female,40,0,1670149.75,1,1,1,241711.53,1
501,West India,Male,25,7,0.0,2,0,1,2337799.5,0
469,South India,Female,50,3,467495.0,1,1,1,368636.79,0
607,North India,Male,18,2,0.0,2,1,1,537833.38,0
714,North India,Female,27,8,0.0,2,0,1,549724.94,0
524,West India,Male,54,1,0.0,2,1,0,1042924.33,1
538,East India,Male,31,7,136353.6,2,1,1,745681.91,0
605,North India,Male,21,10,127134.99,1,0,1,550720.72,0
722,North India,Female,38,5,664734.26,2,1,1,357881.02,0
733,West India,Female,30,5,95109.61,2,0,0,1297371.7,0
662,South India,Male,26,9,855094.69,1,0,0,495178.53,0
738,North India,Female,23,5,534356.92,1,0,0,437181.23,0
711,North India,Male,66,1,0.0,1,1,1,494459.38,0
612,North India,Male,33,10,50891.67,2,1,1,380652.55,0
731,East India,Male,18,6,0.0,1,0,0,461580.28,0
534,East India,Female,52,7,197473.14,2,0,0,555206.72,0
693,North India,Male,42,7,2134275.81,2,1,0,740811.0,0
545,East India,Male,27,9,234433.57,1,1,1,619998.98,0
662,North India,Male,25,6,182991.74,2,1,1,361236.09,0
759,West India,Male,43,6,488951.31,2,1,1,637487.23,0
669,North India,Male,33,4,245045.26,2,1,0,2203019.82,0
648,West India,Male,18,3,0.0,1,1,1,441744.01,0
670,South India,Male,55,3,0.0,2,0,1,480693.91,0
709,North India,Male,31,1,219755.02,1,1,0,1658286.76,0
842,East India,Male,52,3,0.0,2,1,1,255580.57,0
708,North India,Male,50,6,602290.9,1,1,1,460487.89,0
604,East India,Female,24,1,962830.53,1,1,1,467640.42,0
631,North India,Male,47,10,331971.89,2,1,0,546405.64,0
568,North India,Female,28,6,753154.72,2,0,0,732976.21,1
538,West India,Male,18,8,456194.06,2,1,0,440811.78,0
431,South India,Male,31,9,0.0,2,1,1,531869.26,0
608,South India,Male,40,2,982138.68,2,0,1,344356.54,0
523,North India,Female,30,7,640066.76,1,0,1,546501.68,0
658,South India,Female,32,4,1951256.85,1,1,0,595178.4,0
604,South India,Male,48,9,113541.98,1,0,1,633604.07,0
552,South India,Male,37,9,0.0,1,0,1,1459914.42,0
460,South India,Female,26,9,592077.25,2,0,0,572771.94,0
618,South India,Male,43,3,30291.86,2,0,0,422119.94,0
492,East India,Female,38,10,165546.53,2,0,0,709995.2,0
713,West India,Male,18,7,0.0,1,1,1,1041545.19,0
672,North India,Female,40,9,157618.82,1,1,0,668607.07,0
629,North India,Male,40,0,0.0,1,1,0,748955.68,0
780,South India,Male,36,6,3165769.37,1,1,0,444001.52,0
650,North India,Female,45,8,1141532.34,1,1,0,1220590.73,1
684,South India,Male,28,6,1213132.56,1,0,1,379149.88,0
711,West India,Male,39,8,0.0,2,1,0,677793.5,1
603,West India,Male,18,6,480354.79,2,0,0,905001.98,0
603,South India,Male,40,1,342091.71,1,1,0,637421.98,0
653,South India,Male,57,4,279744.15,3,1,0,925880.48,0
528,South India,Female,25,3,1193395.28,2,1,1,673777.98,0
810,South India,Female,27,9,1169192.93,2,0,1,1220811.05,0
664,West India,Male,28,7,0.0,2,0,0,992488.58,0
631,West India,Female,37,9,183856.03,1,1,1,735179.38,0
837,North India,Male,24,8,0.0,2,1,1,651045.4,0
550,West India,Female,40,8,961467.37,2,1,0,1429357.72,0
788,West India,Male,45,2,242474.22,4,1,1,429468.77,0
723,North India,Female,41,2,0.0,1,1,0,883044.57,0
750,North India,Female,18,4,220042.65,2,1,1,585053.99,0
634,West India,Male,46,1,344268.56,1,1,1,685250.45,0
655,South India,Male,46,3,711140.11,2,1,0,480182.33,0
619,West India,Male,45,2,0.0,1,0,1,587247.96,1
739,North India,Male,40,10,190604.11,3,1,1,448962.58,0
685,North India,Male,38,5,187874.38,1,1,0,695466.04,0
599,North India,Male,47,0,265758.94,2,0,0,689670.41,0
603,South India,Female,57,4,645274.06,1,1,1,1063367.16,0
648,South India,Female,25,10,0.0,2,1,0,567096.03,0
620,West India,Male,47,10,0.0,2,1,1,643533.26,0
779,West India,Male,35,3,0.0,1,0,0,388707.08,0
722,East India,Female,34,0,53642.59,2,0,0,478069.17,0
722,North India,Female,19,3,0.0,4,1,1,711596.21,0
671,North India,Male,32,6,356732.98,1,0,1,536607.95,0
575,North India,Male,25,2,490547.04,1,0,0,558475.01,0
712,South India,Female,30,4,0.0,3,1,1,843411.87,0
461,North India,Female,23,7,1239540.77,3,1,1,298646.64,0
665,West India,Male,31,10,0.0,2,0,0,584387.85,0
576,North India,Female,31,2,1202821.22,2,0,0,880134.81,0
569,North India,Female,37,2,766809.55,2,1,1,258491.41,0
608,South India,Male,18,10,0.0,4,1,1,341639.82,0
642,South India,Female,20,7,116306.78,4,1,0,1082666.39,0
647,West India,Male,39,2,1623668.74,2,0,1,298698.19,0
721,West India,Female,27,1,680656.25,1,0,1,1068351.79,1
634,North India,Male,47,1,229271.29,2,1,1,451641.21,0
640,West India,Male,38,7,125529.64,1,1,0,540377.48,0
524,South India,Female,42,5,401953.14,2,0,1,1564357.22,0
536,South India,Female,51,9,2183721.87,1,1,0,1086745.33,0
675,North India,Female,32,2,282463.79,1,1,1,1741575.06,0
706,West India,Male,29,10,681525.15,2,0,1,932754.0,0
626,North India,Male,45,10,184993.44,2,1,1,722433.15,0
733,North India,Female,41,9,459067.77,2,1,1,1115934.97,0
523,North India,Female,33,9,332481.65,1,1,0,1163847.2,0
685,South India,Female,51,0,0.0,2,0,0,199738.33,1
573,South India,Male,33,10,149035.57,2,1,0,341529.33,1
566,West India,Male,36,5,0.0,3,1,1,476542.74,0
581,West India,Male,36,8,1750077.36,2,0,0,346516.75,1
642,East India,Female,25,5,1120724.76,2,0,1,770252.52,0
689,West India,Female,36,0,184084.69,2,0,1,445060.71,0
682,North India,Male,51,5,4322132.99,1,0,1,1033542.15,0
623,South India,Male,40,8,1003195.04,1,1,1,490227.26,0
706,South India,Male,36,5,119446.87,3,1,1,963802.83,0
801,South India,Female,34,2,248163.15,3,1,0,518821.9,0
639,South India,Male,39,1,242805.18,1,0,1,1019932.1,0
658,West India,Female,44,10,653737.48,3,1,0,207417.05,0
594,North India,Male,42,7,225121.24,2,1,0,347326.53,0
614,West India,Male,32,1,0.0,1,0,0,516056.24,0
762,North India,Male,39,6,1109988.25,2,1,1,768199.81,0
763,North India,Female,41,2,303892.06,2,1,0,935969.88,0
631,South India,Male,24,4,0.0,1,1,1,584732.33,0
694,South India,Female,37,10,0.0,2,0,0,2102469.62,0
732,North India,Female,18,2,1036329.44,3,1,0,411068.29,0
609,South India,Male,41,2,257625.43,1,1,0,372314.48,0
532,South India,Male,43,6,845846.98,1,1,0,697825.47,0
712,North India,Female,44,6,4785591.61,1,1,0,281468.26,1
730,West India,Male,31,6,205924.18,3,0,0,338735.78,1
717,North India,Male,39,10,0.0,2,0,1,417712.35,0
616,West India,Female,51,3,0.0,3,0,0,674942.6,0
787,North India,Female,51,10,133310.45,2,0,1,1147574.28,0
675,South India,Male,35,7,155642.26,2,0,1,302388.64,0
546,West India,Male,37,8,720859.76,2,1,1,603675.1,1
506,West India,Female,48,0,549494.17,2,1,0,108502.86,1
623,West India,Male,19,6,0.0,1,1,0,362364.59,0
670,North India,Male,32,7,1744408.64,1,0,0,553102.26,0
624,North India,Male,50,1,81998.92,1,1,0,379723.54,0
829,South India,Male,46,5,0.0,3,1,1,405632.0,0
686,South India,Female,40,4,0.0,1,1,0,796065.1,0
562,East India,Female,19,3,0.0,1,1,0,411053.76,0
445,North India,Female,35,3,573158.76,3,1,1,419421.06,1
671,South India,Female,29,9,205286.42,1,1,1,398185.78,0
739,South India,Male,39,5,0.0,2,1,0,665607.32,0
817,West India,Male,27,0,295133.52,1,1,0,680182.33,0
631,North India,Female,24,0,1030159.12,2,1,0,1218885.54,0
804,East India,Male,18,3,134065.92,1,0,1,564098.59,0
527,South India,Male,49,2,276896.49,2,1,0,483694.17,0
619,West India,Male,31,4,0.0,1,1,0,654023.19,0
558,South India,Male,37,9,4055487.71,2,1,1,294836.68,0
721,West India,Male,35,9,0.0,1,0,1,1738150.58,0
532,North India,Male,24,4,0.0,2,0,1,466901.14,0
686,West India,Male,22,0,203412.34,1,1,0,803803.78,0
538,South India,Male,24,4,135449.97,1,1,0,1208550.66,1
808,South India,Male,28,5,1262943.81,1,1,1,1453995.09,0
616,North India,Male,40,10,260578.59,2,0,0,541903.6,0
684,West India,Female,27,3,10222449.59,3,1,1,504268.71,1
489,North India,Female,55,9,215683.84,1,1,0,1095156.05,0
515,North India,Male,47,1,0.0,1,1,1,470277.04,0
580,North India,Female,44,9,319183.92,3,1,1,558792.92,0
726,North India,Female,34,10,203061.98,1,1,1,677520.73,0
709,West India,Male,52,8,141724.38,2,1,1,948859.59,0
747,North India,Male,33,8,3448405.28,2,0,0,867873.95,0
514,North India,Female,35,8,378829.04,2,0,0,621146.56,1
695,North India,Female,37,8,582949.77,3,1,0,850104.54,0
599,South India,Male,43,9,239517.7,2,0,0,182398.37,1
577,South India,Female,43,6,0.0,1,1,1,677699.13,0
601,South India,Male,30,1,0.0,1,1,1,337729.01,0
639,South India,Male,30,6,549140.66,1,1,0,912811.16,0
709,South India,Male,43,0,1406091.67,2,0,0,390175.86,0
751,West India,Male,43,5,1007582.74,2,0,1,330181.65,0
696,North India,Male,31,5,5165895.24,2,1,0,328675.24,1
706,West India,Female,18,4,517939.73,1,0,1,565883.37,0
814,North India,Male,33,6,0.0,1,1,1,2607905.03,0
712,West India,Male,42,2,463827.91,2,1,0,249836.76,1
630,South India,Male,55,6,336380.99,2,1,0,493352.69,0
702,North India,Male,22,5,337122.72,1,1,0,538730.48,1
803,South India,Female,31,2,1440464.93,1,1,0,211889.74,0
571,West India,Male,31,5,200283.33,3,1,1,297932.81,0
611,South India,Male,50,0,0.0,1,1,1,669245.28,0
780,South India,Male,35,1,380945.84,1,0,1,911577.41,0
623,North India,Male,26,9,209678.49,2,0,0,492068.98,1
718,East India,Male,42,3,443325.7,2,0,0,445649.1,0
766,West India,Male,31,4,1123093.22,2,1,0,370348.57,0
536,South India,Male,22,2,147824.14,2,1,1,549531.19,0
613,West India,Male,26,3,2152658.76,1,1,0,348110.76,1
758,North India,Female,55,1,312809.27,2,0,0,330405.81,0
638,West India,Male,40,7,378193.38,1,1,1,499291.03,0
468,South India,Male,37,4,39968.72,4,0,0,756308.38,0
604,South India,Female,33,0,203117.22,1,1,1,345704.82,0
721,North India,Female,39,3,72207.37,3,1,0,510982.88,0
764,East India,Male,39,9,2002106.23,1,1,1,760384.28,0
654,West India,Female,39,1,2061585.13,1,1,0,528303.38,0
693,West India,Female,37,8,376559.1,1,1,0,1188139.69,0
616,North India,Male,45,4,0.0,2,1,1,596382.44,0
731,North India,Male,36,5,180635.73,2,0,1,558280.57,0
778,South India,Male,25,8,664868.62,2,1,1,903714.39,0
719,West India,Male,29,8,654304.97,2,1,0,492552.64,0
639,East India,Male,18,2,0.0,2,0,1,1686867.52,0
689,North India,Female,58,8,0.0,3,1,0,410154.5,0
735,South India,Female,45,3,467444.22,1,1,1,650154.63,0
652,West India,Male,26,0,649199.7,1,1,1,884747.8,0
722,North India,Male,32,7,0.0,2,1,0,808336.53,0
683,South India,Male,28,1,0.0,2,0,1,754892.03,0
777,North India,Female,52,9,0.0,1,0,0,711689.29,0
713,West India,Female,20,3,0.0,1,0,0,173907.15,0
605,West India,Male,37,2,0.0,1,1,0,387073.46,1
776,West India,Female,34,8,0.0,2,0,0,1039081.07,1
691,West India,Male,45,4,579541.38,2,1,1,196540.15,0
637,North India,Female,34,1,5107628.49,1,0,0,1227925.98,0
528,West India,Male,18,3,201750.27,2,1,1,543251.66,0
670,West India,Male,33,4,65871.05,1,0,0,741466.57,0
815,South India,Male,25,5,33830.83,1,1,1,829955.99,0
404,South India,Female,36,7,477946.72,1,0,0,656592.49,0
407,East India,Male,51,8,1711178.6,1,1,1,840819.17,0
719,West India,Female,18,8,1523164.4,1,0,0,844305.95,0
671,West India,Male,27,0,960667.4,2,1,1,560447.25,0
710,East India,Male,29,0,920377.8,1,1,1,817914.8,0
602,South India,Male,31,2,662261.71,1,0,0,937923.29,0
457,West India,Female,44,7,5397866.57,1,1,1,669763.03,0
575,South India,Female,34,4,611960.55,1,0,0,1149987.02,0
790,North India,Female,40,9,0.0,2,1,1,586720.96,0
609,South India,Female,29,5,0.0,2,0,0,979258.93,1
610,South India,Female,38,10,0.0,1,0,1,334568.18,0
413,North India,Female,44,7,248521.85,1,0,0,920130.57,0
487,East India,Male,27,3,2476075.9,3,1,1,828143.0,0
749,North India,Female,44,8,419176.91,2,0,0,423860.18,0
626,East India,Female,36,9,2005734.89,1,0,0,1321100.17,0
739,North India,Male,47,3,101925.87,1,1,1,307915.13,0
582,South India,Female,33,9,0.0,2,1,1,370131.54,0
517,South India,Male,40,9,392142.55,1,1,1,1760683.16,0
626,West India,Male,35,4,67812.13,1,1,0,480772.63,0
598,North India,Female,34,5,1003883.02,1,1,0,900293.3,0
575,East India,Male,38,5,578409.7,2,0,0,516419.24,0
577,West India,Male,41,10,207898.95,1,1,1,411442.73,0
637,West India,Female,22,7,971819.01,1,1,1,723455.84,0
605,North India,Male,51,10,75495.64,2,0,1,302160.87,0
566,South India,Male,18,8,313132.62,2,1,0,926607.01,0
812,East India,Female,28,0,0.0,3,1,0,410925.12,0
691,North India,Male,34,2,145853.76,3,1,1,451275.68,1
664,North India,Male,40,6,0.0,2,1,0,971991.82,0
644,South India,Male,53,2,380310.75,1,1,0,567580.59,0
709,East India,Male,18,4,0.0,1,1,1,970960.55,0
697,South India,Male,30,3,930014.71,1,0,1,559370.53,0
556,South India,Female,18,4,815277.79,1,0,0,341342.04,1
512,West India,Male,36,2,205067.73,2,0,0,569702.87,0
445,East India,Male,38,2,640284.1,1,0,1,431894.89,0
811,North India,Female,53,9,201550.63,1,0,1,487116.32,0
609,North India,Female,37,7,1492689.15,2,1,1,753525.03,0
703,North India,Male,47,2,0.0,4,0,1,509658.99,0
668,North India,Male,42,7,680249.46,1,0,0,464127.66,0
732,North India,Female,31,4,1035525.19,1,1,0,523385.56,0
644,North India,Female,20,0,2237120.12,1,1,0,502522.52,0
530,South India,Female,39,1,1376973.05,2,1,1,717210.85,0
556,North India,Male,19,6,5003936.65,2,1,0,526268.77,0
618,South India,Male,50,0,843600.56,2,1,0,840897.63,0
507,East India,Male,34,1,0.0,1,1,1,461202.23,0
573,North India,Female,49,0,0.0,2,1,1,397227.62,0
542,South India,Female,30,9,1431330.58,2,1,1,609057.73,0
620,North India,Male,38,6,0.0,3,0,0,984146.76,0
605,South India,Male,38,1,442345.86,2,0,1,977370.49,0
660,West India,Female,35,9,204062.36,2,0,1,826003.18,0
726,West India,Male,31,2,96685.22,2,1,1,1108646.21,1
628,South India,Male,40,10,171703.34,2,1,1,777962.85,0
514,West India,Female,25,10,0.0,1,1,0,701720.55,0
465,West India,Male,22,10,738172.72,2,0,1,1008543.45,0
664,North India,Male,49,6,273429.91,2,1,1,387685.5,0
590,North India,Male,43,0,2974718.81,2,1,1,1382298.22,0
635,West India,Male,36,3,344250.44,1,0,1,515195.64,0
679,East India,Male,54,6,125297.53,2,1,0,863681.68,0
779,South India,Female,33,1,0.0,1,1,1,627024.13,0
492,North India,Male,50,3,0.0,1,0,0,539860.47,0
558,West India,Female,37,8,1323074.11,2,1,0,705442.36,0
642,North India,Male,24,6,785332.61,1,0,1,731146.98,0
547,West India,Male,56,2,105667.27,2,0,0,1115943.16,0
515,North India,Female,46,2,0.0,1,1,0,1476920.78,0
767,North India,Male,34,10,0.0,1,1,0,1066781.49,0
555,South India,Female,43,3,157889.44,1,1,1,284842.73,0
532,West India,Male,31,3,0.0,1,1,0,638407.81,0
546,North India,Male,45,7,329162.36,2,1,1,495849.05,0
747,West India,Male,18,5,228423.39,1,1,0,473339.43,0
587,North India,Female,24,5,586132.28,1,0,1,819614.57,0
525,South India,Male,46,7,41218.93,1,1,1,521760.44,0
574,North India,Female,33,10,0.0,2,1,1,861687.83,0
645,West India,Male,38,7,0.0,1,0,0,407107.08,1
730,West India,Male,21,7,907463.48,2,1,1,392077.09,1
722,North India,Male,56,0,179468.91,2,0,1,555157.71,0
580,North India,Male,49,7,572429.06,1,1,1,751453.62,0
602,West India,Male,33,4,0.0,1,0,0,837702.4,0
839,South India,Female,31,2,0.0,2,1,1,706352.41,0
739,South India,Male,47,6,2130089.49,1,0,1,651589.54,0
627,North India,Male,57,1,438645.24,2,1,0,1154753.32,0
443,East India,Female,46,9,0.0,2,0,0,495365.0,0
608,East India,Male,59,9,435787.54,1,1,0,1980952.77,1
530,North India,Male,25,5,0.0,2,0,1,392322.19,0
572,South India,Male,26,3,168841.99,1,0,0,990910.61,0
563,West India,Male,22,0,0.0,2,1,1,743476.57,0
629,South India,Male,40,5,978432.93,1,1,1,1505193.77,0
656,South India,Male,37,2,64576.49,1,1,1,297904.62,0
584,South India,Male,34,3,0.0,2,1,1,527054.4,1
535,North India,Female,44,3,2777111.77,1,1,1,292098.31,1
633,West India,Female,49,7,135068.23,2,1,1,1013874.49,0
605,South India,Female,19,6,158496.44,2,0,0,682607.7,0
479,South India,Male,29,8,778014.27,2,1,1,952274.24,1
704,North India,Male,45,10,0.0,2,1,1,999949.6,0
584,West India,Male,30,6,501018.89,1,1,0,866584.7,0
625,West India,Male,27,8,0.0,2,0,0,395742.57,0
630,South India,Male,47,0,2527217.73,2,1,0,299864.92,0
648,East India,Male,21,3,588506.93,2,1,0,829675.7,0
663,North India,Male,32,0,797059.65,1,1,1,563040.77,0
532,West India,Female,39,5,912639.04,1,0,1,463248.56,0
678,South India,Male,29,1,2432229.37,2,1,1,307610.74,0
619,North India,Female,44,9,325176.31,2,1,0,867128.12,0
747,North India,Female,29,8,1333627.84,2,0,1,341411.72,0
723,North India,Male,51,3,70511.41,1,1,1,485416.47,0
769,West India,Male,34,10,134795.71,1,1,0,1172479.97,0
565,West India,Male,43,3,2645474.55,1,1,1,387027.67,1
765,South India,Female,44,5,49270.2,2,1,0,768435.08,1
658,North India,Male,29,4,283984.54,1,1,1,319802.12,1
712,East India,Male,18,5,0.0,2,1,1,566682.53,0
710,North India,Male,39,8,0.0,1,0,1,2296567.62,0
691,South India,Male,36,5,0.0,1,1,0,541501.67,0
552,West India,Female,42,5,1695025.83,1,1,1,912520.1,0
735,North India,Male,33,3,0.0,1,1,0,444633.97,0
681,West India,Male,31,6,180105.96,3,1,0,396849.16,0
517,North India,Male,58,3,1520383.05,2,0,1,695731.02,0
606,North India,Female,19,4,0.0,2,1,0,197209.89,0
540,West India,Female,44,3,1396437.66,1,0,1,253940.16,1
521,North India,Female,29,8,903613.03,2,1,1,678281.12,0
726,South India,Female,32,5,276675.45,2,1,1,423691.88,0
516,North India,Female,32,9,541903.52,1,1,1,288498.96,0
531,South India,Male,27,5,611080.04,2,0,0,853545.37,0
828,North India,Male,42,4,0.0,1,1,1,745115.58,0
609,West India,Male,51,8,32690.18,1,1,1,1071078.34,0
709,North India,Male,41,4,0.0,1,1,0,541935.37,0
751,West India,Male,37,7,0.0,2,1,1,532654.87,0
719,West India,Male,25,5,0.0,2,0,0,487392.29,0
663,South India,Male,41,5,561359.79,2,1,0,934787.98,1
646,West India,Female,59,10,650899.87,1,1,0,798927.59,0
698,North India,Male,31,2,912078.91,1,1,0,1367647.4,0
629,North India,Male,31,8,364719.43,2,1,1,678578.61,0
712,North India,Female,29,9,104994.44,1,1,0,1587657.25,0
626,South India,Male,30,2,0.0,2,1,1,876237.05,0
636,East India,Female,18,8,3643037.74,1,1,1,504251.49,1
819,North India,Male,40,1,62445.54,1,0,1,408475.12,1
606,West India,Female,26,7,0.0,2,0,0,573307.39,0
651,West India,Female,18,10,322796.59,1,1,1,1500902.35,0
688,North India,Male,44,6,152509.35,3,1,0,226557.08,0
694,East India,Female,24,2,2324248.53,2,0,1,289167.12,0
676,East India,Male,32,6,523967.72,2,1,0,1346757.52,0
537,East India,Male,52,7,279435.94,1,1,1,802959.1,0
664,South India,Female,20,3,113755.18,1,0,0,473186.63,0
671,North India,Female,19,8,0.0,1,1,1,1178081.36,0
752,South India,Male,38,7,960082.05,2,0,0,376583.39,0
716,South India,Male,48,9,299262.57,1,1,1,604886.72,0
758,South India,Female,18,1,0.0,1,0,1,1016382.43,1
559,West India,Male,40,5,793825.84,2,1,0,837713.94,0
560,West India,Female,42,0,0.0,2,1,0,1096626.96,0
679,North India,Female,18,0,39151.92,1,1,0,529888.53,0
751,South India,Male,44,9,0.0,1,1,0,1025699.78,0
631,East India,Male,45,0,1228314.05,2,1,1,396722.89,1
583,North India,Male,32,6,562511.32,1,1,1,507088.88,0
505,North India,Female,49,6,530459.22,1,1,0,420185.77,1
682,North India,Female,48,0,1702010.88,1,1,0,694991.91,0
639,North India,Male,37,4,0.0,2,1,0,1162048.1,0
610,South India,Male,31,4,0.0,2,1,0,466293.36,0
731,North India,Female,25,5,350494.17,1,0,1,741228.44,0
642,North India,Male,35,3,0.0,2,1,0,350883.63,0
650,South India,Female,42,1,706363.99,2,1,1,1247128.93,0
730,North India,Male,32,3,487841.86,2,0,1,1103911.95,0
847,North India,Female,18,4,0.0,1,1,0,1528485.22,0
609,West India,Female,49,10,196689.93,1,1,0,233844.23,1
571,South India,Male,38,2,500188.71,1,1,0,453623.51,0
560,North India,Female,31,1,0.0,1,0,0,454542.72,0
692,West India,Male,45,5,0.0,2,1,0,331370.22,0
551,North India,Male,52,9,1314001.69,1,0,1,380605.04,0
616,North India,Male,18,3,0.0,2,0,1,837869.77,0
624,West India,Female,40,6,0.0,1,0,0,617608.5,0
790,North India,Female,20,5,429853.12,2,0,1,649174.68,0
757,West India,Female,41,7,0.0,1,0,0,391152.13,0
511,West India,Female,37,4,0.0,2,1,1,653044.51,0
792,North India,Male,42,5,865528.72,3,0,0,624209.06,0
540,North India,Male,30,8,316036.3,1,1,0,840852.65,0
664,North India,Male,18,10,251103.43,1,0,1,506875.45,0
574,North India,Female,31,4,0.0,1,1,0,638552.88,0
615,West India,Female,40,8,526933.88,1,0,0,423016.88,0
561,South India,Male,47,2,906939.61,2,1,1,670629.54,1
800,North India,Female,23,8,477157.21,1,1,1,741290.91,0
637,South India,Male,47,1,448036.28,1,0,0,474976.85,0
670,North India,Male,28,7,0.0,2,1,0,324351.91,0
553,North India,Male,39,0,0.0,1,0,1,478961.71,0
522,North India,Female,30,8,0.0,2,1,1,363505.43,0
610,West India,Male,38,6,543977.42,2,1,0,398453.71,1
696,North India,Female,45,9,166665.68,4,1,1,753410.15,0
639,South India,Male,22,0,1666951.21,2,1,1,236984.0,0
737,North India,Male,28,10,646243.92,1,0,1,590077.8,0
661,South India,Male,38,0,1227108.11,2,0,1,612929.3,0
650,North India,Female,62,7,767053.09,1,1,0,850050.28,0
698,North India,Male,26,8,170152.23,2,1,0,305417.58,0
659,South India,Female,58,1,617633.7,2,0,1,563602.74,0
734,South India,Male,58,2,0.0,1,0,0,298726.46,0
699,North India,Male,34,1,1830138.75,1,1,1,476868.94,0
731,West India,Female,32,0,1414631.32,1,1,1,422813.04,0
714,South India,Male,28,1,295155.45,2,1,0,136576.19,1
772,West India,Female,35,7,0.0,1,1,0,707363.3,0
724,South India,Male,20,1,856131.23,1,0,1,789703.68,0
807,West India,Female,35,8,0.0,1,1,1,956504.24,0
601,South India,Female,52,0,0.0,2,1,0,1033593.83,0
725,North India,Female,29,5,0.0,1,1,0,580361.32,0
525,West India,Male,33,5,0.0,1,0,0,1654881.3,0
735,West India,Female,18,5,1765851.43,1,1,1,713861.52,0
655,East India,Male,40,6,1935389.54,1,1,0,334818.63,0
734,North India,Male,38,0,0.0,2,1,1,697420.75,1
801,South India,Male,36,8,122516.0,1,0,0,570111.79,0
722,South India,Male,33,10,474370.65,1,0,1,813165.76,0
612,West India,Female,32,4,644762.12,2,1,0,322008.04,0
552,East India,Female,41,7,1383850.84,2,1,0,530192.8,1
698,South India,Male,35,1,0.0,1,1,0,1098552.86,0
624,West India,Female,39,4,644488.67,1,1,1,361305.32,0
709,North India,Male,38,6,997322.69,1,1,1,1557263.36,0
604,North India,Female,48,2,1609125.69,2,1,0,456188.65,0
566,North India,Female,43,6,242001.88,1,1,1,444492.7,0
628,North India,Female,38,6,9389029.24,2,1,0,393881.19,1
695,North India,Male,52,10,238468.51,1,0,0,240451.41,0
660,North India,Female,40,9,1544440.5,4,1,0,1360867.58,0
576,South India,Male,50,1,819970.62,2,1,0,1153541.15,0
812,South India,Female,42,7,90095.33,1,0,0,767949.48,0
637,West India,Male,18,8,400755.73,2,1,0,749234.26,0
446,South India,Female,50,5,0.0,1,1,0,592567.71,1
733,South India,Male,37,5,0.0,2,1,1,444034.58,0
649,North India,Female,35,7,0.0,2,0,1,346834.82,0
634,West India,Male,39,4,52996.36,1,1,1,986273.29,0
632,North India,Female,32,0,66874.36,1,1,1,1023416.18,0
633,East India,Female,38,9,550182.36,1,1,0,337872.64,0
800,South India,Female,29,8,0.0,2,0,1,889892.63,0
691,North India,Female,50,2,0.0,2,1,0,362589.25,0
673,South India,Male,34,6,1571710.02,2,1,0,562644.4,0
626,North India,Female,31,5,345356.21,2,0,1,368001.47,0
805,North India,Male,25,10,324777.91,2,1,0,801714.16,0
725,North India,Female,38,3,0.0,2,1,1,362755.93,0
739,South India,Female,38,6,123096.86,2,1,0,369091.3,0
675,North India,Male,40,8,636497.82,1,1,1,1012978.33,0
739,West India,Female,24,3,0.0,1,1,0,549431.85,0
685,West India,Female,18,10,0.0,3,1,1,767534.49,0
616,South India,Male,42,5,0.0,2,1,1,368208.24,0
683,North India,Male,52,2,0.0,1,1,0,474451.18,0
838,North India,Male,24,2,0.0,1,1,1,939468.76,0
668,North India,Female,53,6,230673.75,1,1,1,866582.72,0
764,West India,Male,39,8,0.0,2,0,0,218649.61,0
757,South India,Male,35,4,688812.96,2,1,1,179362.07,0
700,South India,Male,31,2,104877.69,1,1,0,2092458.72,0
799,North India,Male,20,5,115436.58,1,0,1,554854.92,0
454,North India,Female,46,7,71228.08,1,0,0,447965.88,0
484,West India,Male,27,10,0.0,1,1,0,743344.22,0
805,South India,Female,27,3,1186916.59,1,1,0,274915.1,0
591,East India,Male,46,6,0.0,1,1,0,547339.9,0
660,East India,Male,18,6,0.0,2,1,1,363574.19,0
807,West India,Male,19,4,423959.36,2,1,0,323977.06,0
667,North India,Female,35,9,3261637.82,2,1,1,414466.3,0
802,North India,Male,39,1,293043.87,1,0,1,204558.79,0
615,North India,Male,41,3,2119145.86,1,0,1,208388.6,0
705,East India,Male,32,4,673531.27,2,1,0,640525.32,0
655,North India,Male,63,2,680834.97,1,0,0,220081.22,0
784,West India,Female,33,3,0.0,2,1,0,833896.82,1
626,East India,Female,33,4,3472439.07,2,1,1,800326.61,1
563,West India,Male,27,0,3061563.34,2,1,0,733242.54,0
607,South India,Male,37,2,522058.77,2,0,0,906899.38,0
611,North India,Female,42,8,0.0,2,1,1,833452.19,0
591,North India,Male,49,8,113120.97,1,1,0,363717.07,0
588,South India,Male,19,8,0.0,2,1,1,125733.58,0
750,East India,Male,33,8,3240004.74,2,1,1,658497.57,0
776,East India,Male,40,8,1660225.36,1,0,0,462660.42,0
685,North India,Male,42,3,662944.04,4,1,0,802083.76,0
591,North India,Male,36,6,0.0,1,1,0,310007.48,0
597,South India,Male,41,0,0.0,1,1,1,488864.51,0
463,South India,Male,27,4,153316.91,2,1,0,232218.86,0
684,North India,Female,53,10,250589.79,1,1,0,1195855.9,0
588,South India,Female,46,1,293903.55,1,1,1,1357995.96,0
782,East India,Female,21,9,881471.62,2,1,1,491972.75,0
525,East India,Female,24,3,1456481.39,2,0,0,618141.37,0
596,South India,Male,24,8,0.0,1,1,0,330525.06,0
641,South India,Male,43,4,752896.08,1,0,1,1126043.35,0
691,North India,Female,21,1,1989948.5,2,1,0,854695.73,0
812,West India,Male,32,0,267276.01,2,0,0,1369907.05,0
526,North India,Male,41,1,199658.94,2,1,0,376911.6,0
622,North India,Male,35,9,1118042.03,2,1,1,243999.89,0
521,North India,Male,38,0,0.0,2,1,1,1368950.66,0
721,South India,Female,24,2,601819.03,1,1,0,421077.73,1
591,West India,Female,42,10,0.0,1,0,0,923447.0,0
640,East India,Female,29,7,0.0,2,0,0,357168.15,0
634,West India,Female,32,6,0.0,1,1,0,644916.73,0
660,West India,Male,38,0,2655199.81,1,1,1,399929.1,0
635,North India,Female,37,9,262436.41,2,1,0,765209.2,0
562,South India,Male,36,2,0.0,1,1,0,454480.56,0
657,West India,Female,27,6,384916.09,1,0,1,716742.73,0
578,South India,Male,32,4,147665.17,1,0,0,533914.14,0
723,North India,Female,36,5,223442.31,1,1,0,282421.61,0
655,West India,Female,20,4,0.0,1,0,1,263353.93,0
556,North India,Male,30,7,235044.7,1,1,0,787146.56,0
866,North India,Male,40,0,0.0,2,1,0,857852.97,0
799,South India,Male,21,6,0.0,3,1,1,794675.45,0
869,North India,Male,48,8,1322064.56,2,1,0,564299.32,0
619,South India,Male,49,8,0.0,2,0,1,518000.86,1
574,South India,Female,22,2,4510861.41,2,1,1,858410.38,1
722,North India,Male,50,3,1242326.89,1,1,0,587524.3,1
749,East India,Male,34,3,29234.66,1,0,1,1223949.55,0
667,West India,Female,40,7,0.0,1,1,0,1341501.58,0
460,North India,Male,30,6,1659228.89,1,0,1,458404.84,0
561,West India,Male,46,7,208187.74,1,0,1,742299.61,0
688,South India,Female,40,4,1180181.41,1,1,1,2127733.14,0
590,West India,Female,27,2,4749054.97,3,0,0,1534986.23,1
527,West India,Male,23,8,0.0,1,1,0,418147.39,0
626,North India,Male,19,8,0.0,1,0,1,293964.05,0
357,West India,Male,38,9,0.0,1,1,0,1022938.56,0
595,West India,Male,42,9,740117.52,2,0,0,823243.87,0
611,North India,Male,43,1,1692666.27,2,0,0,468261.74,0
677,North India,Female,34,7,0.0,3,1,0,499356.99,0
699,North India,Female,23,2,0.0,1,0,1,443563.44,0
683,North India,Male,28,8,0.0,4,1,0,863071.04,0
730,North India,Male,48,1,0.0,2,1,1,544658.32,0
634,North India,Male,30,8,0.0,1,1,0,264788.77,0
518,North India,Male,37,1,1085093.11,1,0,0,455788.86,0
653,North India,Female,24,6,508498.18,1,1,1,217134.93,1
571,West India,Female,39,6,350946.19,1,0,1,487455.14,0
527,East India,Male,30,7,3177692.74,2,0,1,437966.85,0
702,East India,Male,47,3,90871.93,3,0,0,212771.84,0
522,North India,Female,44,3,2407119.42,1,1,1,409235.53,0
711,West India,Male,30,7,2079884.75,1,1,0,617832.0,0
533,East India,Male,34,5,239570.3,3,0,1,1084731.3,0
623,East India,Male,29,5,65015.28,1,0,0,123426.07,0
599,West India,Male,20,9,476585.18,2,1,1,350953.76,1
752,West India,Male,26,4,554658.93,1,1,1,852314.01,0
703,North India,Female,38,9,150573.92,3,1,1,333261.25,0
575,North India,Male,39,2,47135.36,1,1,0,2553824.31,0
635,South India,Male,37,1,283374.86,2,0,1,218901.75,0
769,North India,Female,32,7,85205.4,3,0,1,518037.58,0
784,East India,Male,46,0,342508.95,1,1,1,821905.94,0
526,South India,Male,36,0,0.0,1,1,0,574837.27,0
768,East India,Male,43,4,707829.65,1,0,0,959440.4,0
761,West India,Male,18,4,417452.0,2,0,1,598202.68,0
666,South India,Female,18,1,1426781.64,2,1,0,338668.19,0
641,North India,Male,39,9,131882.02,1,1,0,863795.88,0
600,North India,Female,20,6,719185.81,2,1,1,112990.3,0
537,West India,Female,33,0,417346.67,1,1,0,330960.55,0
680,West India,Male,32,3,1653852.18,1,0,1,527326.1,0
634,East India,Male,53,3,0.0,1,1,0,500837.65,0
689,North India,Male,40,1,1228363.18,1,1,0,960792.1,0
691,North India,Male,37,2,579763.9,1,1,0,501385.03,1
876,North India,Male,45,1,0.0,2,1,0,372547.62,0
757,North India,Male,40,5,137666.32,1,1,0,1316799.35,0
699,West India,Female,30,1,0.0,2,1,0,385748.47,0
457,North India,Male,47,6,0.0,4,1,0,911602.67,1
685,South India,Male,23,5,0.0,1,1,0,360888.82,0
792,South India,Male,39,9,813231.79,1,0,1,260849.54,1
611,North India,Male,18,1,0.0,1,1,1,1674400.56,0
847,South India,Female,38,2,2535206.27,1,1,1,2144007.72,0
698,South India,Female,38,7,738486.0,2,0,0,823008.75,0
676,North India,Male,54,0,108960.24,2,0,1,534775.48,1
560,West India,Female,18,8,0.0,1,1,0,792003.67,0
785,North India,Female,29,1,182017.53,2,1,0,768968.7,0
575,South India,Female,45,7,77157.52,1,1,0,647836.45,0
599,East India,Female,39,7,4238367.59,2,0,0,541225.86,1
480,West India,Female,37,7,74831.05,1,0,1,697452.45,1
730,South India,Male,25,3,0.0,1,1,0,515545.96,0
702,West India,Male,29,1,214816.11,4,1,1,710904.61,0
650,West India,Male,49,10,1271965.91,1,0,0,857922.77,0
716,North India,Male,35,1,1024277.61,1,1,0,1035430.66,1
708,West India,Female,40,6,85269.78,2,0,1,521872.76,0
617,South India,Female,34,0,0.0,2,1,1,788687.57,0
579,West India,Female,22,1,388587.07,1,1,1,1066257.99,0
495,North India,Male,46,2,133062.52,1,1,0,1139706.44,0
634,East India,Female,41,6,1021344.4,2,1,1,232948.45,0
532,South India,Female,61,10,0.0,3,1,1,735101.8,0
664,South India,Female,24,7,1117494.81,2,0,0,578313.79,0
635,South India,Female,45,3,879508.15,1,1,1,200214.55,0
613,North India,Male,21,3,795378.59,1,1,0,818629.16,0
744,North India,Male,37,9,345175.59,2,0,0,1002102.99,0
561,North India,Female,46,0,2584347.31,2,0,0,465871.86,0
483,North India,Male,18,0,88927.43,1,0,0,527726.63,0
629,South India,Male,33,6,93578.04,1,1,1,648898.41,0
583,South India,Male,29,10,5370016.1,2,0,0,403414.24,1
660,North India,Male,28,8,0.0,2,1,1,506062.27,0
567,South India,Female,40,1,1578686.93,1,1,1,451177.14,0
687,North India,Female,48,8,201113.51,2,1,0,300463.24,0
562,North India,Female,34,10,268536.51,2,1,0,718065.43,0
561,North India,Male,38,6,3994177.95,4,1,0,493022.12,0
705,South India,Male,37,10,831979.53,2,1,1,732130.88,0
645,North India,Female,36,7,0.0,1,1,0,1602378.47,0
543,North India,Female,24,4,417875.06,1,1,0,742044.8,0
564,South India,Female,48,0,223681.6,1,1,0,989384.05,0
616,North India,Female,39,7,1374649.41,1,0,0,554140.25,0
547,South India,Male,40,9,0.0,1,1,0,850973.02,0
624,North India,Male,27,2,326617.68,2,1,0,399251.02,0
627,West India,Female,30,4,371964.36,1,1,1,760348.29,0
567,West India,Female,34,6,549028.12,2,1,0,1134188.09,0
708,East India,Female,19,6,222082.65,1,1,0,379057.08,0
558,South India,Male,18,6,0.0,2,1,0,468236.61,0
762,South India,Female,29,10,270756.02,1,0,1,1298811.44,0
630,East India,Male,41,10,0.0,1,1,1,629072.15,1
590,South India,Male,28,1,29068.25,2,1,1,406007.18,0
698,South India,Male,24,1,2379232.12,1,1,1,360923.14,0
653,South India,Female,27,2,619519.29,2,1,1,569660.05,0
718,South India,Male,30,5,254467.63,2,0,1,305163.93,0
469,North India,Male,32,9,1534210.68,2,1,1,719108.21,0
696,West India,Male,59,1,92776.97,1,1,1,490233.42,0
603,East India,Female,47,6,0.0,2,0,0,588997.43,0
653,North India,Male,47,8,0.0,2,1,1,629601.93,0
642,West India,Female,48,8,360046.32,3,1,1,454213.66,0
771,North India,Male,25,1,295723.29,1,1,0,1796035.59,0
482,North India,Male,22,7,0.0,2,1,0,982192.82,0
795,West India,Female,23,7,365265.5,1,1,0,915972.23,0
713,North India,Male,50,7,503488.44,2,1,0,442032.59,0
663,South India,Male,29,1,2886011.93,2,0,0,454357.08,0
520,North India,Male,22,2,582180.29,2,0,0,554190.8,0
499,South India,Female,31,3,343646.43,1,1,1,762260.86,0
599,South India,Male,33,10,0.0,2,1,0,763235.57,0
707,East India,Male,38,5,957720.39,1,1,1,744906.0,0
649,West India,Female,38,1,171220.92,2,1,0,1020668.87,0
702,North India,Male,26,4,1175374.06,2,1,0,464452.91,0
518,South India,Male,43,8,316191.68,2,1,0,891828.22,0
653,East India,Male,28,5,0.0,1,1,0,263242.27,0
748,West India,Female,34,7,0.0,2,1,1,1179051.84,0
780,South India,Male,43,1,416340.82,1,0,0,1038437.77,1
537,South India,Female,28,3,0.0,2,1,1,750018.63,0
618,South India,Female,29,5,995166.9,1,1,0,588524.51,0
619,South India,Male,42,3,209834.85,1,1,1,701287.26,0
593,West India,Female,26,8,206395.72,3,1,1,424208.87,0
731,North India,Male,31,1,1307385.83,1,1,1,419883.11,0
900,East India,Male,42,6,754081.21,1,0,0,480021.74,0
549,North India,Female,58,8,0.0,2,0,1,474997.58,0
688,South India,Male,42,1,604820.12,1,1,0,665092.5,1
676,North India,Male,41,5,161123.26,1,1,1,726485.93,0
678,South India,Male,41,1,510919.26,1,0,0,876968.25,0
769,South India,Male,24,4,127236.13,1,1,1,578435.05,0
683,North India,Male,37,10,0.0,1,1,1,600851.14,0
457,East India,Female,35,7,0.0,1,0,1,812727.9,0
520,South India,Female,39,2,3610849.39,1,0,0,774665.4,0
553,South India,Male,37,4,370901.63,1,1,1,302910.18,0
582,South India,Male,40,2,337759.66,2,1,1,1041546.42,0
637,North India,Male,32,2,860003.34,1,1,1,482444.53,0
630,South India,Male,36,0,1715560.59,2,1,0,363382.23,1
485,North India,Male,22,1,665791.19,1,0,1,796425.06,0
505,South India,Male,32,6,1177588.23,1,0,1,344534.4,0
459,West India,Male,51,3,0.0,1,1,1,202698.19,0
510,North India,Male,39,10,0.0,2,1,1,1212529.33,0
739,South India,Female,35,10,413939.96,1,1,1,370986.19,0
625,North India,Male,56,0,1596235.46,1,1,0,692887.33,0
564,North India,Female,21,3,841053.33,1,1,1,310432.73,0
477,South India,Female,23,8,0.0,2,1,1,159464.05,0
558,North India,Female,54,7,0.0,2,1,1,187122.31,0
704,South India,Female,36,5,2588916.65,1,0,0,715340.6,0
692,North India,Female,33,5,788108.77,1,1,1,714781.65,0
627,East India,Female,22,1,0.0,1,1,0,865399.09,0
625,South India,Male,40,4,0.0,3,0,1,304028.8,0
490,North India,Female,41,8,0.0,1,0,0,358161.14,1
580,North India,Female,23,7,0.0,1,0,1,538831.08,0
700,North India,Male,34,3,679945.83,2,0,0,775766.68,0
589,North India,Female,32,6,1323598.26,2,1,1,658998.21,0
796,West India,Male,38,8,0.0,1,1,0,1322437.13,0
758,West India,Male,23,4,493130.72,1,0,0,463037.61,0
609,North India,Male,49,1,0.0,4,0,1,130115.93,0
626,South India,Female,46,1,327591.52,1,1,1,661744.42,0
850,South India,Female,32,7,721905.53,1,0,1,1048994.51,0
726,South India,Female,33,7,317061.47,3,0,0,1279470.22,0
656,North India,Female,34,7,695851.94,1,1,1,865615.99,1
666,East India,Male,27,4,88532.84,2,1,0,360507.44,0
663,West India,Female,31,1,174849.51,2,0,1,1018307.37,0
648,East India,Male,33,10,190208.8,2,0,1,1127305.59,0
553,North India,Female,53,10,718407.18,1,1,0,853159.78,0
613,South India,Male,46,9,1034747.06,2,0,1,1193963.13,0
520,West India,Male,46,7,435244.64,1,0,1,634113.25,0
715,West India,Female,40,3,0.0,1,1,0,412502.78,0
638,North India,Female,23,8,2842838.05,2,1,0,317865.56,0
719,East India,Male,35,9,538472.2,2,1,1,1000659.89,0
535,East India,Female,46,5,1551985.61,1,1,1,752456.42,1
777,North India,Male,22,10,0.0,2,0,0,716824.45,0
766,South India,Male,43,9,129050.64,1,1,0,304600.76,1
508,North India,Female,61,6,270580.42,4,1,0,794048.33,0
604,West India,Male,47,2,2523097.63,2,0,0,553548.03,1
614,West India,Female,51,1,497441.1,2,1,1,160702.65,0
520,North India,Male,38,1,0.0,1,1,1,773322.25,0
626,North India,Male,46,2,797022.28,2,1,1,1039391.16,0
700,North India,Male,28,6,0.0,2,1,0,305943.21,0
607,North India,Male,44,7,436728.3,1,0,1,304786.86,0
495,North India,Male,43,3,232091.57,2,0,1,1218368.89,1
719,South India,Female,39,2,293658.63,2,1,0,512451.27,0
578,West India,Female,50,10,895766.15,1,0,0,1064179.26,0
588,South India,Female,30,6,0.0,2,1,0,1379439.34,0
801,South India,Female,33,2,158022.03,1,1,1,1372960.0,0
685,North India,Male,37,7,351311.29,2,1,0,884735.29,0
577,North India,Male,24,3,267256.18,1,1,1,299837.74,0
542,West India,Male,38,7,740771.65,1,1,1,451997.37,0
736,South India,Male,18,1,4135018.77,1,1,1,1051269.29,0
730,North India,Female,47,7,932863.95,2,1,1,817107.68,0
604,North India,Male,36,7,0.0,1,1,1,569415.48,0
536,South India,Male,30,9,0.0,1,0,1,766654.29,1
684,West India,Male,26,2,0.0,2,0,1,1213271.87,0
703,South India,Male,33,1,0.0,2,1,1,1176594.3,0
616,North India,Male,43,6,1265280.8,2,0,0,1273646.14,0
550,West India,Female,42,8,216794.9,1,1,1,421767.8,1
652,North India,Male,28,9,0.0,1,1,1,877233.97,0
691,South India,Female,26,0,0.0,1,0,0,213341.51,1
606,North India,Male,43,4,336795.18,2,0,1,574760.37,0
673,East India,Female,28,2,400735.58,3,0,1,428841.14,0
682,West India,Female,36,8,240326.96,1,0,1,1629093.34,0
753,South India,Female,37,7,1068299.5,2,1,1,448205.87,0
612,West India,Male,39,8,208587.68,2,1,0,204824.0,0
547,South India,Male,45,8,676630.92,1,1,0,141628.85,0
643,North India,Female,22,9,85462.83,1,1,1,326252.64,0
801,West India,Male,18,2,239041.63,2,1,0,550634.81,0
491,South India,Male,29,6,946955.77,2,1,0,1081573.89,0
441,South India,Male,55,4,920131.24,2,0,0,266037.95,0
640,North India,Female,58,5,313555.13,1,1,1,538764.99,0
615,North India,Male,56,7,0.0,1,0,0,515765.23,0
631,South India,Female,33,9,674962.51,1,0,1,275964.34,0
627,South India,Male,18,10,0.0,1,0,0,616308.07,0
740,North India,Male,18,7,237373.51,2,1,1,338695.14,0
646,North India,Male,29,6,222424.21,1,1,1,485054.62,0
723,South India,Male,33,0,0.0,1,1,1,898737.31,0
427,North India,Male,50,0,333501.45,2,1,0,754384.62,0
602,South India,Male,45,5,432010.02,2,1,1,562471.73,0
576,South India,Male,38,8,0.0,1,0,1,483050.27,0
444,North India,Female,26,7,444790.42,1,0,1,425769.61,0
659,West India,Female,25,0,378807.8,2,1,0,999345.14,0
640,North India,Male,38,7,571948.4,2,1,0,647095.49,0
607,West India,Male,43,4,3980858.06,1,1,1,1417458.19,0
638,West India,Male,40,1,352722.84,2,1,0,458366.56,0
659,South India,Male,24,6,284486.81,1,0,0,532129.26,0
741,East India,Male,43,1,655530.6,2,0,1,398202.09,1
707,West India,Female,40,3,595709.62,2,1,1,1700516.74,0
679,East India,Female,24,10,0.0,1,1,1,1444993.58,0
857,South India,Female,27,3,1336104.12,1,0,1,240315.76,0
586,South India,Male,43,4,74052.5,4,1,1,1456050.31,1
527,South India,Female,33,5,0.0,2,0,1,302089.55,0
755,North India,Female,53,1,0.0,1,1,1,856079.29,0
818,East India,Male,41,7,889336.32,1,1,0,976934.7,1
592,West India,Female,30,8,0.0,1,0,1,113367.06,0
774,South India,Male,35,2,335589.31,1,1,0,348948.98,1
601,East India,Male,36,6,0.0,2,1,0,549290.93,0
702,East India,Male,27,3,0.0,1,1,1,606118.48,0
707,North India,Female,25,10,515978.59,2,0,0,1254927.99,0
593,West India,Female,43,9,126629.54,2,1,1,734307.39,0
816,South India,Female,45,10,0.0,2,1,0,485777.55,0
826,South India,Female,42,3,0.0,1,0,0,1171097.75,1
558,East India,Male,52,0,901540.29,2,1,1,421072.44,0
668,West India,Male,30,10,629726.83,2,0,1,200441.19,0
732,West India,Female,54,4,0.0,1,1,0,751200.22,0
480,South India,Female,26,5,1585730.33,1,1,0,469256.89,0
652,West India,Male,24,10,127516.55,1,1,0,247914.17,0
501,South India,Female,18,4,0.0,1,0,0,515144.12,0
710,North India,Male,31,5,201028.08,1,1,1,855252.08,0
657,South India,Female,30,2,468377.17,2,0,0,393651.37,0
616,North India,Female,41,10,630281.0,2,1,0,1726100.49,0
508,South India,Female,38,1,608357.21,2,0,1,1161841.95,0
596,West India,Male,22,4,234005.0,1,1,1,787109.53,0
696,North India,Male,31,5,872604.65,1,1,1,474740.95,0
646,West India,Male,31,9,0.0,1,1,1,606810.88,0
757,North India,Female,18,5,38524.86,1,1,1,493560.45,0
751,South India,Female,25,4,296313.07,2,1,0,456968.84,0
747,South India,Female,27,1,0.0,2,1,0,556153.05,0
601,West India,Male,51,0,0.0,1,1,1,811276.62,0
676,West India,Male,38,9,0.0,2,1,0,332995.54,0
563,South India,Male,43,5,91103.42,4,1,1,754969.22,0
536,North India,Male,19,0,205526.14,2,0,0,277800.02,0
756,West India,Female,49,0,592857.99,1,0,0,349204.59,0
543,South India,Female,50,5,923568.06,1,1,0,950644.28,1
533,North India,Female,18,0,87279.35,1,1,0,333133.78,0
659,North India,Male,28,1,0.0,1,1,0,264493.21,1
625,North India,Male,41,0,60408.85,1,1,1,451896.66,0
633,North India,Male,43,6,71980.26,2,1,0,377715.57,0
857,South India,Female,28,3,719509.95,2,0,1,1110607.56,0
560,South India,Female,32,3,2854528.38,2,1,1,960532.16,0
694,South India,Male,29,3,0.0,2,1,1,386602.69,0
657,South India,Male,37,4,240067.73,1,1,0,1051858.56,0
740,East India,Female,49,8,1547419.55,2,0,1,288655.86,1
579,South India,Female,27,10,389751.34,1,1,0,455446.18,0
629,South India,Male,47,4,112315.31,1,1,1,642175.12,0
660,North India,Female,27,9,0.0,2,1,1,738298.52,0
520,South India,Male,26,1,2302520.0,3,0,0,585368.92,1
487,South India,Female,45,7,139352.5,1,1,0,414315.42,0
648,South India,Male,46,7,0.0,1,1,1,793415.77,0
770,West India,Male,45,8,399804.47,2,0,1,407706.71,0
618,West India,Male,21,3,118594.73,2,1,0,1456486.22,0
630,West India,Male,30,2,0.0,2,0,0,192892.17,0
753,North India,Male,45,9,0.0,2,0,1,277679.77,0
636,North India,Female,36,10,558333.68,1,1,1,3037918.33,0
719,North India,Male,24,5,356813.39,2,0,1,333816.26,0
889,West India,Female,41,0,1348950.7,2,1,1,529951.24,0
598,South India,Male,28,5,0.0,2,1,0,463856.29,0
634,West India,Male,55,4,884134.75,1,0,0,576002.32,0
685,South India,Female,52,0,1219766.28,1,1,1,161707.24,0
784,North India,Female,42,5,407480.32,2,0,0,539403.71,0
639,North India,Male,50,2,1042943.6,1,1,0,349124.13,1
715,North India,Male,36,7,453787.14,2,1,0,865061.62,0
681,North India,Female,44,2,1535645.8,2,0,1,453717.68,0
643,North India,Male,52,2,87230.9,1,0,1,610045.57,0
612,North India,Male,38,6,0.0,1,1,0,533403.32,0
595,West India,Male,33,0,414130.77,1,1,0,501585.05,0
900,South India,Male,18,9,0.0,2,0,1,839756.89,0
511,North India,Male,35,9,0.0,1,1,1,526308.54,0
519,South India,Female,45,7,350045.53,2,1,0,407209.93,0
672,East India,Male,46,3,0.0,2,1,1,1258676.66,0
668,South India,Male,41,4,183808.66,1,1,1,464696.83,1
688,East India,Female,30,4,0.0,1,1,1,1376658.38,0
571,South India,Female,18,3,728500.0,2,1,0,119592.44,1
557,East India,Male,30,10,835862.66,1,0,1,2100854.39,0
624,North India,Female,32,0,163902.05,2,0,0,508850.23,1
731,North India,Female,32,2,0.0,1,1,0,717113.78,0
558,West India,Male,42,7,0.0,1,0,1,610311.95,0
663,East India,Male,57,1,134854.78,2,0,0,315301.91,0
603,West India,Female,37,7,0.0,1,0,1,440998.03,1
512,South India,Male,33,10,210464.98,1,1,0,714252.35,0
534,North India,Male,33,3,1186007.65,1,0,1,428827.8,1
731,South India,Female,37,8,470239.25,1,1,0,228174.05,0
595,North India,Male,26,7,428206.56,1,1,0,1639415.73,0
761,North India,Female,37,7,0.0,2,1,1,654716.73,0
646,North India,Male,40,3,555889.33,1,1,1,1727892.74,0
526,South India,Male,38,1,702637.85,2,1,1,1094106.97,0
692,West India,Male,41,7,217838.23,2,1,0,740355.34,1
577,North India,Male,40,6,602541.85,2,1,1,1506289.85,0
616,North India,Female,18,1,227657.42,2,1,1,664142.98,1
751,North India,Female,43,6,0.0,1,1,1,668766.59,0
533,North India,Male,28,0,369031.88,1,1,1,294123.49,0
609,South India,Female,23,5,0.0,4,1,1,616690.0,1
552,North India,Male,23,6,348341.49,4,1,1,484408.24,1
542,East India,Male,40,1,301816.62,3,1,1,962291.75,0
607,South India,Male,33,1,738281.28,2,0,0,849618.71,1
572,North India,Male,18,10,466268.47,1,0,0,207921.81,0
625,South India,Female,41,7,739944.6,1,1,0,445649.53,0
707,North India,Male,20,1,3523273.75,2,1,0,578466.57,0
582,North India,Male,37,9,1655334.25,1,1,0,1258213.45,0
517,North India,Male,38,1,284749.87,1,0,1,561876.29,0
707,North India,Female,45,10,274916.34,2,1,1,213612.44,0
581,West India,Female,55,4,0.0,1,1,1,362040.21,0
814,West India,Female,20,3,1910404.12,2,1,1,764393.17,0
613,South India,Male,35,0,1092444.23,1,1,0,395226.44,0
637,West India,Male,32,7,0.0,1,1,0,404691.84,0
442,South India,Male,40,3,191312.48,1,1,0,385785.46,0
545,North India,Male,38,10,0.0,2,1,0,516633.85,0
444,South India,Female,32,8,4416052.84,2,1,1,756724.18,0
676,South India,Male,31,1,281896.17,2,1,1,715804.73,0
642,North India,Male,23,1,270436.64,1,1,1,397148.49,0
706,West India,Male,46,5,0.0,2,1,0,670928.24,0
722,West India,Male,41,10,1930141.81,2,0,1,382114.06,0
736,West India,Male,46,10,107458.15,1,1,1,413749.21,0
629,North India,Male,32,1,318885.03,2,1,0,467976.54,0
657,North India,Male,28,1,816224.52,1,1,1,973206.1,0
702,North India,Female,24,5,340688.64,3,1,0,560891.5,0
578,East India,Male,39,5,0.0,2,1,0,307698.32,0
565,West India,Female,24,7,746163.46,2,1,1,180142.64,0
788,West India,Female,56,10,749892.32,1,1,1,316435.16,0
487,South India,Female,21,10,0.0,2,1,1,428064.09,0
695,South India,Male,39,9,867331.2,1,1,1,1116122.76,0
680,North India,Male,53,10,0.0,1,0,0,489647.65,0
548,West India,Female,42,0,1945864.34,1,0,1,431901.87,1
589,West India,Male,37,0,0.0,1,0,0,481714.8,0
617,South India,Male,25,6,563484.69,1,0,0,458841.78,1
669,North India,Male,20,8,0.0,2,0,0,184039.59,0
681,West India,Female,44,6,162935.48,2,1,1,487507.54,0
647,North India,Female,52,3,0.0,1,0,0,842561.67,0
666,West India,Male,31,8,429103.29,2,0,1,488286.72,0
709,South India,Male,23,10,0.0,1,0,1,753138.88,0
705,South India,Female,18,5,1653099.58,1,0,0,782613.57,1
788,West India,Male,25,9,983712.42,1,0,0,512941.09,0
743,South India,Male,34,10,258546.53,1,1,1,920764.09,0
651,North India,Male,53,0,358560.48,2,0,1,1188743.83,1
707,East India,Female,43,5,969903.6,2,0,0,678310.1,0
688,East India,Male,39,9,72523.51,2,1,0,558098.0,0
664,South India,Male,31,5,204154.37,2,1,1,552716.45,0
571,South India,Male,29,0,0.0,1,1,0,513690.13,0
664,South India,Female,51,7,674458.58,2,1,1,378711.79,0
464,South India,Female,38,4,0.0,2,1,1,818713.37,0
746,East India,Male,18,3,1149893.25,1,0,1,1201555.93,0
681,North India,Female,28,9,1976934.73,1,1,0,386130.51,0
635,North India,Male,26,0,0.0,1,1,1,1078763.12,0
612,East India,Male,29,4,0.0,1,1,0,512624.41,0
708,North India,Female,42,0,452681.28,2,0,1,751628.85,0
815,West India,Male,34,2,238025.47,2,0,1,619565.34,0
683,North India,Male,35,9,323348.23,1,1,1,1253279.35,0
821,East India,Male,50,0,0.0,1,1,0,978685.02,0
720,West India,Female,28,9,3474760.25,1,1,1,783506.02,0
577,East India,Female,56,2,548510.22,1,1,0,886612.62,0
693,East India,Female,28,1,0.0,1,0,0,766124.43,0
685,North India,Male,36,3,0.0,2,1,0,1252001.04,0
577,South India,Female,32,6,2874678.46,1,1,0,538703.87,0
613,South India,Male,37,0,2580949.89,1,0,0,255111.99,1
611,West India,Female,40,6,124773.86,1,0,1,583550.21,0
659,North India,Female,40,5,3006008.43,1,1,1,807127.06,0
624,East India,Male,27,3,1203149.24,1,1,0,721144.8,1
674,North India,Male,23,8,0.0,2,1,0,896079.66,0
688,West India,Male,63,6,0.0,1,0,0,606196.89,0
764,South India,Female,30,9,151708.83,2,1,0,368876.08,0
699,South India,Male,43,9,149451.66,1,1,0,561986.88,1
586,South India,Male,18,4,485356.66,2,1,0,445017.91,0
839,North India,Male,32,1,254407.13,2,0,0,1477473.03,0
587,North India,Male,34,10,292818.94,1,1,0,676905.67,0
615,South India,Female,41,0,2998332.22,1,1,1,1941050.61,1
703,South India,Male,18,1,338455.83,1,1,1,1533333.0,1
900,West India,Male,37,8,266478.84,1,1,1,972933.58,0
686,South India,Female,23,1,312151.59,3,1,0,1178304.58,0
592,South India,Female,39,4,3233169.14,1,0,1,530870.34,0
502,East India,Male,24,7,0.0,2,1,0,396640.75,0
496,West India,Male,26,7,555605.15,1,0,1,845167.77,1
650,North India,Female,32,10,0.0,1,1,0,736300.75,0
699,West India,Male,24,8,173291.08,2,1,1,934750.49,0
522,East India,Female,30,3,6389722.37,1,1,0,1982463.95,0
669,East India,Male,22,9,388780.12,1,1,1,664442.94,0
531,West India,Male,18,6,3066675.25,1,1,1,381690.87,0
566,South India,Male,47,8,875094.63,1,0,1,509249.95,0
706,North India,Male,21,6,509342.6,1,1,0,705112.2,0
582,West India,Female,34,0,613486.01,2,1,0,1125609.99,0
767,West India,Female,44,10,485681.87,2,1,0,665693.93,0
597,North India,Female,29,5,1094313.41,2,1,0,472888.88,1
749,North India,Female,26,1,561116.21,1,0,1,1033220.94,0
853,South India,Female,38,6,279511.05,2,1,0,504981.49,0
582,South India,Female,48,8,0.0,1,1,1,2633925.44,0
871,North India,Female,23,6,0.0,2,1,1,620374.24,0
651,South India,Male,34,7,555770.32,2,0,1,344894.1,0
593,West India,Male,18,1,149834.88,2,0,0,1120912.19,0
623,North India,Female,31,9,123296.63,2,0,1,635006.5,0
613,East India,Female,36,4,504142.82,1,0,1,316741.69,1
776,South India,Female,26,9,175490.77,2,1,1,696065.02,0
768,North India,Female,30,0,1335736.19,2,1,1,616788.57,1
767,North India,Male,20,2,232023.48,2,1,1,818257.01,0
533,North India,Female,36,0,0.0,1,1,1,1198329.98,0
667,North India,Female,47,1,0.0,1,1,0,673995.61,1
510,West India,Male,23,3,935772.04,1,1,1,899737.07,0
740,West India,Female,29,5,427687.45,2,1,0,626349.56,0
606,West India,Male,41,0,1280382.49,2,0,1,757589.64,1
695,South India,Female,49,8,0.0,1,1,0,844122.56,0
604,South India,Female,19,0,379036.17,1,1,0,697059.32,0
491,North India,Male,34,7,674069.14,1,1,1,624050.71,0
729,South India,Male,39,0,145392.24,2,1,1,592919.39,0
736,South India,Male,34,0,0.0,2,1,1,363506.75,0
662,South India,Male,18,7,302872.37,1,0,0,338027.4,0
459,East India,Male,41,1,0.0,1,1,0,380823.29,0
717,South India,Male,52,0,286093.54,2,1,1,445941.13,0
583,West India,Female,37,6,1016649.82,1,0,1,577322.68,0
696,South India,Male,24,0,0.0,1,1,0,343614.92,0
605,North India,Male,30,3,2045799.38,2,1,1,712928.1,0
615,West India,Female,55,9,0.0,2,0,0,1042372.36,0
694,North India,Female,46,9,0.0,1,0,1,643317.85,0
576,South India,Female,43,8,298902.68,1,1,0,323846.58,0
634,South India,Female,39,9,1281840.9,2,1,1,333333.37,0
695,North India,Male,28,2,720781.54,1,1,1,149580.8,0
844,South India,Male,33,5,135121.48,1,1,0,722806.88,0
643,North India,Male,35,9,0.0,1,1,1,1606931.88,0
725,North India,Female,42,10,308237.06,2,1,0,507364.88,0
544,West India,Male,52,8,309268.49,2,0,1,826563.19,0
802,South India,Female,48,3,0.0,2,1,0,248955.24,0
577,North India,Male,20,2,989904.21,1,1,1,801904.43,0
638,South India,Male,38,4,0.0,2,1,0,833413.9,0
696,West India,Male,44,10,242502.22,1,1,0,770290.45,0
579,North India,Female,42,6,561067.46,2,1,1,387787.57,1
747,South India,Male,29,4,2201975.96,2,1,1,623551.08,1
590,South India,Male,68,10,450111.44,2,1,1,265936.25,0
724,West India,Male,21,10,0.0,1,1,0,613541.79,0
746,South India,Male,24,10,0.0,2,0,0,437371.66,0
702,North India,Female,38,3,1099111.01,1,0,1,767171.1,0
713,South India,Male,59,0,323386.25,2,0,0,504826.7,0
877,South India,Male,26,5,0.0,1,0,0,858040.13,0
687,North India,Female,33,3,0.0,2,1,0,637422.63,0
659,West India,Male,47,5,280421.53,2,1,0,428251.85,0
680,North India,Male,35,5,540784.16,2,1,1,823979.35,0
764,North India,Male,32,3,0.0,3,1,1,1603434.74,0
859,North India,Male,42,7,108810.67,1,1,0,520016.19,0
635,West India,Male,38,3,257965.85,2,1,0,389146.83,0
567,South India,Female,47,4,1386324.63,1,1,1,1678099.27,1
754,North India,Female,50,4,261821.56,2,0,0,659807.51,0
527,West India,Male,39,10,348021.26,1,1,1,1974589.37,0
673,North India,Female,39,1,1233248.83,1,0,1,458887.18,0
677,North India,Male,38,7,0.0,2,1,0,480213.61,0
640,North India,Male,41,7,0.0,2,0,0,453133.38,0
645,East India,Female,36,9,348113.85,2,1,1,684499.74,0
501,West India,Male,35,7,1182406.64,2,1,1,426052.16,0
571,West India,Male,49,0,888241.13,1,1,0,469971.85,0
734,North India,Female,52,6,213526.71,2,1,1,644407.37,0
466,South India,Male,19,2,596265.77,1,1,0,503521.37,0
642,South India,Male,36,0,248173.81,2,1,1,421595.2,0
621,South India,Female,28,4,211801.48,1,1,1,408951.9,0
470,North India,Female,32,3,0.0,2,1,1,442937.5,0
802,West India,Female,40,6,133229.67,2,0,1,497712.87,0
557,North India,Male,43,0,537480.97,1,1,1,253748.12,0
699,South India,Male,34,0,555433.5,2,1,0,374081.97,0
607,South India,Male,18,7,143190.2,1,0,0,568183.84,0
573,West India,Male,25,10,268088.42,1,1,1,672812.25,0
628,North India,Male,45,3,541299.11,1,1,0,799079.81,0
617,North India,Female,18,10,918799.86,1,1,0,1008069.68,0
633,South India,Male,49,8,2821501.99,1,1,0,289164.78,1
579,East India,Male,41,9,1339544.18,1,1,0,598266.66,1
558,East India,Male,50,9,2091988.11,2,1,1,777480.01,0
740,North India,Female,33,4,0.0,2,0,0,340551.36,0
650,North India,Female,18,10,0.0,2,1,1,358764.15,0
644,South India,Female,40,5,1027161.84,1,1,0,752861.2,0
569,South India,Male,50,10,122117.48,1,1,0,459462.42,0
791,West India,Male,46,1,1042305.79,2,1,0,1532777.51,1
642,South India,Male,28,10,0.0,1,1,0,776817.12,1
479,South India,Female,36,2,1103495.15,2,1,0,1597710.12,0
674,South India,Male,30,6,473135.66,1,1,0,565696.79,1
581,North India,Male,26,6,1147971.51,1,0,1,501697.47,0
731,West India,Male,46,5,0.0,2,0,0,429846.1,0
743,South India,Male,22,10,1214956.53,2,0,0,516437.57,0
733,West India,Male,26,3,0.0,2,0,0,442389.28,0
608,North India,Male,23,9,257370.07,1,1,1,710731.79,0
639,North India,Male,19,3,159641.99,1,0,0,312993.26,1
672,East India,Male,37,7,0.0,1,0,0,433880.39,0
730,South India,Male,48,8,0.0,2,1,0,262006.14,0
556,East India,Female,33,7,490054.89,1,0,0,1274314.92,0
658,West India,Male,19,7,69140.54,1,1,0,856855.2,0
818,East India,Female,45,10,0.0,1,0,0,162590.96,0
601,North India,Male,54,4,1594382.72,1,1,0,318262.41,1
647,North India,Male,28,10,747807.09,2,0,1,307022.78,0
885,West India,Female,30,1,0.0,2,1,1,1218908.42,0
628,West India,Female,41,9,842606.51,2,0,1,364438.72,0
511,South India,Male,53,1,903944.29,2,1,1,376140.47,0
644,South India,Male,30,1,0.0,3,1,0,524677.22,0
800,East India,Male,21,5,777540.88,4,1,1,737274.45,0
745,North India,Male,42,9,1101975.89,4,1,1,651194.1,0
561,South India,Male,44,4,370906.1,2,1,1,885628.67,0
687,North India,Male,36,3,259818.81,2,1,0,193024.58,0
634,North India,Male,29,3,1529366.61,1,0,0,460005.48,0
723,South India,Male,46,7,1332231.72,1,1,1,393051.17,0
594,West India,Female,41,9,76191.22,1,0,1,1194973.55,0
694,West India,Female,27,1,351544.7,2,1,0,812405.24,0
821,East India,Male,36,4,352521.44,2,1,0,416786.96,0
414,North India,Female,21,6,224970.11,1,1,1,449688.4,0
703,South India,Female,43,6,1424470.72,1,1,0,384911.11,0
768,North India,Male,33,7,0.0,1,1,1,296275.1,0
509,North India,Male,31,2,393774.31,2,0,0,954593.33,0
585,North India,Female,35,1,430578.12,2,0,0,668525.42,0
614,North India,Male,36,7,539058.03,2,0,1,1175039.89,0
584,South India,Female,45,8,721452.71,2,1,1,668397.59,0
577,North India,Male,42,0,320426.8,1,0,0,389708.58,1
616,South India,Male,34,8,0.0,2,1,1,684099.02,0
726,East India,Female,44,7,768164.9,3,1,0,288227.99,1
783,West India,Female,40,6,451986.43,1,1,0,579682.49,0
767,West India,Male,31,7,0.0,2,0,0,622844.4,1
739,West India,Female,34,2,183216.71,2,0,0,329792.61,0
814,South India,Male,34,1,581961.53,1,0,0,481476.65,0
832,West India,Female,41,3,0.0,1,1,0,438908.55,1
664,West India,Female,31,6,424174.68,4,0,1,616148.93,0
778,North India,Male,31,1,122919.95,1,1,0,1110987.97,0
688,West India,Male,57,6,1863768.92,2,1,0,421561.36,0
630,South India,Male,46,6,0.0,1,0,0,388895.11,0
645,North India,Male,27,9,0.0,2,1,1,387249.5,0
741,South India,Male,42,8,1906164.84,1,1,1,409313.88,0
781,West India,Female,37,2,537825.77,1,0,1,951159.71,0
702,South India,Male,40,8,0.0,1,1,0,507980.63,0
614,North India,Male,37,6,791800.1,1,1,0,590128.59,0
605,South India,Female,49,10,0.0,1,0,1,559922.64,0
483,South India,Male,39,7,181131.72,2,1,1,992231.07,0
682,East India,Male,35,2,0.0,1,1,0,241470.11,0
676,West India,Male,47,4,467461.96,1,0,1,301631.93,0
555,West India,Male,38,10,0.0,1,1,1,560968.97,0
692,North India,Male,37,6,223585.39,2,1,0,818074.16,0
691,North India,Female,39,7,4118003.73,3,1,0,1170235.37,0
516,South India,Male,34,5,0.0,2,1,0,471326.13,1
621,South India,Female,36,5,310344.56,1,0,0,455786.02,0
776,North India,Female,29,4,0.0,1,0,0,524735.18,0
593,South India,Female,27,3,284495.34,1,1,0,665491.78,0
651,South India,Male,25,6,596747.73,2,0,0,373591.42,0
664,South India,Male,20,9,336022.42,1,1,1,804389.41,0
647,North India,Female,26,4,0.0,2,1,1,344875.29,0
711,North India,Male,34,7,0.0,1,1,1,2376868.4,0
734,West India,Male,37,0,0.0,1,1,1,440008.74,0
763,South India,Female,33,7,240616.44,2,1,0,1235708.11,0
621,West India,Female,18,4,0.0,1,0,0,611853.27,0
697,West India,Male,53,3,907382.55,1,1,1,618474.29,0
725,West India,Female,47,5,0.0,1,0,1,400824.59,1
639,North India,Male,40,6,0.0,2,0,0,986624.17,1
585,North India,Male,56,2,662537.07,2,0,0,271922.62,0
662,South India,Female,25,3,0.0,1,1,0,542056.34,0
595,East India,Female,56,6,420157.69,2,0,0,781940.64,0
586,West India,Female,25,6,876662.5,1,1,1,1091272.24,0
669,South India,Male,38,2,1277388.12,1,1,1,602267.39,0
633,North India,Female,21,8,268755.2,1,0,0,563933.47,0
665,South India,Male,36,2,0.0,2,0,1,554802.51,0
510,South India,Male,40,7,66283.94,3,0,0,462668.51,0
634,West India,Female,34,7,199421.98,2,1,1,272656.32,0
446,South India,Male,43,2,136918.42,4,0,0,886080.99,1
555,North India,Male,37,6,282166.25,2,0,0,297462.9,0
641,North India,Male,30,2,787139.89,3,1,1,493539.0,0
759,North India,Male,29,1,5177468.31,1,1,1,706833.89,0
698,South India,Male,44,6,1521542.41,1,1,1,1066429.54,1
658,North India,Male,28,7,754983.23,2,0,0,426303.2,1
616,South India,Male,46,8,0.0,2,1,0,1550411.7,0
627,West India,Male,49,0,919575.7,1,1,1,812408.59,0
767,North India,Female,18,8,0.0,1,0,0,305176.08,0
550,South India,Female,48,1,0.0,1,1,1,540507.76,0
584,West India,Male,58,2,113026.72,2,1,1,333280.0,1
746,South India,Male,38,7,634506.74,1,1,1,274834.81,0
619,South India,Female,42,1,511200.09,1,0,0,314948.55,0
824,South India,Male,47,6,428723.17,1,1,0,360586.84,0
712,South India,Male,32,10,0.0,2,1,1,981797.19,0
753,North India,Female,38,7,2132541.54,1,1,0,2766800.94,0
503,North India,Male,21,9,818455.04,2,0,0,665344.35,0
745,North India,Male,37,4,0.0,2,0,1,339590.29,0
573,West India,Male,41,10,0.0,1,0,1,566610.93,0
714,North India,Male,41,2,315275.6,2,1,0,428410.9,0
617,East India,Male,47,10,0.0,2,1,0,692590.28,0
670,West India,Female,27,8,0.0,1,0,1,497860.56,0
550,West India,Female,30,7,0.0,1,1,1,526443.72,0
495,West India,Male,56,2,377708.4,1,1,0,884312.72,0
663,North India,Female,34,7,93973.95,2,1,1,961377.39,0
623,South India,Female,38,2,436489.6,1,0,1,611541.57,0
569,East India,Male,35,5,0.0,2,1,0,971974.95,0
498,North India,Male,26,0,4826185.87,1,1,1,1101710.79,1
409,North India,Male,53,3,1103278.05,1,0,0,597369.87,1
697,North India,Female,30,7,0.0,1,1,1,341343.89,0
627,South India,Male,23,5,3831135.48,1,1,1,295395.24,0
595,North India,Female,31,10,0.0,1,0,1,802972.33,0
669,South India,Male,18,4,578925.19,1,0,1,1096582.3,0
741,West India,Male,28,5,0.0,2,0,1,587190.99,0
674,North India,Male,25,6,756112.55,1,0,1,925195.38,0
610,West India,Female,42,0,101616.4,2,1,1,818329.09,0
841,North India,Male,28,2,486999.21,1,1,1,885052.36,0
592,North India,Male,45,0,1936037.55,2,1,0,308224.78,0
523,North India,Male,51,8,131946.97,2,1,1,398596.86,0
658,West India,Female,44,3,0.0,2,0,0,224225.8,0
626,West India,Female,33,1,756786.59,1,1,1,519712.75,0
735,North India,Male,37,10,497093.61,2,1,1,592739.01,0
602,North India,Female,19,4,156579.48,1,1,0,268532.78,0
635,West India,Male,34,1,0.0,1,1,1,528906.92,0
572,South India,Male,26,6,1449147.54,1,1,1,722824.46,0
722,North India,Male,43,3,217391.17,2,0,1,879577.13,0
662,South India,Male,64,4,454253.4,2,1,0,592444.68,0
625,West India,Male,41,8,2964447.52,1,1,1,625953.18,0
636,North India,Female,18,1,0.0,2,1,0,1013702.32,0
648,North India,Female,32,10,0.0,2,1,0,814944.76,0
520,North India,Female,37,4,220681.95,1,0,0,286084.47,1
754,West India,Female,36,3,589151.05,1,1,1,258541.79,0
749,North India,Female,27,2,133457.59,2,1,0,429149.83,0
653,West India,Male,38,10,1136212.62,1,1,1,480920.48,0
644,West India,Female,22,0,849964.45,2,0,0,971326.4,0
560,South India,Female,25,5,0.0,2,1,1,1332064.91,0
805,North India,Female,43,6,139979.45,2,1,0,677596.48,0
783,East India,Male,24,0,0.0,3,1,0,880544.14,0
685,South India,Male,41,5,1944475.23,1,0,1,453134.17,0
723,South India,Female,20,0,0.0,1,1,1,326322.27,0
760,East India,Female,55,5,0.0,2,1,1,504542.75,0
742,West India,Male,27,3,0.0,4,1,1,355308.21,1
572,South India,Male,33,5,840932.25,1,1,0,677410.98,0
621,South India,Male,39,0,131658.27,1,1,0,1233283.77,1
692,North India,Female,29,0,0.0,1,0,1,276001.71,1
668,East India,Male,37,2,134565.5,1,1,0,251249.93,0
717,West India,Male,42,5,1625079.49,1,1,0,543131.86,0
707,North India,Male,46,2,0.0,1,1,1,747305.02,0
672,West India,Male,44,6,0.0,2,1,1,333404.01,0
415,West India,Male,34,10,141898.8,2,1,1,633719.27,1
755,North India,Female,34,3,854204.24,2,1,1,431161.33,0
725,South India,Female,61,8,166315.84,1,1,1,922090.6,1
836,North India,Male,46,6,1188621.65,2,1,0,525291.84,0
607,West India,Female,25,3,679974.32,1,1,1,872247.68,0
484,North India,Male,37,8,0.0,1,0,1,505308.97,0
633,West India,Male,32,4,682598.01,2,1,0,2815511.29,0
691,North India,Male,34,3,856729.9,2,1,0,308805.44,0
610,North India,Male,22,1,0.0,1,0,1,558787.02,0
773,North India,Female,31,8,325943.24,1,1,0,1116478.69,0
590,West India,Male,55,9,2240883.01,1,1,1,349482.46,1
640,North India,Female,42,7,0.0,1,1,0,876986.5,0
627,South India,Female,18,5,0.0,1,0,0,651470.35,0
899,South India,Female,49,0,0.0,2,0,0,571242.27,0
568,West India,Female,47,7,570940.0,2,0,1,684180.92,0
702,South India,Female,32,3,379014.23,1,1,1,902928.25,0
541,North India,Male,43,0,1636627.09,1,1,1,579937.1,0
680,North India,Male,26,2,439501.23,2,1,1,944171.24,0
564,North India,Male,30,5,944485.05,2,1,0,423385.92,0
748,South India,Female,52,1,442000.59,1,1,1,692940.41,0
731,West India,Male,33,7,180069.63,2,0,1,647929.94,0
674,North India,Female,18,4,66250.41,1,0,1,410170.61,0
524,West India,Male,35,4,134052.8,2,1,1,1087141.86,0
645,North India,Male,35,0,1494079.1,2,1,0,332452.62,0
622,North India,Male,49,8,0.0,2,1,1,220021.92,0
724,South India,Female,36,10,228170.01,1,0,0,349138.84,0
568,North India,Male,31,1,0.0,2,1,0,738947.14,0
753,West India,Male,47,8,398254.23,1,0,0,1393411.5,1
737,East India,Male,37,9,371476.82,2,0,1,300763.8,0
526,North India,Male,27,9,632077.18,1,0,0,804746.15,1
630,South India,Male,48,10,0.0,2,1,1,295360.39,0
645,East India,Male,38,0,223196.79,1,1,1,564007.84,0
740,North India,Male,36,9,106632.1,2,1,1,458116.57,0
588,South India,Male,37,7,0.0,1,1,0,1075947.37,0
668,North India,Female,24,2,495190.48,1,1,0,1078077.52,0
748,South India,Female,30,2,1025107.05,1,1,0,1052976.9,0
672,West India,Male,36,6,263815.05,2,0,0,343756.84,0
482,West India,Male,33,6,958847.42,2,1,0,684402.79,0
605,South India,Male,49,6,967118.16,2,1,1,470015.94,1
731,West India,Female,38,10,0.0,3,0,0,1027598.58,0
720,North India,Male,45,6,37994.34,2,1,1,1376703.77,0
447,East India,Male,36,2,0.0,2,1,1,166730.41,0
668,North India,Male,47,7,0.0,1,0,0,601562.4,0
735,North India,Male,40,0,251578.48,1,1,0,826788.76,0
698,East India,Male,36,2,1938109.46,1,0,0,1133943.6,0
708,West India,Female,35,7,0.0,1,0,1,1032744.44,0
835,West India,Male,25,1,0.0,1,1,1,448771.41,0
646,North India,Male,41,6,303160.69,1,0,0,386499.82,0
677,West India,Male,35,3,0.0,2,1,1,605010.03,0
565,South India,Female,30,5,2283982.76,3,0,1,611824.25,1
592,West India,Male,48,8,0.0,1,1,1,694080.42,0
620,East India,Male,22,7,602409.56,1,0,0,497850.5,0
726,North India,Female,31,3,175798.67,1,1,1,624057.49,0
582,South India,Female,47,6,772441.92,2,1,1,438916.09,0
761,West India,Male,39,2,1641425.38,1,1,0,567761.19,1
551,South India,Male,35,8,0.0,2,1,0,807739.47,0
707,North India,Male,38,1,0.0,1,1,0,789426.1,0
699,North India,Female,37,5,144179.82,1,1,0,537194.9,0
673,South India,Male,19,4,491951.56,1,0,1,533758.49,0
738,North India,Male,32,3,751996.05,3,1,1,1650319.28,0
583,North India,Male,53,1,263763.68,1,1,1,489934.42,0
608,North India,Male,28,8,587929.59,2,0,0,287037.62,0
563,North India,Male,32,4,0.0,1,1,0,315928.8,0
650,North India,Female,30,0,451691.52,2,1,1,538323.57,0
639,North India,Male,35,4,0.0,1,0,0,799079.2,0
727,West India,Female,29,6,80486.73,2,1,1,415221.17,0
684,North India,Male,41,2,152624.67,1,1,1,1087363.7,0
712,West India,Female,38,6,635767.37,1,0,1,561510.71,0
632,West India,Female,44,5,658479.13,1,1,0,1621594.84,0
686,South India,Male,24,6,2454115.0,1,1,0,372809.3,0
813,North India,Female,32,8,292843.22,2,1,1,492663.64,0
528,West India,Male,33,1,109751.93,2,1,0,307735.96,1
484,South India,Male,41,1,416777.67,2,0,0,481108.96,1
707,North India,Male,27,0,0.0,1,0,1,171823.63,0
573,South India,Male,46,10,584322.0,2,1,1,860573.88,0
525,North India,Female,49,1,0.0,1,1,1,681079.26,1
698,South India,Female,25,2,559199.03,1,0,0,1167317.72,0
559,South India,Male,30,6,320480.69,1,1,0,260599.5,0
788,South India,Female,30,2,382868.75,2,0,1,681322.48,0
664,West India,Female,64,10,5093769.78,1,1,1,293709.07,1
631,East India,Male,31,7,94227.24,3,1,0,583225.25,1
576,North India,Male,54,2,856017.71,2,1,1,865537.92,0
669,South India,Male,22,1,429788.06,2,0,0,224158.32,0
506,West India,Female,25,9,0.0,1,0,0,461100.94,1
427,South India,Male,28,9,335510.72,1,0,0,617966.84,0
510,South India,Male,26,3,2914975.04,2,0,0,648667.05,0
752,West India,Female,33,3,59341.99,1,1,1,882798.75,0
566,West India,Female,28,4,0.0,2,1,1,426480.45,0
520,South India,Male,26,4,88314.86,1,1,0,510473.13,0
642,North India,Female,48,2,153878.21,2,1,0,905291.56,1
850,South India,Female,49,0,3562813.61,2,1,1,655337.81,0
748,South India,Male,46,7,2461846.74,2,0,1,412815.03,0
577,South India,Female,41,9,408534.32,2,1,1,556228.1,0
576,North India,Male,37,1,247903.29,1,1,0,431947.58,0
578,South India,Male,30,10,433522.16,1,1,1,701851.05,0
568,South India,Male,25,4,1086478.42,2,0,0,2670529.59,1
698,North India,Male,39,1,265785.02,1,1,0,1275328.35,1
619,East India,Male,23,5,398275.76,1,0,1,246570.34,0
549,West India,Male,25,6,0.0,2,1,0,684018.11,0
529,West India,Female,48,6,1622879.03,1,1,0,395300.86,1
857,South India,Female,56,0,360689.92,1,1,0,396723.52,0
716,South India,Male,40,8,148221.41,2,0,1,601934.21,0
572,West India,Male,48,0,193205.99,3,1,1,844025.73,0
759,South India,Female,33,7,1209682.13,3,0,1,773721.35,1
546,South India,Male,21,10,9448478.91,1,1,1,418660.45,1
637,North India,Male,42,0,194835.89,2,1,0,878169.0,0
627,South India,Male,42,10,866778.67,2,1,1,1047667.02,0
666,East India,Female,36,2,0.0,2,1,0,243247.94,0
565,North India,Female,33,9,136221.89,1,1,0,878705.6,0
661,North India,Female,46,3,412322.73,1,0,1,1505895.16,1
492,South India,Male,25,8,0.0,2,1,0,888327.56,0
616,West India,Female,27,7,103825.47,1,1,0,1391049.57,0
770,North India,Male,24,10,0.0,2,1,1,357540.68,0
742,West India,Male,36,10,936092.81,2,1,1,185181.21,0
587,North India,Male,24,4,1032108.99,2,1,0,285717.11,0
512,West India,Female,28,3,10351069.11,1,1,0,982238.24,1
453,North India,Male,28,9,148739.18,1,1,0,356914.47,0
705,North India,Male,33,8,0.0,1,1,0,1663734.27,0
675,West India,Female,19,0,0.0,1,0,1,462343.34,0
684,West India,Female,36,10,0.0,2,0,1,640264.05,0
802,East India,Female,49,5,0.0,1,1,0,1861035.35,0
663,North India,Male,37,7,421678.64,2,1,0,406594.52,0
670,South India,Female,52,6,0.0,2,1,1,213503.13,0
524,North India,Female,50,7,0.0,2,1,1,695825.35,0
796,North India,Male,44,2,0.0,1,0,1,763805.54,0
635,North India,Male,36,4,2199299.6,1,0,0,413997.61,0
576,North India,Male,36,0,444412.14,2,1,0,1047341.78,0
668,West India,Male,44,7,682355.45,1,0,1,219977.88,0
830,North India,Male,31,1,191486.48,2,1,0,1013779.25,0
842,South India,Male,18,9,0.0,2,1,1,680816.55,0
562,South India,Male,41,2,1016213.39,2,0,1,535847.47,0
755,North India,Male,23,9,1303974.17,1,0,1,494328.1,0
680,East India,Female,25,1,1041535.16,2,0,0,950821.75,0
738,North India,Male,36,0,408812.79,1,0,1,602976.51,0
674,East India,Male,34,1,4252797.35,1,1,1,825795.19,0
705,East India,Female,20,9,1010560.16,1,0,0,343338.0,0
768,East India,Male,37,1,0.0,2,0,1,802019.15,0
492,West India,Male,46,5,0.0,2,1,1,398517.16,0
682,North India,Male,23,3,0.0,3,0,0,182111.33,0
544,North India,Female,49,9,0.0,1,1,1,1576411.27,0
608,South India,Female,18,3,280265.25,2,0,0,391622.66,0
650,South India,Female,59,0,555858.68,2,0,1,497162.66,0
559,West India,Female,31,9,1062611.0,2,1,1,396778.58,0
597,West India,Male,37,1,0.0,1,1,1,981253.65,0
523,North India,Female,18,2,1303002.97,1,1,1,525629.17,0
596,North India,Female,35,8,1406199.75,2,0,0,1027259.52,0
696,North India,Male,38,10,0.0,1,0,0,573552.42,0
727,South India,Female,35,4,0.0,1,1,0,1179061.73,0
580,North India,Male,29,3,142972.18,1,1,0,1260765.1,0
769,West India,Male,25,9,347579.12,2,1,1,207742.4,0
701,West India,Female,48,2,275491.13,2,1,1,1850098.47,0
779,North India,Female,36,9,0.0,1,1,1,376522.67,0
490,South India,Male,52,0,466240.84,2,1,1,1159620.07,1
678,South India,Female,30,10,0.0,1,0,1,1027141.09,0
705,South India,Female,31,0,2427608.26,1,1,1,242604.49,0
495,East India,Female,44,9,329624.8,1,1,1,228002.21,0
867,North India,Male,18,7,27807.86,2,1,0,1049091.57,0
592,South India,Male,22,9,1062446.48,2,1,0,484020.46,0
698,West India,Female,48,8,0.0,2,0,0,1353102.07,0
733,South India,Male,23,2,237445.99,1,1,1,477005.18,0
659,South India,Female,18,8,294034.63,1,1,1,530656.77,0
774,West India,Female,56,7,0.0,1,0,1,400502.45,0
829,West India,Female,20,10,0.0,2,1,1,537034.88,0
550,North India,Male,38,0,323394.55,1,0,0,314644.15,0
660,South India,Male,36,5,428113.65,1,0,1,406178.37,0
732,North India,Female,18,8,227845.48,1,1,0,320583.06,0
503,South India,Male,33,3,0.0,1,0,0,675995.9,0
745,South India,Female,40,10,84118.77,2,1,0,599198.48,0
803,West India,Female,39,8,454792.45,2,0,0,1113870.28,0
765,West India,Male,45,1,0.0,4,0,0,921345.61,0
689,North India,Female,31,9,0.0,2,1,1,309532.72,0
788,North India,Male,43,10,411140.27,2,1,1,1003501.84,0
682,South India,Male,28,8,1310806.7,2,1,0,405519.95,0
531,North India,Male,20,10,1186540.41,2,0,1,276176.46,0
603,West India,Female,21,0,635844.99,1,1,1,1186374.27,1
626,South India,Male,19,3,0.0,1,1,0,607295.28,0
644,North India,Male,47,4,0.0,1,1,1,502447.66,0
641,West India,Male,19,1,101920.18,2,0,0,724165.12,0
619,South India,Male,39,5,368038.27,2,1,1,308432.21,0
669,North India,Male,33,7,1797961.09,1,1,1,573171.57,0
785,North India,Male,34,10,0.0,2,1,0,330348.98,0
669,South India,Female,50,1,172237.61,2,0,0,1378959.06,1
706,North India,Male,31,8,1945765.37,2,1,1,466189.6,0
452,West India,Female,42,1,467124.95,1,1,0,355402.51,1
661,South India,Male,36,0,756727.53,1,1,1,1253965.06,0
747,East India,Female,34,10,555855.01,2,1,0,1168497.38,0
762,North India,Male,61,5,1743900.27,1,1,1,734801.3,0
753,West India,Female,20,4,1299713.14,1,0,1,199257.1,0
677,West India,Female,50,9,1903264.89,1,1,1,398985.22,0
687,North India,Female,43,2,639483.12,1,1,1,417285.64,0
589,North India,Female,30,2,1236397.82,1,1,1,472623.76,0
726,South India,Male,53,7,221081.47,1,1,0,1059934.76,0
589,East India,Female,18,3,0.0,2,1,1,1395847.99,0
711,South India,Male,30,0,95889.49,1,1,1,1049355.44,1
653,South India,Female,22,3,0.0,2,1,1,1223830.88,0
651,West India,Female,40,5,0.0,1,1,0,571003.22,0
740,North India,Female,23,1,754029.63,1,0,0,258879.34,0
700,South India,Male,40,6,928209.24,1,0,1,1248341.61,0
675,North India,Male,33,0,147389.05,4,0,0,447755.5,0
605,North India,Male,30,9,0.0,1,1,0,807204.85,1
794,West India,Male,40,8,0.0,1,1,0,975578.66,0
679,West India,Male,33,1,2585129.42,2,1,1,417784.5,1
717,East India,Male,24,8,151488.7,1,0,0,1165687.01,0
657,North India,Female,66,0,318818.61,1,1,0,379777.05,0
587,South India,Male,30,3,41574.3,2,1,1,310453.52,0
681,West India,Female,18,4,316299.38,1,1,0,1291024.91,0
596,North India,Male,26,7,526636.47,2,1,0,681084.43,0
689,North India,Female,22,10,0.0,2,1,0,680232.67,0
356,South India,Female,45,10,0.0,1,1,0,351648.21,0
613,South India,Female,39,4,0.0,2,1,1,659330.22,1
648,East India,Male,40,0,0.0,1,1,0,672689.16,0
564,South India,Male,31,0,321783.53,2,1,1,459853.98,0
682,West India,Female,32,1,0.0,2,0,0,674531.73,0
611,West India,Male,31,8,0.0,1,1,0,1304412.6,0
649,North India,Female,35,0,448621.03,1,1,1,1747190.57,0
600,West India,Male,45,2,539445.53,2,1,1,592657.2,0
737,North India,Male,39,7,0.0,1,1,0,808738.74,0
699,North India,Female,41,10,1431116.33,2,1,1,407439.38,0
676,West India,Male,41,0,0.0,1,0,1,949324.96,0
655,North India,Male,45,3,1089921.03,1,1,1,934427.1,0
877,North India,Male,39,10,654865.28,2,0,0,447955.9,0
635,North India,Female,39,7,3683160.52,2,0,0,985654.27,0
587,North India,Male,49,5,828269.19,2,0,0,274173.79,0
544,South India,Female,28,5,0.0,1,1,1,1236436.21,0
731,South India,Male,26,0,518261.05,3,1,0,506074.59,0
796,South India,Female,22,6,469300.9,3,1,1,961989.92,0
573,East India,Female,38,10,294559.41,2,0,0,690421.09,0
624,North India,Male,18,0,0.0,2,1,1,1238453.06,0
617,North India,Male,41,2,101736.05,1,1,0,412315.46,0
638,North India,Male,34,0,1874269.0,1,1,0,468106.09,1
490,West India,Female,48,10,3832651.98,1,0,1,541331.68,1
722,South India,Male,28,7,269463.02,1,1,1,804180.57,0
757,East India,Male,33,3,500315.88,1,1,1,1416916.18,0
478,West India,Male,48,4,0.0,2,1,0,588687.01,0
808,North India,Male,51,0,301238.2,3,1,1,801885.98,0
795,North India,Male,28,0,622176.17,2,0,1,496005.69,0
373,South India,Female,37,9,2773946.58,1,1,1,757796.42,0
454,West India,Female,39,0,517346.56,4,0,0,1546892.72,0
638,North India,Male,40,10,203314.56,2,1,1,398910.08,1
768,South India,Female,33,10,269429.89,1,0,1,689235.02,0
676,West India,Female,50,10,0.0,1,1,0,663322.22,1
651,West India,Female,18,2,973013.59,1,1,0,1058538.24,0
701,West India,Male,31,5,116842.22,1,1,0,124953.09,1
577,West India,Male,40,4,283014.23,1,1,1,458361.05,0
764,North India,Female,41,10,0.0,1,0,1,644912.19,0
640,North India,Female,50,9,975561.27,2,0,1,376777.02,0
503,North India,Male,49,6,2831219.76,2,0,0,209773.47,0
578,North India,Male,32,0,453885.53,2,1,0,749048.1,0
683,East India,Male,50,7,358051.63,1,0,0,681674.45,0
623,North India,Male,28,4,922896.45,2,1,1,339768.38,0
614,West India,Male,46,5,509615.09,1,1,1,674086.49,0
668,West India,Male,55,1,541363.21,2,0,1,227515.12,0
682,South India,Male,49,8,0.0,2,0,1,734626.36,0
539,South India,Female,37,2,0.0,1,0,1,332117.4,0
760,South India,Male,32,4,275033.33,2,0,0,475777.69,0
638,South India,Male,19,9,837113.25,1,1,1,399064.64,0
687,East India,Male,39,7,133863.38,1,1,0,876459.95,0
658,North India,Male,23,0,882134.07,1,1,1,658032.76,0
613,North India,Male,27,3,562396.9,2,1,1,466630.42,0
732,South India,Female,22,4,126039.75,1,0,1,1020636.46,0
657,North India,Male,30,5,1055586.3,1,1,1,445380.75,1
656,South India,Female,35,2,256427.4,2,0,1,599423.36,0
426,East India,Female,39,3,0.0,3,1,1,637497.19,0
723,West India,Female,29,2,0.0,2,1,0,1830442.84,0
634,West India,Female,47,3,278152.07,2,1,1,693033.66,0
717,South India,Female,33,6,0.0,1,1,0,346643.51,0
798,North India,Male,27,8,342931.05,1,1,0,1645231.81,0
724,West India,Female,38,8,219030.66,1,1,0,706966.71,0
654,West India,Male,57,4,0.0,1,1,0,630765.53,1
624,South India,Male,39,5,153408.33,1,0,0,841379.62,0
877,West India,Male,32,8,326658.76,1,1,1,963166.02,0
693,East India,Female,19,3,0.0,2,1,1,826658.08,0
668,South India,Male,33,6,0.0,2,1,1,548192.01,0
633,North India,Female,38,2,489969.61,2,0,1,2043267.53,0
569,South India,Male,31,8,132425.91,1,1,0,541990.26,0
474,East India,Female,18,8,851184.9,2,0,1,454150.98,0
786,North India,Male,26,9,0.0,4,1,1,605617.77,0
579,South India,Male,51,4,1499131.45,4,1,1,1567293.57,0
632,West India,Male,51,3,4084325.63,1,1,0,1224589.93,0
640,North India,Male,26,10,1908108.92,1,1,0,665917.5,0
778,South India,Male,43,9,0.0,1,1,0,765732.87,1
581,North India,Female,23,9,0.0,2,1,1,452620.65,0
673,West India,Male,51,8,1440401.61,2,1,1,270974.83,0
696,West India,Female,38,4,0.0,2,1,1,927401.4,0
525,West India,Male,46,0,898105.44,2,1,0,506033.91,0
516,North India,Male,18,1,0.0,1,1,1,408017.03,0
585,North India,Male,43,9,0.0,1,0,0,206508.96,1
671,West India,Male,35,6,928744.27,2,0,0,654394.54,0
660,South India,Female,45,2,0.0,3,1,0,604737.26,1
639,North India,Female,46,0,114873.92,2,0,1,324428.63,1
708,North India,Male,36,8,0.0,1,1,0,510867.47,0
572,South India,Female,29,3,191764.92,1,0,0,866279.27,0
634,North India,Male,44,2,170053.43,2,1,1,733666.56,0
639,South India,Female,35,4,0.0,2,1,0,346517.71,0
575,West India,Female,26,0,1725804.75,2,0,0,763547.05,0
857,South India,Female,25,0,713799.73,2,1,1,599189.95,0
455,East India,Male,19,10,3980112.13,1,0,0,639614.5,0
761,North India,Male,30,0,213743.86,1,1,0,563301.57,0
722,South India,Male,48,6,539384.67,2,1,1,738621.02,0
722,North India,Female,37,6,485583.83,1,0,1,645479.02,1
658,West India,Female,30,8,520374.04,3,0,0,855469.48,1
770,East India,Male,44,4,0.0,2,0,1,1177248.37,0
609,South India,Female,26,1,0.0,2,1,0,389728.89,0
685,North India,Female,37,8,632654.96,1,1,0,738361.88,0
656,North India,Male,34,3,633562.84,1,1,0,1320542.88,0
629,West India,Female,44,4,655310.64,2,0,1,464198.41,1
660,West India,Male,18,0,111781.21,2,0,1,305334.54,0
564,West India,Male,26,1,705504.03,2,0,0,607256.2,0
590,North India,Male,18,7,2048142.29,1,1,1,1123628.13,0
792,South India,Male,33,1,492512.4,2,1,1,639805.14,0
900,West India,Female,49,7,651218.13,1,1,0,568554.75,0
696,West India,Male,30,0,0.0,1,1,1,317838.17,0
725,South India,Male,30,8,0.0,1,1,1,1002008.76,0
672,North India,Male,45,8,0.0,2,0,0,453768.81,0
690,East India,Male,47,10,1225036.21,4,0,1,674057.57,0
698,North India,Female,35,8,302355.45,1,1,1,723662.71,0
743,South India,Male,43,5,1661557.09,1,0,1,566861.75,0
788,South India,Male,24,1,384273.08,2,0,0,1173725.75,1
570,North India,Female,51,0,0.0,1,0,0,503423.92,1
900,South India,Female,59,5,0.0,1,1,1,685323.08,0
662,West India,Male,41,3,1038597.72,1,1,1,614419.14,0
662,South India,Female,18,7,0.0,1,1,1,363346.52,0
612,North India,Female,29,10,615408.15,2,0,0,1158785.37,0
613,West India,Female,42,7,370486.25,1,0,1,675854.02,0
705,East India,Female,31,1,243119.89,1,1,1,828583.99,0
707,West India,Female,49,1,237407.88,1,1,0,1000789.06,0
700,West India,Male,42,3,0.0,1,0,0,628649.54,0
609,East India,Female,28,8,392791.35,1,1,1,381364.9,0
406,West India,Female,36,10,0.0,2,1,0,652287.42,0
488,East India,Male,26,5,1615257.17,2,0,0,436030.96,0
651,West India,Female,33,6,228804.67,1,0,0,1355898.59,0
680,West India,Female,29,2,1164746.56,2,1,0,537005.72,1
612,West India,Male,48,6,0.0,1,1,1,297410.48,0
587,East India,Female,59,2,270488.18,2,1,0,841059.31,0
676,West India,Male,20,1,0.0,1,0,1,440328.75,0
640,West India,Female,18,1,69372.17,1,0,1,539588.62,0
607,North India,Male,33,8,274972.31,2,0,1,791538.95,0
504,East India,Female,19,6,472547.93,2,0,0,518832.7,0
574,South India,Male,36,4,278535.19,2,1,0,579402.85,0
733,North India,Female,44,10,508298.62,1,0,1,506156.99,0
563,West India,Female,52,2,873092.63,1,0,1,376213.6,1
709,South India,Male,38,7,209390.42,2,1,1,971804.3,0
774,North India,Female,33,10,519398.55,2,0,1,478980.99,0
578,North India,Male,18,1,781409.56,1,1,1,1044832.98,0
609,North India,Female,36,2,1812839.88,3,1,0,218086.74,0
738,North India,Female,36,10,97435.64,2,0,0,1217617.3,0
760,South India,Female,43,4,0.0,1,1,1,1657591.39,0
591,West India,Female,28,0,0.0,3,0,1,527816.37,0
504,South India,Male,31,5,1429520.89,1,0,1,575702.32,0
762,South India,Male,19,1,0.0,1,1,1,1113730.02,0
702,West India,Female,18,6,0.0,1,1,1,1041304.93,0
686,South India,Male,23,6,808494.58,2,1,1,1635316.57,0
732,West India,Male,18,0,404904.44,4,1,0,366715.45,1
543,South India,Male,39,3,259010.05,1,1,1,628731.15,0
685,South India,Male,30,0,494649.69,3,1,1,171622.0,1
624,North India,Male,30,9,509674.73,1,1,0,1258482.89,0
704,East India,Female,25,6,941478.73,2,0,0,192077.59,0
721,North India,Female,18,4,1300777.2,2,0,0,840678.29,0
737,South India,Female,52,7,0.0,1,1,0,1697276.08,0
703,North India,Male,24,0,588434.07,1,0,0,1456874.4,0
672,South India,Male,31,9,504591.59,1,1,1,839174.52,0
675,South India,Male,19,3,0.0,2,1,0,915647.11,0
683,North India,Female,46,8,0.0,2,1,0,242868.97,0
593,North India,Male,37,9,1649134.8,2,0,1,1072907.91,1
616,North India,Male,26,0,393831.67,2,1,1,338960.11,0
686,West India,Male,31,2,102891.44,2,0,1,805359.17,0
708,North India,Female,54,1,265915.56,3,0,0,553811.17,0
591,West India,Female,35,8,117887.68,1,1,1,326274.08,0
553,South India,Male,34,9,168187.55,1,1,0,424589.14,0
499,North India,Male,25,4,772618.2,1,0,1,547112.56,0
536,North India,Female,18,5,0.0,2,0,1,475786.25,0
601,West India,Male,34,10,660960.54,1,1,0,790501.38,0
609,South India,Female,39,7,654094.92,1,0,1,557538.47,0
624,North India,Female,48,8,0.0,2,1,0,520149.32,0
541,West India,Female,18,7,986952.04,1,1,0,1070140.28,0
486,West India,Female,23,7,2846180.53,3,1,0,262983.68,1
661,North India,Female,29,0,0.0,1,1,0,419079.13,1
661,South India,Female,35,9,412031.91,2,0,1,1454394.54,0
705,North India,Male,34,10,904474.11,1,1,1,579541.84,0
723,North India,Male,34,0,1114999.68,1,1,0,2281839.33,1
685,South India,Female,40,7,179728.47,1,1,1,508017.61,0
660,West India,Male,26,0,216939.25,2,0,1,322704.81,0
728,South India,Female,46,4,450925.36,2,0,0,594889.03,0
778,South India,Male,40,3,332045.27,1,1,1,798217.2,0
589,South India,Female,32,4,621436.88,4,1,0,750121.1,0
719,South India,Female,53,7,694676.38,2,0,0,1597824.66,0
593,North India,Female,53,10,0.0,1,1,0,494716.13,0
669,South India,Male,46,9,831680.11,1,1,1,809021.6,0
746,North India,Female,18,7,3723421.93,1,0,1,1210813.02,1
625,West India,Male,53,3,333400.73,1,0,0,209376.63,1
564,North India,Male,44,7,153763.66,2,1,0,823452.4,0
608,South India,Male,58,9,0.0,1,1,1,874181.87,0
564,South India,Female,49,4,379707.06,1,0,1,658191.36,0
553,West India,Male,53,3,611249.49,4,1,0,414685.62,1
758,West India,Female,45,6,940330.68,2,1,1,842017.87,0
697,North India,Female,50,2,0.0,2,1,1,115901.57,0
585,West India,Female,57,4,0.0,1,1,0,202090.94,0
561,North India,Female,38,4,0.0,1,1,0,481680.07,0
567,North India,Male,18,4,184259.42,1,1,1,1409709.46,0
585,East India,Female,32,1,180649.68,2,1,1,311226.29,0
753,North India,Female,40,9,611112.8,3,1,0,796380.02,0
640,North India,Male,36,6,0.0,1,0,0,625232.02,0
841,North India,Male,22,10,592941.58,1,0,1,667636.78,0
646,South India,Male,18,9,411379.53,4,1,1,435069.75,0
598,East India,Male,27,6,1661095.19,1,1,1,2166743.67,0
733,North India,Male,44,7,1107173.12,1,1,1,1044044.82,0
499,South India,Female,53,6,795117.05,2,1,1,358250.37,1
666,South India,Female,46,0,801305.48,2,1,0,2886156.71,0
540,North India,Male,47,8,135328.01,1,1,0,234375.75,0
453,South India,Female,35,3,0.0,2,1,0,589714.19,0
639,South India,Male,18,0,0.0,2,0,0,594248.49,0
725,South India,Male,30,9,0.0,2,0,0,545710.48,0
669,West India,Female,33,10,128694.44,2,1,0,1029335.49,0
658,North India,Female,30,1,412584.65,4,0,0,345414.22,1
416,North India,Male,36,7,785033.8,2,1,1,713646.54,0
636,East India,Male,40,7,658477.66,1,1,1,388898.56,0
636,West India,Male,45,8,847647.2,2,1,1,1649299.8,0
705,West India,Male,32,8,617777.27,1,1,1,1144705.07,0
554,South India,Female,18,9,0.0,1,1,1,425733.45,0
724,South India,Female,30,7,0.0,2,1,1,939544.49,0
604,South India,Female,36,3,0.0,1,1,0,462287.16,1
623,North India,Male,49,9,0.0,1,1,0,850593.55,0
697,West India,Female,29,6,263438.84,1,1,0,1114129.02,0
542,South India,Male,41,8,0.0,3,0,1,339693.94,1
724,East India,Female,39,5,820505.7,2,0,0,1837590.38,0
528,South India,Male,36,5,5168520.39,1,0,1,704789.51,1
708,North India,Female,46,0,0.0,1,0,1,918017.25,0
628,South India,Female,28,9,0.0,1,1,0,541203.89,0
636,North India,Female,29,10,0.0,2,1,1,785670.92,0
374,West India,Male,35,8,0.0,1,1,1,736438.12,1
596,South India,Female,28,1,1143216.33,1,1,0,993006.89,0
631,South India,Female,41,2,151810.31,2,0,0,581531.91,1
789,East India,Female,28,4,187206.45,2,1,1,502995.19,0
646,East India,Male,38,4,523765.19,2,1,0,662354.51,0
591,East India,Male,34,4,173685.01,2,1,1,823163.65,0
725,North India,Male,38,10,469079.03,2,1,0,722081.71,0
604,West India,Male,30,3,361538.65,2,0,0,935625.38,0
742,East India,Female,32,4,301360.73,2,1,1,2315822.07,0
673,South India,Female,37,2,1939295.03,3,1,1,450002.19,0
569,North India,Male,38,10,558304.05,1,1,1,746971.41,0
734,West India,Female,35,0,573178.01,2,1,0,161074.82,0
704,West India,Male,54,6,736118.53,1,0,0,404915.79,1
730,West India,Male,25,9,0.0,2,0,0,551764.48,0
633,North India,Male,35,1,319405.71,1,1,0,2080605.93,0
704,North India,Female,18,7,0.0,1,1,0,662061.1,1
822,South India,Female,40,0,0.0,1,1,1,818792.55,0
665,South India,Male,23,5,547922.72,2,0,1,2057817.15,0
614,West India,Female,32,0,1431939.79,2,1,1,773296.71,0
788,North India,Male,31,7,0.0,1,1,1,669072.05,0
710,North India,Male,39,1,361622.11,1,0,1,371415.47,0
609,South India,Male,29,7,2568338.76,1,0,1,532223.7,1
806,North India,Male,29,3,310944.45,2,1,0,831576.19,0
541,South India,Female,51,2,0.0,2,1,1,656588.3,0
697,South India,Female,39,1,0.0,2,1,1,480129.22,0
753,West India,Male,29,3,241900.65,1,1,0,305098.18,0
746,West India,Male,33,9,1780446.35,2,0,1,1114155.24,0
569,North India,Male,54,10,380376.18,1,0,1,2247238.61,0
538,East India,Male,33,9,1290935.19,2,1,0,236446.15,1
670,West India,Male,28,1,752417.78,1,1,1,587147.08,0
713,South India,Male,28,2,0.0,1,1,0,467888.91,0
552,East India,Female,29,1,413296.48,2,1,0,528231.22,0
677,North India,Male,29,1,138058.8,2,1,1,504258.87,0
518,South India,Male,21,9,406256.92,1,1,1,986979.56,0
745,North India,Female,23,8,299512.02,1,1,0,643191.63,0
598,South India,Male,26,0,0.0,2,1,0,654138.88,0
635,South India,Male,42,2,295637.26,2,1,1,617931.8,0
727,South India,Male,31,0,451788.04,2,1,0,370621.4,0
719,North India,Male,33,2,510292.47,3,0,0,300099.51,0
692,North India,Male,49,0,0.0,2,0,1,576456.85,0
742,South India,Male,50,8,655111.01,2,1,0,305585.29,1
686,North India,Female,32,4,0.0,2,1,1,1100467.43,0
780,West India,Female,29,3,567081.72,2,0,0,214900.41,0
496,West India,Female,26,7,305538.44,2,1,0,670495.54,0
644,North India,Male,43,0,142810.79,1,1,0,2461989.36,1
640,North India,Male,33,8,0.0,2,1,1,607881.59,0
630,North India,Male,31,1,43346.67,2,1,0,1319977.48,0
694,West India,Male,27,7,557646.3,3,1,0,401746.1,0
669,East India,Male,27,6,381558.7,1,1,1,654483.9,0
724,North India,Male,39,9,848019.01,4,1,0,307876.82,0
543,West India,Male,21,1,514723.65,2,1,1,272282.33,0
856,West India,Male,46,9,185583.09,1,0,0,457565.81,0
614,North India,Male,30,9,201094.93,1,0,0,625388.6,0
675,East India,Male,34,5,851168.18,2,1,1,1338885.2,0
631,South India,Male,21,4,64736.29,1,1,0,350226.56,0
657,East India,Male,35,6,0.0,1,0,1,325061.89,0
601,South India,Male,32,1,165526.16,2,1,0,764649.4,0
668,North India,Male,35,9,2533055.06,1,1,0,229749.53,0
702,East India,Male,52,8,488366.84,2,0,1,238106.13,0
433,North India,Male,37,2,400463.37,2,1,0,633803.41,1
620,West India,Male,27,0,0.0,1,0,1,1988111.41,0
617,North India,Female,28,7,83378.96,1,0,0,721556.05,0
858,West India,Male,42,6,0.0,1,1,1,858707.63,0
727,South India,Male,50,6,183805.72,2,1,0,829946.77,0
785,East India,Male,39,3,278007.85,2,0,1,1068681.12,0
700,North India,Male,43,9,1411451.97,1,1,1,467085.35,0
657,South India,Male,42,2,421458.13,2,1,1,421541.97,0
682,South India,Female,51,10,0.0,1,1,0,449966.08,0
751,East India,Female,18,10,151300.43,1,1,1,291754.13,0
807,North India,Male,43,8,0.0,1,1,0,505428.39,0
677,South India,Female,46,2,94954.73,2,1,1,423479.91,0
593,South India,Male,21,6,0.0,4,1,1,721021.43,0
733,North India,Male,26,10,371575.66,3,0,1,927736.9,0
573,West India,Female,26,6,816978.53,1,0,0,254196.39,0
685,North India,Male,27,9,412930.07,2,1,0,1096617.2,0
711,West India,Male,30,6,3489601.87,1,0,0,574491.53,1
640,South India,Female,38,0,178565.9,1,1,1,395034.56,0
568,North India,Male,45,9,126518.51,1,1,0,1190291.37,0
609,South India,Female,47,1,282564.75,2,0,1,1264316.13,0
621,West India,Female,26,1,414261.64,1,0,1,520305.1,0
555,South India,Female,26,2,0.0,1,1,1,423275.34,0
615,North India,Male,50,3,505058.22,2,0,1,649197.82,1
519,North India,Male,43,0,324476.25,1,1,0,753370.1,0
703,West India,Female,36,4,0.0,1,0,0,430092.46,0
680,North India,Female,41,0,0.0,1,0,0,1199990.57,0
673,East India,Male,35,6,751944.14,1,1,1,719784.92,0
615,South India,Female,41,6,133516.29,1,1,0,547977.08,0
627,South India,Male,32,1,0.0,2,0,0,404032.19,0
575,South India,Male,38,3,213396.13,1,0,0,956579.06,0
695,South India,Male,19,8,5355881.4,1,1,1,1748237.43,0
527,East India,Male,28,0,0.0,1,1,0,422317.97,0
657,South India,Female,28,9,98916.79,1,0,0,323147.6,1
592,North India,Male,31,5,638382.04,2,1,1,560271.86,0
808,South India,Female,25,9,685413.21,2,0,1,783710.96,0
697,South India,Male,30,0,771871.83,1,1,0,546991.42,0
649,West India,Male,19,5,125271.89,2,0,0,497196.41,0
550,East India,Female,42,0,2074525.98,1,0,1,521054.18,1
527,South India,Male,35,2,1587157.77,1,1,0,566233.96,0
694,South India,Female,18,3,0.0,2,0,1,306529.96,0
811,South India,Male,26,9,525784.35,1,1,1,2309080.12,0
686,East India,Male,39,4,961938.89,1,1,1,796521.59,0
665,East India,Female,30,6,489156.52,2,1,1,439368.8,0
667,East India,Female,28,1,193403.85,2,1,0,664778.46,0
659,North India,Male,35,5,0.0,2,0,0,690106.1,0
668,South India,Female,39,3,76562.8,3,1,1,312237.46,0
588,North India,Female,20,5,0.0,1,0,0,617047.44,0
562,South India,Male,42,6,0.0,1,1,0,1301280.85,0
659,North India,Female,27,6,469238.79,2,0,1,484198.75,0
784,North India,Male,35,4,1881946.86,1,0,1,370208.75,0
719,South India,Male,35,6,469994.46,2,1,1,547533.14,0
538,South India,Male,30,2,919446.21,1,1,1,1271929.5,0
627,North India,Male,24,9,340222.82,1,1,0,439570.96,0
715,North India,Male,32,4,2954072.68,1,0,0,648566.16,0
786,West India,Male,53,4,2139420.15,2,0,1,570420.58,0
811,North India,Male,21,1,274835.32,2,0,0,514288.64,0
631,West India,Female,54,3,216719.48,2,1,1,622912.04,0
724,South India,Male,33,1,989798.45,2,0,1,363432.16,0
672,West India,Female,36,8,466750.89,2,0,0,836970.43,0
639,North India,Male,24,8,484769.41,1,1,0,1001776.26,1
655,North India,Female,27,0,0.0,1,1,0,648656.43,0
656,West India,Male,30,1,0.0,2,0,0,237001.04,1
755,East India,Male,24,7,1109989.36,2,1,0,491874.06,0
523,North India,Male,33,2,35628.3,1,1,1,791499.55,0
692,North India,Male,31,2,950023.08,1,1,1,143612.67,0
788,East India,Male,56,9,362909.7,2,1,1,582971.05,0
778,North India,Female,23,5,719680.43,1,1,1,676284.47,0
701,North India,Female,37,4,492860.82,2,1,1,296960.21,0
581,East India,Female,38,3,0.0,2,0,1,726841.17,0
719,West India,Male,24,6,388788.48,2,1,0,166452.0,0
769,North India,Male,43,0,1101418.46,2,0,1,1043072.05,0
603,East India,Female,31,10,706301.29,3,1,0,1093198.0,0
682,South India,Male,18,0,681817.9,2,1,1,440272.82,0
631,North India,Female,43,0,440419.82,2,1,0,768732.63,0
594,West India,Male,23,7,616905.44,1,0,0,310595.41,1
621,South India,Female,24,8,1021297.5,1,0,1,519796.58,0
661,South India,Female,43,2,521461.61,2,1,0,540397.18,0
567,East India,Female,32,0,0.0,3,1,1,575050.06,1
552,North India,Male,46,8,321316.52,1,0,1,527775.65,0
569,West India,Male,49,2,0.0,1,1,1,615180.83,0
679,South India,Female,28,8,536951.19,2,0,1,1493420.51,0
518,North India,Female,44,3,285634.84,1,0,0,1373127.73,0
450,West India,Male,27,10,0.0,1,0,0,452157.33,1
773,West India,Male,60,0,0.0,2,1,1,768176.35,0
558,West India,Female,28,4,72172.16,2,1,0,332908.53,0
632,West India,Male,47,6,8304725.78,2,0,1,767423.4,1
733,South India,Female,45,5,0.0,1,1,0,850982.93,0
520,North India,Female,39,3,0.0,2,1,0,1107024.44,0
520,South India,Female,28,9,299926.43,1,0,0,267376.74,0
593,South India,Male,34,7,724603.23,2,1,1,675947.35,0
736,North India,Male,18,9,1143429.0,2,0,1,721664.89,0
648,South India,Male,38,9,1539489.75,2,1,1,894122.01,0
649,West India,Female,39,0,1033511.49,1,1,0,437717.75,0
623,South India,Male,37,3,0.0,1,1,1,426037.58,0
700,East India,Male,18,6,71804.51,1,1,0,1550056.67,0
778,North India,Male,22,5,929257.12,3,1,1,491255.04,0
900,South India,Male,27,0,0.0,1,1,1,1290076.71,0
636,West India,Female,39,4,0.0,1,0,0,1175577.42,1
787,South India,Female,39,5,0.0,2,0,0,336466.16,0
739,North India,Female,34,9,0.0,2,0,1,309091.22,0
674,North India,Male,42,8,2119931.57,2,1,1,351343.85,0
451,North India,Female,24,4,1375424.0,2,0,1,1652397.98,0
615,West India,Male,42,4,3438407.8,2,1,1,426115.35,1
619,West India,Female,41,7,925791.02,2,0,0,953158.62,0
682,North India,Male,40,5,733650.04,2,1,1,657687.79,0
632,North India,Male,33,9,382633.43,2,0,1,677771.26,0
599,North India,Male,56,7,0.0,1,1,1,765423.03,0
832,North India,Male,41,5,411956.92,2,1,0,625687.08,0
767,North India,Female,25,8,2976010.69,1,1,1,819423.25,0
467,North India,Male,38,7,403609.35,2,1,1,737985.33,0
624,South India,Male,44,7,1278799.62,1,1,0,476726.62,0
706,North India,Female,29,0,170948.27,1,0,1,755719.46,0
769,South India,Male,47,3,606583.46,1,0,0,526631.58,0
612,North India,Male,40,1,1374918.46,2,0,1,1378835.74,0
630,West India,Male,18,6,398035.84,2,1,1,781790.84,0
658,East India,Female,39,9,0.0,1,1,0,1082800.52,0
709,South India,Male,31,5,114138.05,1,1,0,1646240.41,0
511,North India,Female,41,6,1076664.92,2,0,1,435258.81,0
468,North India,Male,46,4,0.0,1,1,1,333087.4,1
762,North India,Male,38,10,388767.17,3,1,1,638454.77,0
560,North India,Male,54,2,0.0,4,0,0,802882.62,1
841,South India,Female,34,3,446824.44,1,1,0,1147764.68,0
572,South India,Male,42,10,280784.31,1,0,1,251175.82,0
633,North India,Female,44,9,370718.95,2,1,1,537271.39,0
683,West India,Male,34,0,158646.27,2,1,1,1745759.36,0
458,North India,Male,44,10,413223.84,1,1,1,854289.25,0
900,North India,Female,29,4,669655.7,1,1,0,715323.18,0
614,West India,Female,31,5,4449197.2,1,0,1,1183092.64,0
574,North India,Male,21,6,391289.73,2,0,1,186279.24,0
545,West India,Female,38,10,420462.88,1,1,1,256449.2,0
682,East India,Female,39,10,516909.75,1,1,0,458625.72,0
676,West India,Male,48,7,0.0,1,1,1,833663.56,0
548,North India,Male,44,4,437212.44,3,0,1,391725.37,0
526,South India,Male,32,0,165663.06,2,1,0,590207.51,0
744,South India,Male,23,4,2296011.72,3,1,1,500354.25,0
590,East India,Female,40,0,1259117.04,2,0,1,2343027.41,0
495,East India,Male,48,7,0.0,2,0,1,1231298.39,1
636,North India,Male,44,1,287836.65,1,1,1,723551.5,0
613,East India,Male,47,1,266940.75,2,1,1,395481.74,0
825,North India,Female,33,5,1728226.92,1,1,0,690442.77,0
603,North India,Female,30,8,246661.44,1,1,1,832632.14,0
622,South India,Male,27,10,652646.34,2,1,0,548060.44,0
669,North India,Male,35,4,928619.54,2,0,1,552199.68,0
598,West India,Male,35,5,0.0,2,1,0,723312.04,0
689,North India,Female,38,2,546045.02,2,1,1,247660.31,1
558,West India,Male,34,8,0.0,1,1,0,928736.88,0
628,East India,Female,34,3,5621656.44,1,0,0,1335520.22,1
686,West India,Male,27,5,504303.82,1,1,1,410831.89,0
752,North India,Female,46,3,575703.33,2,1,0,601742.71,0
597,West India,Female,36,5,1472270.48,2,1,1,468912.08,0
596,South India,Female,34,0,0.0,1,1,0,397814.43,0
788,West India,Male,27,0,534714.19,1,0,1,948012.22,0
600,North India,Female,21,0,0.0,2,1,0,435275.89,0
644,South India,Male,50,9,586776.77,1,0,0,712311.71,0
804,West India,Male,42,1,0.0,2,1,1,382183.63,0
656,West India,Female,18,6,338745.8,1,1,0,1064613.38,0
627,East India,Female,44,2,281693.9,2,0,0,752448.82,0
634,North India,Female,46,0,1223457.86,2,1,1,1072824.76,0
583,North India,Male,37,7,224418.93,1,0,1,530511.17,1
690,South India,Female,53,7,0.0,2,1,1,439000.95,0
566,North India,Male,38,3,0.0,2,0,0,2176531.99,0
720,North India,Male,20,6,84155.65,2,0,0,853405.3,0
651,North India,Female,40,1,1830705.64,3,1,0,1714851.11,0
671,West India,Male,38,5,467874.25,1,0,1,482707.83,0
805,East India,Female,29,8,165791.0,1,1,0,1007030.97,0
519,North India,Male,42,6,0.0,2,1,0,407024.21,0
652,North India,Male,18,5,733553.75,1,0,0,296265.34,0
707,North India,Female,46,9,0.0,2,1,0,807515.33,0
594,South India,Female,26,1,0.0,2,1,0,715168.62,0
735,West India,Male,25,3,282262.73,2,1,1,665665.3,0
600,North India,Male,34,5,292842.68,2,1,1,241999.37,0
676,South India,Female,40,4,421314.05,1,1,0,218940.21,0
638,North India,Male,37,4,421122.95,2,0,1,698946.93,0
664,East India,Male,27,3,1359039.9,1,1,1,279286.98,0
656,West India,Female,30,7,0.0,1,0,1,1055672.83,0
647,East India,Male,23,7,378543.05,2,0,1,853752.93,1
607,North India,Female,33,4,779165.33,2,1,0,1482657.81,0
590,South India,Female,47,6,1196861.52,1,1,0,884700.63,1
678,North India,Female,35,1,3544042.18,2,1,0,459732.49,1
654,South India,Male,45,2,337770.47,1,1,0,792967.19,0
587,North India,Female,52,9,1538902.79,1,0,0,344540.8,1
680,West India,Male,29,8,589215.42,4,1,1,920465.0,0
608,South India,Male,33,6,1136366.19,1,1,0,1441973.16,0
789,South India,Male,59,5,1520503.83,2,0,0,585503.24,0
874,West India,Male,51,10,855477.17,2,1,1,530839.17,1
775,South India,Male,18,6,166101.51,1,1,0,588529.99,0
769,North India,Male,40,5,0.0,1,0,1,839248.49,0
723,South India,Male,36,1,453867.73,1,1,0,843645.95,0
631,East India,Male,45,2,0.0,2,1,1,934751.01,0
479,South India,Female,27,4,22150.97,2,0,0,521902.23,0
557,South India,Male,26,1,632195.63,2,1,0,1780887.09,0
589,East India,Female,28,2,467405.89,2,1,1,482505.84,0
758,South India,Female,29,6,0.0,1,1,0,325626.18,0
673,East India,Female,44,1,587147.15,1,1,0,291704.43,0
590,North India,Male,23,5,0.0,1,0,1,586889.3,0
483,South India,Female,29,9,0.0,2,1,0,553643.22,0
858,North India,Male,18,4,0.0,2,1,0,499041.69,0
697,South India,Female,47,2,709556.03,1,1,1,1039109.91,0
731,North India,Male,49,7,243373.06,2,1,0,1180853.88,0
601,North India,Female,32,5,0.0,1,0,0,468062.47,0
637,North India,Female,32,10,423441.62,2,1,0,1236227.09,1
619,North India,Male,40,8,267164.89,2,1,0,1573083.45,0
655,North India,Male,52,0,0.0,1,0,0,340039.34,0
816,West India,Female,40,10,0.0,2,1,1,981263.12,0
541,North India,Male,28,2,0.0,1,1,0,675456.74,0
646,South India,Male,18,9,1162810.87,2,1,0,428430.64,0
682,North India,Female,23,7,198928.44,2,0,1,800715.79,0
639,North India,Male,36,0,1557850.7,4,0,0,332748.67,0
739,West India,Female,28,10,132266.32,1,0,1,679496.49,0
493,West India,Male,38,10,0.0,2,0,1,774152.05,0
819,West India,Male,29,7,869648.55,1,1,0,717761.91,0
526,South India,Male,24,10,452051.22,1,0,0,824870.1,0
548,North India,Female,23,9,389839.31,2,1,0,1070862.65,0
609,North India,Female,53,4,0.0,3,1,1,395927.75,1
591,South India,Male,45,7,1198212.22,2,1,0,1944554.16,0
688,West India,Male,55,9,0.0,2,0,0,751197.07,0
677,East India,Male,41,6,0.0,1,1,1,496684.43,0
660,North India,Female,31,8,474996.08,1,1,0,908445.73,0
522,North India,Male,50,6,980591.79,1,0,1,536970.1,0
637,North India,Male,35,3,1763057.25,1,0,1,407893.51,0
651,West India,Male,38,0,0.0,2,1,0,744071.34,0
760,North India,Male,35,1,1248160.8,2,1,0,856500.89,0
667,South India,Male,18,1,2066489.16,1,0,1,490682.68,0
684,East India,Male,53,0,0.0,2,0,0,444812.13,0
826,West India,Female,41,9,0.0,2,1,1,475381.85,0
545,North India,Female,39,6,1476979.12,1,1,0,813323.32,0
615,North India,Female,35,3,1213169.22,1,1,0,344940.45,0
547,West India,Male,37,9,0.0,2,1,1,489242.04,0
794,South India,Male,29,6,239964.21,1,1,1,566992.76,0
800,West India,Male,42,7,603994.58,3,1,0,326629.2,0
787,North India,Female,21,5,166986.46,2,1,0,891125.16,0
699,West India,Female,38,7,299330.05,1,0,1,619516.07,0
684,West India,Female,42,1,463491.79,2,1,1,1527186.37,0
608,West India,Male,33,0,0.0,2,1,0,1651468.44,1
719,North India,Female,40,8,0.0,2,0,1,449498.88,0
534,North India,Female,25,8,723685.09,2,1,1,1006375.79,0
534,North India,Male,25,8,1313329.05,2,1,1,512596.43,0
612,East India,Female,38,3,0.0,2,1,0,1071073.98,1
819,North India,Female,43,8,403221.37,2,1,0,1102437.73,0
603,North India,Female,18,8,2717413.39,1,0,0,155471.14,1
615,North India,Female,41,10,349498.86,1,1,1,175683.76,0
675,West India,Male,30,4,797837.47,1,1,0,729827.98,0
730,West India,Female,33,0,0.0,2,0,0,1053738.41,0
762,West India,Female,21,7,0.0,1,1,0,166268.85,0
549,South India,Male,26,0,176668.35,1,1,0,370175.36,0
641,East India,Male,46,2,0.0,2,1,0,1542751.35,0
670,North India,Male,36,2,316070.29,1,1,0,283708.05,0
679,West India,Male,31,4,2752381.66,2,1,1,516652.53,0
727,South India,Female,34,4,4212515.33,2,1,1,2355644.1,0
723,South India,Male,41,4,443500.61,2,1,1,654001.86,0
652,North India,Male,40,3,0.0,1,0,0,438605.65,0
753,North India,Male,35,0,727911.25,2,1,0,930529.76,0
737,North India,Male,48,3,936128.82,2,1,1,831213.88,0
729,North India,Male,46,9,0.0,1,1,0,554095.33,0
602,South India,Male,40,7,1363969.83,2,1,0,1264250.36,0
714,North India,Male,36,4,0.0,1,1,0,582978.72,0
758,North India,Female,43,6,243486.02,2,1,0,549355.17,0
603,West India,Male,39,0,0.0,1,0,1,462640.76,0
661,East India,Male,47,4,5199534.18,1,1,1,766679.87,0
790,East India,Male,45,9,929032.32,2,0,0,681200.8,0
685,West India,Male,24,10,286045.65,2,0,0,808403.1,0
642,West India,Male,24,7,388911.34,1,0,0,379032.73,0
781,West India,Male,28,4,634497.45,1,1,0,632406.53,0
607,West India,Male,46,0,2454551.36,1,1,1,339258.08,0
497,North India,Male,18,1,0.0,1,1,0,225640.27,0
579,North India,Male,40,5,0.0,1,0,0,393405.59,0
752,North India,Female,39,1,74439.68,3,0,0,482894.28,0
696,West India,Male,48,8,770183.01,1,1,1,146424.55,0
656,West India,Female,37,8,170855.97,1,0,1,334553.86,0
745,South India,Female,21,1,1847775.18,2,1,0,825863.28,1
665,North India,Female,25,0,0.0,2,1,0,630115.97,0
629,North India,Male,22,6,466348.29,2,1,0,734805.59,0
725,West India,Female,30,6,376159.1,4,1,1,1533562.47,0
615,South India,Male,33,2,478830.11,1,1,1,609650.56,0
694,South India,Male,23,1,0.0,1,0,1,764925.25,0
578,North India,Male,52,8,0.0,3,1,1,1515680.59,0
555,South India,Female,21,8,0.0,2,0,1,276622.97,0
572,East India,Male,50,5,0.0,1,1,0,849226.43,0
647,East India,Female,49,6,707345.18,1,1,1,125195.37,0
591,North India,Male,45,1,0.0,2,0,0,1528842.7,1
594,South India,Female,28,5,247489.37,1,1,0,825497.96,0
636,North India,Female,39,5,293869.6,1,1,0,848436.14,0
643,South India,Female,21,10,0.0,1,1,1,844169.1,0
510,South India,Male,46,7,0.0,2,1,0,823282.93,0
422,North India,Female,35,8,273737.53,2,0,1,1490917.24,0
685,West India,Female,31,1,169754.75,2,1,1,505923.13,0
662,South India,Male,22,6,648118.95,1,1,1,552604.56,0
526,East India,Male,18,8,0.0,2,1,1,708895.15,0
689,North India,Female,24,5,8540118.59,1,1,0,272527.96,1
689,North India,Male,48,6,423864.08,1,0,0,744656.02,0
622,West India,Female,31,8,603754.72,2,1,1,745472.82,0
826,West India,Male,34,9,0.0,1,1,1,405910.7,0
764,South India,Male,43,3,215652.08,2,0,1,233692.81,0
614,East India,Male,55,1,297627.94,2,1,1,392535.33,0
615,South India,Male,50,1,1482922.44,1,1,0,524338.83,0
518,South India,Male,25,0,386273.19,2,1,0,1540360.61,0
760,East India,Female,18,8,211416.38,1,1,0,348697.65,0
672,South India,Male,61,9,371203.46,2,1,0,331529.24,0
724,South India,Female,60,3,576759.1,1,0,0,279044.48,1
457,West India,Female,38,4,826270.36,3,1,0,855823.43,1
719,South India,Male,22,3,993043.37,2,1,0,727947.29,0
604,North India,Male,46,3,0.0,1,1,0,1090574.63,0
702,North India,Male,34,5,559090.26,1,1,1,485876.56,0
696,South India,Male,34,5,208023.8,2,0,0,758755.64,0
648,North India,Male,45,0,368246.44,1,1,0,1100496.86,0
587,East India,Male,39,0,628023.05,2,0,0,735982.24,0
685,North India,Female,22,6,0.0,2,0,0,596154.82,0
574,North India,Male,32,0,1677021.66,2,0,0,838801.63,1
744,South India,Male,43,0,278146.6,1,0,1,947608.34,0
585,West India,Female,41,5,268051.01,1,0,1,940945.93,0
652,West India,Female,38,7,0.0,2,1,0,833285.15,0
582,South India,Female,46,6,0.0,1,0,0,443404.15,0
664,West India,Female,32,5,185038.93,1,0,0,374078.44,0
557,South India,Male,37,6,208470.3,2,1,0,393708.26,1
577,South India,Female,18,1,1917453.19,1,1,1,830293.45,0
856,West India,Female,31,5,0.0,2,1,0,948502.77,0
725,North India,Male,44,8,1172764.84,1,1,0,401931.6,0
683,West India,Male,31,3,434217.81,1,0,1,303206.05,1
696,South India,Male,30,1,636813.9,1,1,1,673192.79,0
677,East India,Male,24,8,701104.35,2,0,0,1111126.07,0
641,North India,Male,47,7,0.0,1,1,1,1331937.71,0
718,East India,Female,42,7,0.0,1,0,1,983457.98,0
575,West India,Male,45,6,610068.48,1,0,1,669157.35,0
793,South India,Male,18,7,458613.34,3,0,0,400079.85,0
660,South India,Male,34,10,0.0,2,1,0,365290.34,0
722,East India,Female,32,10,112824.01,2,0,1,3681660.24,0
791,South India,Male,32,2,801378.69,1,1,1,320496.05,0
694,South India,Male,29,5,3198026.34,3,0,0,376469.51,0
577,West India,Female,32,6,970197.73,1,1,1,483552.84,0
759,North India,Male,45,4,1076307.42,1,0,1,1214381.16,0
802,North India,Male,18,1,379350.42,1,0,0,437967.23,1
474,West India,Male,55,9,967548.63,1,1,0,639605.57,1
640,North India,Female,41,6,2004008.33,1,1,1,680219.22,0
676,West India,Female,35,10,714120.93,2,1,1,1305574.52,0
626,South India,Male,45,1,825760.99,1,1,1,485658.11,0
537,South India,Male,20,8,0.0,1,1,1,603597.17,0
570,North India,Female,28,8,542797.99,2,1,0,835631.44,0
483,West India,Female,34,9,0.0,2,1,0,565120.64,0
735,West India,Female,51,5,0.0,1,0,0,422553.56,0
773,South India,Female,35,3,150020.49,2,1,1,160915.67,0
772,South India,Male,40,9,0.0,3,1,1,336090.18,0
647,North India,Female,29,3,129544.06,1,0,1,252692.4,0
674,West India,Female,41,4,1081203.65,2,0,0,593326.35,0
746,South India,Female,54,10,269795.56,4,0,0,411482.54,0
629,North India,Female,46,6,0.0,1,0,1,665702.4,0
564,West India,Male,35,7,106581.17,1,1,1,628334.79,0
598,West India,Female,43,9,55328.65,2,1,0,350258.61,0
665,North India,Female,42,7,129954.28,1,0,1,1287699.26,0
585,West India,Female,41,6,2736169.32,1,1,1,820746.24,0
692,West India,Male,48,5,289510.53,1,1,0,1308372.75,1
528,East India,Female,48,1,0.0,2,1,1,977078.76,0
628,North India,Female,34,7,306412.64,2,0,1,1203110.37,0
686,South India,Male,43,3,6908927.78,1,1,1,1034483.47,0
661,East India,Female,31,7,0.0,1,0,1,577303.32,0
583,North India,Female,25,4,0.0,3,1,0,630406.03,0
716,South India,Male,33,2,0.0,1,0,1,920677.07,0
673,South India,Male,35,5,1462563.76,4,0,0,602201.15,0
461,South India,Male,18,1,433322.63,2,1,1,939069.44,0
690,North India,Male,45,5,0.0,2,0,0,228855.65,0
612,East India,Male,18,5,740566.43,1,1,0,597855.07,0
602,North India,Male,65,0,1033344.75,1,1,1,417301.34,1
575,South India,Male,52,9,755214.49,1,0,1,629753.41,0
559,South India,Male,33,4,0.0,2,1,0,587757.86,0
668,North India,Male,36,4,138168.43,1,1,0,719473.7,0
699,North India,Female,39,7,0.0,1,0,0,558188.7,0
663,East India,Male,29,6,566499.43,2,1,1,692380.64,0
735,South India,Female,38,8,2246890.82,2,0,1,312054.81,0
702,South India,Male,34,10,443082.51,1,0,1,665976.3,0
469,West India,Male,34,9,0.0,2,0,0,546529.06,0
567,North India,Male,37,2,137607.26,3,1,1,480277.97,0
756,West India,Female,21,0,105740.11,1,1,1,1294018.7,0
535,North India,Female,36,6,0.0,2,1,0,461912.84,0
403,West India,Female,37,8,507595.19,1,1,0,1608319.14,0
814,North India,Male,37,9,0.0,1,1,1,423556.24,0
676,West India,Female,33,9,824453.5,1,1,1,516742.48,0
588,West India,Male,48,6,0.0,2,1,1,368959.85,0
573,South India,Female,32,9,0.0,2,1,1,608601.0,0
706,South India,Male,38,6,324580.32,1,1,1,597265.49,0
693,North India,Male,50,9,0.0,1,1,0,535539.56,0
679,East India,Male,35,5,861476.99,1,1,1,447332.93,0
633,North India,Female,38,4,0.0,1,1,1,1018165.35,0
534,South India,Male,34,4,101965.4,1,1,0,729983.59,0
646,North India,Male,49,7,69284.05,2,1,0,411023.45,0
745,East India,Male,33,8,0.0,3,0,0,847824.26,0
601,South India,Female,50,3,181957.28,2,1,1,824699.15,1
704,North India,Male,34,9,98145.73,1,1,1,526891.61,0
613,West India,Female,26,0,255106.86,2,1,0,428246.7,0
722,East India,Female,43,4,221695.21,2,0,1,720037.84,0
561,South India,Female,32,3,0.0,2,0,0,926946.32,0
651,South India,Female,42,3,250701.65,2,0,0,819540.23,0
691,North India,Female,18,0,0.0,1,1,1,388696.54,1
589,North India,Male,36,2,998910.5,2,1,1,417351.76,1
682,North India,Male,30,2,3442756.33,1,1,1,489252.69,1
647,South India,Female,24,7,452213.26,2,0,1,1111789.17,1
646,West India,Male,29,5,0.0,1,0,0,781078.51,0
589,West India,Male,29,5,0.0,2,0,1,592417.93,0
739,West India,Female,35,10,234438.26,1,1,0,322135.54,0
564,North India,Male,20,5,0.0,2,1,0,1015464.1,0
675,West India,Female,39,7,262902.94,1,0,1,272737.42,0
573,South India,Female,51,4,524121.57,3,1,0,1302595.76,0
644,South India,Male,39,2,660097.9,2,0,0,352546.45,0
707,South India,Male,44,0,0.0,2,1,0,1054971.52,0
624,North India,Male,48,7,0.0,2,0,1,1142136.07,0
373,North India,Female,49,9,0.0,2,1,0,957281.22,0
528,South India,Male,56,3,815035.02,2,1,1,1429137.35,1
455,North India,Male,30,2,195778.44,1,1,1,877564.41,0
656,South India,Female,28,7,0.0,1,1,0,427646.65,0
649,South India,Male,44,10,404610.38,1,1,0,1993488.77,0
618,East India,Male,43,9,0.0,2,1,1,472725.36,0
593,East India,Male,44,6,794554.31,1,0,1,383356.11,0
669,East India,Male,56,7,705969.78,2,0,1,504780.83,1
519,West India,Male,36,1,1521916.58,1,1,1,520903.03,0
736,East India,Female,40,7,1923124.35,1,1,1,493769.45,0
656,West India,Male,25,3,0.0,2,0,1,640167.71,1
564,East India,Male,59,1,179865.79,1,1,1,888606.28,0
612,South India,Male,32,3,1393061.17,1,1,0,871249.98,0
638,West India,Male,32,7,187987.23,1,1,1,412871.05,0
525,North India,Female,32,10,1282099.41,1,1,1,657984.94,0
710,West India,Male,28,5,0.0,1,1,0,681519.33,0
736,East India,Female,27,2,475881.85,1,1,1,1051238.02,0
660,South India,Male,30,6,0.0,2,1,1,1059627.29,0
734,North India,Female,20,5,934354.99,2,1,1,252857.76,0
888,South India,Male,27,4,341788.49,1,0,0,317786.94,0
480,West India,Male,57,10,280320.25,2,1,1,210413.38,1
654,West India,Male,44,5,1267593.17,2,0,0,795365.96,1
529,South India,Female,46,2,349621.06,2,0,1,382972.2,0
790,North India,Male,48,4,167216.88,1,0,1,506145.87,0
672,East India,Male,56,2,0.0,2,0,1,531032.14,0
587,West India,Female,18,1,157310.28,1,1,1,560062.33,0
626,North India,Male,22,10,230482.44,2,1,0,660648.86,0
770,West India,Male,27,1,953093.64,3,1,1,567808.28,0
690,North India,Female,30,1,468663.97,1,1,1,491639.55,0
702,North India,Male,32,9,990076.65,2,1,0,704696.93,0
783,West India,Female,31,3,1358523.68,2,0,0,979508.78,0
735,West India,Male,38,1,327380.08,1,0,1,320907.47,0
751,South India,Male,36,3,58845.1,1,0,0,405166.28,0
638,North India,Male,28,8,1001169.63,2,1,1,441363.11,0
447,North India,Female,18,2,260810.58,2,0,1,330739.8,0
659,East India,Female,25,4,2107665.78,3,1,1,225789.0,0
590,West India,Female,29,1,412353.46,2,0,0,519017.74,0
720,South India,Male,33,6,383543.21,2,0,1,477722.61,0
490,North India,Female,23,9,282835.98,1,0,1,561509.82,0
724,North India,Male,30,4,0.0,1,0,1,369630.41,0
666,West India,Male,23,6,0.0,1,1,1,514537.52,1
681,North India,Female,34,2,1194493.99,1,1,0,1964279.12,0
705,South India,Male,24,5,986263.19,2,0,0,731877.3,0
647,West India,Male,26,2,187201.59,2,0,1,303760.88,0
620,North India,Male,21,0,347109.34,2,0,1,634696.69,0
752,North India,Female,34,7,149432.78,2,1,1,978369.13,0
703,South India,Male,26,8,166882.85,1,0,0,210203.08,0
711,West India,Male,45,4,0.0,2,1,1,1252520.43,0
642,West India,Female,40,10,0.0,2,1,1,580072.16,0
659,South India,Male,35,0,179989.51,1,1,0,547068.42,0
648,North India,Male,27,1,181763.26,2,1,1,1565416.73,0
493,South India,Female,40,7,1095495.36,1,1,0,439784.99,0
525,North India,Female,43,6,0.0,2,1,1,1000506.09,0
638,North India,Male,37,10,154301.82,2,0,0,375708.64,1
481,South India,Female,53,3,1418271.83,2,0,0,1234946.76,0
640,East India,Male,41,10,465233.45,2,1,1,1364666.21,0
569,West India,Male,46,2,1185833.77,1,0,0,1004913.88,0
643,West India,Male,37,3,942250.41,1,0,0,933667.92,0
665,West India,Male,43,4,167587.69,1,0,1,235149.35,0
482,West India,Male,27,3,0.0,1,0,0,2218286.47,1
679,West India,Female,30,8,0.0,2,0,1,929728.15,0
609,South India,Female,39,0,0.0,1,1,0,683818.0,0
440,South India,Female,39,0,0.0,2,1,0,546385.78,0
608,North India,Female,41,9,832793.26,2,1,0,520383.57,0
684,South India,Male,48,6,1016745.57,2,1,1,552532.52,0
613,East India,Male,20,2,717779.78,2,0,1,991753.39,0
608,South India,Female,25,3,0.0,2,1,1,872168.75,0
663,North India,Female,38,0,0.0,2,1,1,552045.33,0
606,South India,Female,28,1,1240986.25,2,1,1,518352.93,0
625,South India,Male,73,4,716070.82,1,1,0,1577857.98,0
530,East India,Male,41,3,424600.17,1,0,1,655204.48,0
603,North India,Male,35,10,0.0,1,1,1,1055017.73,0
819,West India,Male,30,2,0.0,1,1,1,1053346.01,0
666,West India,Male,30,1,1187688.24,1,1,0,230276.62,0
674,East India,Male,36,0,399752.99,4,1,1,556896.53,0
592,South India,Female,37,0,937494.6,1,1,1,358955.87,0
614,West India,Male,30,0,0.0,1,1,1,930381.17,0
629,North India,Male,32,6,5075538.3,2,1,1,837743.45,0
728,North India,Female,50,0,982784.58,1,1,0,322731.39,0
757,North India,Male,51,1,0.0,1,1,0,1059693.86,0
609,South India,Male,38,1,0.0,1,1,0,708167.12,0
647,South India,Male,21,7,852930.36,2,1,1,442064.9,0
628,North India,Female,41,4,474858.93,2,1,0,491946.68,0
718,South India,Male,53,3,43453.19,1,0,1,1037187.5,0
692,South India,Female,51,2,177455.29,2,1,1,470871.15,0
641,South India,Male,44,7,309764.15,1,1,0,352258.06,0
740,North India,Male,51,9,2171614.45,2,1,0,1040520.15,0
696,East India,Male,36,5,531079.59,1,1,1,709831.64,0
580,South India,Male,42,6,0.0,2,0,0,508027.14,0
650,North India,Male,28,10,0.0,2,1,0,651364.93,1
634,West India,Female,39,4,0.0,3,1,1,464785.26,1
561,North India,Male,50,4,1129076.52,1,1,0,533143.21,0
629,South India,Female,29,9,3386247.03,2,0,1,598973.18,0
752,North India,Female,26,7,50114.16,3,1,1,837315.26,0
748,West India,Female,37,0,0.0,3,1,1,385636.79,1
732,East India,Male,33,2,0.0,2,0,0,319052.75,0
720,North India,Female,43,10,0.0,1,1,0,632810.5,0
668,North India,Male,31,6,648822.75,2,0,1,727319.21,0
595,North India,Male,54,2,256160.28,2,1,1,650863.04,0
700,South India,Female,21,8,231947.1,1,1,0,567755.87,0
501,North India,Male,49,1,0.0,2,1,0,2243567.52,0
589,West India,Female,27,0,0.0,2,1,1,1185408.04,0
749,South India,Male,18,10,0.0,2,1,1,542739.66,0
605,South India,Male,38,6,369459.64,1,1,0,495269.99,0
707,South India,Male,33,8,439411.49,2,1,0,342464.75,0
617,East India,Male,23,3,1876784.05,1,0,1,774828.73,0
699,North India,Male,18,8,0.0,1,1,0,374608.26,0
511,West India,Male,35,2,996538.98,1,1,1,532295.89,0
764,West India,Female,46,7,0.0,2,1,0,498347.27,0
549,South India,Female,42,8,405583.42,2,0,1,390615.83,0
527,South India,Female,36,4,287873.14,2,1,1,376564.06,0
759,North India,Female,41,4,0.0,3,0,0,829125.23,0
649,West India,Male,35,4,193140.98,1,1,0,280774.3,0
622,West India,Female,20,8,4158570.15,2,1,1,1322793.06,0
791,North India,Male,20,8,430199.96,1,1,1,225209.43,0
715,South India,Male,33,2,24424.34,1,0,0,1245835.54,1
609,North India,Female,34,3,488664.26,2,1,1,788209.69,0
637,South India,Male,45,5,1250685.55,3,0,0,244766.83,0
746,West India,Female,44,7,759668.71,3,0,0,393398.38,0
563,West India,Male,42,1,138752.32,2,1,1,413649.53,0
779,North India,Male,32,3,0.0,2,0,1,536322.0,0
610,North India,Male,20,4,349939.1,2,1,1,572004.26,0
571,West India,Male,40,5,459827.14,1,1,1,736573.97,0
747,North India,Female,41,10,0.0,1,0,0,326437.21,0
716,North India,Female,18,0,0.0,1,1,0,361764.6,0
490,South India,Male,26,5,111799.87,1,1,0,997151.74,0
640,North India,Male,28,9,5530517.93,2,1,0,754304.71,0
550,West India,Male,37,6,528387.22,2,1,0,931560.28,0
721,North India,Female,27,8,189406.43,1,1,1,642650.01,0
804,South India,Male,35,10,0.0,1,0,0,1352938.85,0
698,North India,Female,33,7,563815.89,2,1,1,634434.7,0
581,West India,Female,34,2,0.0,1,0,1,916180.04,0
730,South India,Female,28,4,574772.34,2,1,0,715426.41,0
645,West India,Male,28,0,1005890.41,1,1,0,533472.19,0
643,South India,Female,24,8,760296.21,2,0,1,1210557.86,0
606,North India,Female,40,9,0.0,1,0,0,853852.03,0
659,North India,Female,42,6,0.0,3,1,0,1120241.53,0
643,East India,Female,27,2,33480.56,3,1,0,700503.56,0
433,South India,Female,52,5,42262.36,2,0,1,1242800.7,0
652,South India,Female,32,9,0.0,2,0,0,664858.33,0
637,East India,Female,52,0,0.0,2,1,1,595835.17,0
681,North India,Female,28,10,351958.11,1,1,0,604698.64,0
469,West India,Female,18,2,121205.61,2,1,0,511670.49,0
696,North India,Male,40,0,0.0,2,1,1,414359.69,0
652,North India,Male,38,6,1281034.06,3,0,1,1087119.98,0
694,North India,Female,36,2,432737.24,2,0,1,982875.58,0
503,West India,Male,28,4,264038.61,2,1,0,646788.57,1
538,South India,Male,35,4,0.0,1,1,1,391752.13,0
481,North India,Male,30,8,0.0,2,1,1,737424.39,0
663,North India,Female,32,0,370771.69,2,0,1,1127773.11,0
618,North India,Male,45,2,592843.08,2,0,1,206737.06,0
637,West India,Male,38,3,1404866.45,2,1,0,234531.53,0
524,South India,Male,42,3,0.0,1,1,1,483253.02,0
541,East India,Female,33,7,0.0,1,1,0,1423997.97,0
425,West India,Female,32,7,555254.21,1,0,1,1172638.54,0
528,West India,Male,23,3,1803252.03,2,0,0,482102.01,0
591,North India,Male,31,9,1424405.84,1,1,1,899375.89,0
596,North India,Female,18,8,0.0,1,1,0,827626.47,0
643,South India,Female,29,8,1110234.95,1,1,1,577918.72,0
718,South India,Female,35,2,983021.68,1,1,0,1019030.41,1
587,South India,Female,42,8,432762.0,2,1,0,356851.98,0
693,North India,Female,33,7,422244.14,1,1,1,598320.4,0
720,East India,Male,39,3,119446.62,2,0,1,377065.79,0
753,North India,Male,18,9,0.0,1,0,1,1183926.59,0
694,North India,Female,35,4,1156266.95,3,0,1,901216.27,0
656,West India,Female,18,1,0.0,1,1,1,566514.23,0
552,North India,Female,22,6,0.0,2,1,0,460231.95,0
674,North India,Female,33,1,399915.39,2,1,0,979624.38,0
616,North India,Female,50,0,566695.96,2,1,0,1301742.87,0
773,North India,Female,40,9,0.0,1,1,1,827106.86,0
658,North India,Male,36,10,122140.95,1,1,0,594009.12,0
635,North India,Male,35,4,942931.26,1,0,1,353074.91,1
777,South India,Female,28,7,703227.22,1,0,0,490151.42,0
606,South India,Male,30,3,75777.9,2,1,0,860746.98,0
649,South India,Male,40,0,748726.12,4,1,1,745857.72,1
830,South India,Female,20,3,882343.39,2,1,1,490334.15,0
673,North India,Female,42,8,114698.43,2,1,1,525034.5,0
751,North India,Male,31,7,1131891.58,1,1,0,564049.18,0
785,West India,Female,45,8,322304.95,2,0,1,716204.29,0
600,South India,Male,46,6,0.0,2,0,1,408003.2,0
731,North India,Male,18,5,410360.96,1,0,1,708761.89,0
620,East India,Female,29,5,2773180.53,2,0,1,414896.6,0
833,West India,Female,26,0,405288.53,2,0,0,447304.46,0
779,North India,Male,18,2,704855.64,3,1,1,580681.9,0
716,East India,Male,24,1,58834.54,1,1,0,983094.82,0
744,South India,Male,62,6,186868.29,2,0,1,467441.46,0
587,East India,Female,42,9,0.0,2,1,0,440278.27,0
804,North India,Female,57,5,1420929.35,2,1,1,642520.47,0
568,North India,Male,45,2,83686.22,1,1,0,532436.6,0
686,West India,Male,27,3,0.0,1,0,1,332279.86,0
585,North India,Female,31,0,0.0,2,1,1,408165.87,0
727,North India,Female,42,10,375269.66,1,1,0,355374.64,1
807,West India,Female,40,3,268151.27,1,1,1,1287298.99,0
690,North India,Male,29,1,101478.03,2,1,1,786800.71,0
678,East India,Female,19,4,391029.75,2,1,1,840068.85,0
639,South India,Male,72,8,0.0,1,1,0,1117480.01,1
659,West India,Male,34,8,879289.16,2,1,1,993258.02,0
619,South India,Male,32,0,0.0,1,1,0,468279.6,0
797,South India,Male,37,5,2115932.66,1,1,1,257530.57,0
721,North India,Female,33,1,1065607.17,1,0,0,383891.26,0
618,West India,Female,37,0,451194.77,2,1,1,747166.16,0
655,North India,Male,50,8,503221.72,1,1,1,666421.26,0
900,North India,Male,34,1,176528.74,1,0,1,1074394.27,0
674,North India,Male,23,5,273991.58,2,0,0,404829.22,0
780,North India,Male,34,5,0.0,1,0,1,890133.86,0
598,North India,Female,30,2,1381465.42,1,0,0,407993.51,0
692,West India,Female,51,5,3153958.25,3,1,1,410437.45,1
593,North India,Male,48,3,3413282.49,2,1,1,644848.56,0
601,North India,Male,37,7,400617.67,1,0,1,836765.93,0
721,East India,Male,21,3,372185.9,1,1,1,486915.23,0
569,South India,Female,22,6,602080.12,2,1,0,564629.12,0
542,East India,Male,36,9,1092014.3,4,1,1,719599.42,0
711,East India,Male,39,1,0.0,1,1,0,621722.61,0
606,North India,Male,31,5,111124.41,2,0,0,465828.75,0
624,East India,Male,30,9,0.0,2,0,0,561358.55,0
487,North India,Male,29,4,0.0,1,0,1,368862.57,1
535,East India,Female,35,0,281629.42,1,1,1,459470.84,0
669,South India,Female,18,10,1300774.5,2,1,1,345987.83,1
628,South India,Male,23,4,182469.33,2,0,0,316011.62,0
731,West India,Male,29,5,0.0,2,0,1,917725.13,0
569,West India,Female,49,1,0.0,3,1,0,365924.68,0
635,South India,Female,27,10,539340.12,3,1,1,400132.33,0
654,South India,Male,37,6,243218.01,1,1,0,802165.51,1
631,North India,Female,38,0,0.0,2,0,1,570141.54,0
703,West India,Female,50,10,129062.74,1,1,1,465309.5,0
552,North India,Male,49,0,65879.17,2,1,0,587473.95,0
696,West India,Male,35,10,851612.0,1,1,0,1391964.77,0
752,South India,Female,30,0,340926.87,2,1,0,973664.27,0
575,South India,Female,28,1,0.0,2,0,0,1138297.83,0
686,South India,Male,33,0,141436.37,1,0,1,791355.77,0
682,West India,Male,31,6,0.0,2,0,1,524240.76,1
702,East India,Male,42,10,555986.94,2,1,0,681281.31,0
650,North India,Female,40,4,915795.37,2,1,0,1397002.42,0
777,East India,Male,42,6,166664.18,1,1,0,888385.31,0
839,East India,Male,49,10,0.0,2,1,1,875038.29,0
706,West India,Female,56,4,0.0,2,1,1,502054.2,0
678,West India,Male,37,7,264406.17,2,1,1,421982.17,0
651,West India,Female,48,9,0.0,1,0,0,875061.76,0
531,North India,Male,32,7,1071884.94,2,1,1,619977.4,0
521,South India,Male,49,8,0.0,2,1,0,746931.27,0
546,West India,Male,47,2,1160081.54,1,1,1,665363.71,0
673,East India,Female,47,1,3024666.85,1,1,0,326693.49,0
632,South India,Female,37,6,1313784.8,1,1,1,651525.92,0
787,West India,Male,28,6,0.0,1,1,0,689067.07,0
424,West India,Female,20,2,0.0,1,1,0,689772.9,0
653,North India,Female,35,1,1348836.57,1,1,1,565112.46,0
689,North India,Male,52,9,0.0,1,0,0,391850.07,0
730,West India,Male,32,1,1315581.86,2,1,0,684823.0,0
662,North India,Male,44,2,376755.27,2,0,0,1197579.06,0
682,North India,Female,45,7,122055.41,2,1,1,503593.11,0
665,South India,Female,32,7,204286.12,1,1,0,229217.79,0
689,West India,Male,50,0,21479.99,2,1,0,874898.28,0
648,South India,Male,18,8,715529.56,2,0,0,678771.48,0
840,West India,Male,22,4,208871.3,1,1,0,991858.83,0
702,North India,Male,25,4,0.0,1,1,1,2389844.06,0
667,North India,Male,26,1,441949.99,1,1,1,389492.46,0
583,South India,Male,39,10,512546.39,1,0,1,532342.72,0
619,West India,Male,39,4,218464.41,1,1,1,1060417.33,0
785,South India,Female,40,5,0.0,1,0,1,336530.7,0
426,North India,Male,42,6,1560757.33,4,1,1,350947.39,1
655,West India,Male,25,0,533983.45,2,0,1,704390.59,0
647,West India,Male,22,2,0.0,2,0,0,506341.91,1
695,North India,Male,40,3,389583.35,2,1,1,622388.9,1
673,North India,Female,29,6,364633.26,2,1,0,162468.57,0
786,South India,Female,18,7,81833.39,2,1,1,377629.64,0
658,North India,Male,46,4,267460.39,2,1,0,438701.11,0
644,South India,Male,51,6,58889.92,1,1,1,621449.13,0
735,North India,Male,53,1,0.0,1,1,0,321386.9,0
787,North India,Male,38,7,59910.01,1,0,1,1450498.86,0
711,South India,Female,42,1,161698.85,1,1,1,759710.32,0
741,North India,Male,51,2,0.0,1,1,1,912712.5,0
630,North India,Female,28,2,800598.16,2,1,1,623855.61,0
661,West India,Male,48,5,825874.84,1,0,1,672790.7,0
783,North India,Male,39,9,0.0,2,0,1,465481.18,0
697,West India,Male,46,5,0.0,2,0,1,507376.46,0
628,West India,Female,38,0,1203382.66,1,0,0,1016643.27,1
652,North India,Male,50,9,704695.4,3,1,1,443731.67,0
743,North India,Male,38,1,1333663.7,2,1,0,535993.83,0
751,South India,Male,19,4,159909.15,2,0,0,1879184.89,0
574,North India,Female,51,8,0.0,2,0,0,1154831.46,0
682,South India,Male,25,5,3738809.88,1,0,0,1246395.32,0
649,West India,Female,49,5,295403.59,1,1,1,1046361.5,0
644,North India,Female,35,0,322002.23,1,0,1,1097024.57,0
769,South India,Female,48,7,881914.31,2,1,1,354287.93,0
628,East India,Male,48,8,1699641.01,1,0,1,466004.93,0
598,North India,Female,40,4,0.0,1,1,0,412196.22,0
576,North India,Male,41,9,83695.12,2,0,1,771729.13,0
634,South India,Male,40,2,244384.64,1,0,0,691315.14,0
583,East India,Female,18,9,0.0,2,0,0,451362.98,0
572,North India,Male,37,4,31862.06,2,1,1,308855.51,0
569,North India,Female,23,4,1074300.15,2,1,0,1141565.8,0
575,North India,Male,37,0,0.0,1,0,0,264947.85,1
581,South India,Female,23,8,641909.17,1,1,1,289169.48,0
685,North India,Male,22,9,2760885.19,2,1,0,619823.92,0
473,South India,Female,53,1,0.0,1,1,0,1183035.38,0
586,South India,Male,47,4,430419.5,1,1,1,605888.29,0
640,East India,Male,35,10,0.0,2,0,1,954537.3,0
753,West India,Female,38,0,284157.91,2,1,1,511408.02,0
627,West India,Female,33,6,0.0,3,1,1,369089.96,0
636,North India,Male,42,6,0.0,1,1,1,1602472.17,0
642,North India,Male,28,4,0.0,2,1,0,632133.9,0
485,South India,Male,46,9,0.0,2,0,0,1172499.55,0
709,South India,Male,33,9,0.0,2,0,0,844417.79,1
705,South India,Male,31,1,275742.69,2,1,0,1362397.0,0
723,North India,Female,36,7,0.0,2,1,1,983266.74,0
875,South India,Male,29,2,0.0,1,0,1,881054.39,0
533,North India,Male,39,4,0.0,2,1,0,342358.95,0
516,South India,Female,30,5,0.0,1,1,1,1257268.73,0
713,North India,Male,41,5,884008.91,1,1,0,1849641.15,0
619,West India,Female,49,7,2728012.44,1,1,1,1399412.88,0
561,North India,Female,28,10,0.0,2,1,1,606995.68,0
624,East India,Female,34,0,0.0,1,1,0,349221.41,0
594,West India,Female,41,4,194677.21,2,1,1,705842.42,0
805,West India,Female,31,6,2273358.33,1,0,1,681876.78,0
853,East India,Male,41,4,3387167.73,1,0,0,1002068.52,0
502,North India,Male,42,7,68451.72,1,1,0,207849.63,0
517,South India,Female,47,1,254053.79,2,1,1,382903.39,0
581,West India,Male,29,4,6607589.48,1,0,0,1223285.65,1
587,North India,Male,25,3,47414.53,1,1,1,203285.84,0
580,South India,Female,32,2,204781.46,2,1,1,1123300.53,1
632,South India,Female,25,1,813414.55,3,1,1,837054.17,1
609,South India,Male,42,7,2922608.43,1,1,0,800436.5,0
528,East India,Female,23,10,2675993.76,2,1,1,926404.55,0
557,South India,Female,61,3,0.0,2,1,0,348940.63,1
789,North India,Female,50,9,0.0,2,1,1,894080.42,0
617,East India,Female,36,9,1156815.09,1,1,0,692263.49,0
613,North India,Male,45,3,1331039.01,2,1,0,680648.75,0
513,West India,Female,18,3,0.0,1,1,0,818668.69,1
608,East India,Female,63,8,0.0,1,1,0,1157145.57,0
736,West India,Female,29,6,359990.68,2,1,0,783725.28,0
703,West India,Female,34,9,0.0,1,0,1,997664.02,0
722,West India,Male,18,2,1688082.65,2,1,0,511353.57,0
541,West India,Male,41,4,3986565.41,2,0,1,984842.09,0
540,South India,Male,23,3,0.0,1,0,0,545902.27,0
752,North India,Female,37,0,0.0,1,0,0,693782.18,0
724,North India,Female,30,3,16261.3,1,1,1,387535.86,0
626,West India,Male,24,6,842533.0,1,0,0,954286.14,0
726,South India,Female,27,10,1782134.02,2,1,0,598647.04,0
541,South India,Female,38,4,0.0,1,1,0,611041.81,0
537,West India,Male,21,5,1241911.68,1,1,1,282115.87,0
504,West India,Male,27,10,155174.85,2,1,1,737782.25,0
682,West India,Male,43,5,209042.67,1,0,0,472890.37,0
669,North India,Female,64,6,0.0,1,1,0,439531.51,0
602,South India,Female,41,0,488404.63,1,1,0,309076.92,0
579,North India,Male,25,5,0.0,1,1,1,636585.37,0
867,South India,Male,31,8,413264.34,2,0,1,441366.12,0
626,North India,Female,36,9,0.0,1,1,0,185372.47,0
774,West India,Female,32,10,0.0,2,1,1,1549771.73,1
636,North India,Female,45,4,351549.2,1,1,0,283947.63,0
604,North India,Male,38,6,3250874.24,2,1,1,1401704.99,0
777,West India,Male,45,2,0.0,2,0,1,754600.57,0
721,North India,Female,32,3,358057.16,1,1,0,541945.78,1
647,West India,Male,50,3,410830.92,2,1,0,584894.84,0
752,East India,Male,34,10,3549220.49,1,0,0,316117.49,1
876,South India,Female,25,5,0.0,1,0,0,557824.43,0
584,West India,Female,59,2,998318.26,1,1,0,413782.76,1
692,West India,Female,18,2,505753.13,1,1,1,742214.01,0
613,North India,Female,27,9,743859.41,1,0,1,972313.08,0
565,South India,Male,29,4,210451.57,1,1,0,359120.24,0
563,North India,Male,63,10,131890.91,1,1,0,437065.63,0
793,North India,Male,55,1,1387334.59,1,1,0,2104715.29,0
485,North India,Female,52,0,586268.6,2,1,1,306090.99,0
695,South India,Male,32,1,0.0,1,1,0,629482.69,0
575,West India,Female,62,8,76816.35,1,1,1,703377.14,0
809,West India,Male,40,2,279706.55,1,0,0,633108.77,0
625,South India,Male,46,10,306906.77,2,1,1,264546.33,0
617,South India,Male,37,2,0.0,1,1,0,1249450.57,0
791,West India,Female,35,10,118969.73,4,1,1,523766.15,0
728,West India,Male,33,0,964027.38,2,0,1,774544.34,0
699,North India,Female,33,1,0.0,2,0,0,438647.91,1
722,North India,Male,42,5,0.0,2,1,0,996421.48,0
552,South India,Female,40,1,80651.2,3,1,0,997020.02,0
716,South India,Female,35,9,0.0,3,0,1,454789.59,0
632,West India,Male,52,9,6163845.06,1,1,1,546153.29,0
682,South India,Female,18,7,220144.99,1,0,1,533474.15,0
693,North India,Male,41,5,287546.27,2,1,1,763894.79,0
550,North India,Female,43,1,226496.6,1,0,1,333957.36,0
703,East India,Female,48,9,287282.19,1,0,1,643716.75,0
633,North India,Male,35,5,362433.71,1,1,1,462171.54,0
538,North India,Male,38,1,0.0,2,1,1,972211.89,0
636,West India,Male,46,0,123646.71,2,0,1,499369.17,0
651,West India,Female,52,4,751183.1,2,1,1,1030620.79,0
703,South India,Male,32,4,0.0,1,1,1,1040116.68,0
435,South India,Female,38,7,1909036.37,2,1,0,952102.41,1
684,East India,Female,54,3,2957591.36,1,1,0,704203.7,0
603,North India,Female,18,1,0.0,2,1,1,487444.6,0
722,South India,Male,28,6,116499.78,3,1,1,1056599.66,0
649,South India,Male,52,2,724403.36,1,1,1,616233.33,1
619,North India,Male,48,2,0.0,2,1,0,267655.68,0
634,South India,Male,41,7,0.0,2,1,1,918367.91,0
680,West India,Male,31,2,94613.82,1,1,0,934613.53,0
731,South India,Male,26,1,0.0,1,1,0,462763.86,0
569,West India,Male,29,9,901553.35,1,1,0,1054300.54,0
619,South India,Male,53,8,1117155.88,2,1,1,849082.26,0
782,West India,Male,29,7,1142846.12,1,0,1,429371.26,0
617,West India,Male,37,1,216076.41,2,1,0,399636.48,0
683,West India,Male,27,7,383749.2,1,0,0,608946.71,0
538,West India,Male,45,4,388826.27,2,1,0,729927.74,0
495,West India,Male,30,9,452092.38,2,0,1,1134917.72,0
556,South India,Female,34,9,425525.36,4,0,1,561759.79,0
587,South India,Male,18,10,477938.71,2,1,0,705373.42,0
743,North India,Female,18,3,0.0,2,0,0,1102006.35,0
753,West India,Male,36,9,312073.29,1,1,0,970155.38,0
476,North India,Female,21,4,585794.75,1,1,1,1081986.39,1
601,South India,Female,59,9,85024.21,1,1,0,572581.21,0
712,North India,Female,18,4,208120.88,1,1,1,728549.22,0
640,West India,Female,27,10,0.0,3,1,0,1308049.7,0
785,East India,Male,36,10,422738.21,1,1,0,244883.88,0
710,West India,Male,31,0,544982.89,2,1,1,1037603.72,0
625,South India,Male,23,4,232821.17,1,1,0,358332.63,0
633,South India,Male,25,6,2437483.39,1,1,0,424140.51,0
644,South India,Male,25,7,308941.69,2,0,1,732736.78,0
573,North India,Male,32,7,0.0,2,0,0,937813.48,0
734,North India,Male,57,1,231647.5,1,1,0,847648.18,0
716,South India,Male,36,9,0.0,2,0,1,947105.78,0
690,East India,Male,49,0,0.0,1,1,1,758104.36,0
671,South India,Female,41,3,64794.37,2,1,0,528588.88,0
558,South India,Female,48,2,331336.4,1,1,1,626202.66,0
695,East India,Male,18,7,91417.81,2,1,0,688118.32,0
661,South India,Male,32,5,200841.46,2,1,0,607737.96,0
830,North India,Male,50,4,200723.75,2,0,1,1263162.09,0
533,South India,Female,29,8,2502632.71,1,1,0,1842281.56,1
584,South India,Male,55,5,164906.97,2,1,0,1480145.14,1
507,West India,Female,52,5,195879.0,4,1,1,881453.68,0
630,North India,Male,30,0,0.0,1,1,1,408305.68,0
493,West India,Male,30,8,0.0,2,1,1,571144.99,0
756,West India,Female,24,1,215330.86,1,0,1,1292645.71,0
748,North India,Female,29,0,301793.02,2,0,1,1241869.96,0
635,North India,Female,22,6,397204.43,2,1,0,327372.01,0
558,South India,Male,40,4,3648441.36,2,1,0,492326.37,0
512,South India,Female,19,5,0.0,1,0,1,608851.28,0
586,South India,Male,42,3,100710.13,1,0,1,663088.18,1
706,South India,Male,42,7,0.0,1,0,1,714544.03,0
579,South India,Male,18,6,567997.37,2,1,0,1043965.83,1
821,East India,Male,53,0,0.0,1,1,1,588577.16,0
784,South India,Female,41,5,704881.35,1,1,1,809501.9,0
650,North India,Male,44,2,0.0,1,0,0,806359.93,0
608,West India,Female,27,7,320912.84,2,1,1,513164.46,0
598,North India,Male,42,5,641137.15,2,1,0,561262.07,0
793,North India,Male,48,10,1110448.83,2,0,0,628501.03,0
590,East India,Female,34,5,276451.54,2,1,0,489002.47,0
734,North India,Female,58,4,0.0,2,1,1,1258054.47,0
651,North India,Female,36,7,342428.87,1,1,1,411965.04,0
714,South India,Female,48,5,0.0,2,1,1,359724.44,0
576,North India,Male,39,6,324837.54,1,1,1,379550.33,0
620,South India,Female,42,8,310412.76,1,1,0,212380.81,0
647,South India,Female,18,5,0.0,2,1,0,1469842.64,0
593,South India,Male,40,5,0.0,2,1,0,357044.3,0
762,North India,Male,27,8,402646.95,3,1,1,1441200.07,0
581,East India,Male,26,5,128683.1,3,0,0,1408924.89,0
598,North India,Male,55,6,451724.85,2,1,1,422506.74,0
772,South India,Female,33,3,2728588.89,2,1,1,587459.24,0
754,East India,Male,24,4,0.0,2,0,1,388868.12,0
792,South India,Female,32,7,785488.45,2,0,1,352642.81,0
478,North India,Male,21,9,138889.91,1,1,0,593659.49,0
668,North India,Male,51,9,0.0,1,1,1,1280177.41,0
658,East India,Female,28,4,524325.31,2,0,0,360436.26,0
599,West India,Male,41,3,237027.38,2,1,0,612945.32,0
679,East India,Male,50,7,455396.45,1,0,1,578527.84,0
621,West India,Female,30,4,0.0,1,1,0,503532.17,0
664,North India,Female,41,1,351806.0,1,0,0,511928.05,1
900,North India,Male,24,9,286748.14,1,0,0,1220459.1,0
678,East India,Male,62,7,2237972.03,1,1,1,698479.92,0
682,South India,Male,46,7,136309.46,3,0,1,545025.76,0
723,South India,Female,33,6,118943.71,1,0,0,544477.93,0
666,South India,Female,27,8,365005.45,1,1,0,473527.48,0
551,North India,Male,34,8,0.0,2,1,0,709817.34,0
501,North India,Female,32,3,1494759.05,2,1,0,604529.07,0
647,South India,Male,57,6,0.0,1,0,0,342321.16,0
625,North India,Male,22,0,1420065.89,2,0,1,1452565.85,0
473,North India,Male,37,10,0.0,1,0,0,676784.36,0
796,South India,Male,35,10,0.0,1,0,0,219005.82,0
659,South India,Male,34,0,1815540.42,2,1,1,630544.27,0
779,North India,Female,34,2,378731.52,3,1,0,470676.69,0
449,North India,Male,34,5,474420.45,2,1,0,372513.71,0
781,East India,Female,45,9,782674.26,2,1,0,184274.67,0
606,North India,Female,42,7,0.0,1,1,0,400371.41,0
763,North India,Female,40,4,0.0,2,1,1,355815.35,0
669,North India,Male,18,2,296568.12,2,0,1,670042.94,0
690,North India,Male,39,1,432823.02,1,0,1,801492.79,0
690,South India,Female,18,9,84577.34,3,1,0,981110.51,0
611,West India,Male,43,7,154397.23,2,1,0,787530.47,0
591,South India,Female,52,8,0.0,1,1,0,545480.76,0
617,West India,Male,25,6,535168.21,1,1,1,2321811.69,0
517,East India,Male,33,5,468590.23,2,0,1,211128.14,0
606,North India,Female,29,9,533926.54,1,1,1,517231.2,0
587,South India,Female,49,1,2042701.73,2,1,0,463023.73,1
515,South India,Male,37,1,449147.19,1,1,0,523425.84,1
691,North India,Male,55,5,974163.22,1,1,0,729731.94,0
650,West India,Female,40,10,1533304.13,2,0,1,512653.85,1
672,West India,Male,38,8,215778.41,1,1,0,776145.47,0
712,South India,Male,36,8,0.0,3,1,0,1400981.48,1
628,North India,Male,44,8,364883.72,1,1,0,371902.48,0
565,North India,Male,18,2,593190.18,2,1,0,1197195.37,1
677,South India,Male,36,2,123906.76,1,1,1,502129.63,0
387,North India,Male,35,8,21639.25,2,1,1,517114.55,0
640,West India,Female,43,4,1067262.93,1,1,1,517800.22,0
718,North India,Female,33,2,113196.13,2,1,1,641334.58,0
744,West India,Female,24,6,164869.96,2,0,0,208079.82,0
602,North India,Male,36,5,0.0,2,1,1,718741.32,0
448,West India,Male,24,9,182350.7,1,1,1,386706.49,0
413,West India,Female,18,2,0.0,1,1,1,784232.27,0
707,West India,Male,43,5,516598.24,2,1,1,936181.49,0
618,South India,Female,42,9,0.0,1,1,1,1147847.13,0
831,North India,Male,41,8,0.0,1,1,0,611274.8,0
523,South India,Female,50,1,1002374.99,1,1,1,251314.94,0
680,South India,Female,28,4,0.0,1,1,0,276876.99,1
799,East India,Male,20,9,139440.18,2,1,1,379189.72,0
668,South India,Male,35,4,2895014.3,4,1,0,833299.39,0
506,South India,Male,32,5,191346.52,2,1,0,758086.32,0
899,West India,Male,26,1,227773.51,2,1,0,866362.39,1
792,South India,Male,35,5,457000.62,2,1,1,565267.32,0
629,South India,Female,29,0,0.0,1,0,1,413670.53,0
723,North India,Male,18,10,176144.15,2,0,0,366912.89,0
724,North India,Male,31,9,862872.56,2,1,1,552480.21,0
707,West India,Male,23,6,0.0,2,0,1,620604.86,0
525,West India,Male,38,0,397496.54,1,1,0,1019915.27,0
679,South India,Male,28,1,679753.81,1,1,1,492391.94,0
781,South India,Female,48,3,0.0,2,0,1,244942.62,0
695,North India,Female,53,4,0.0,2,0,0,537503.25,0
685,South India,Male,43,9,493111.12,3,1,1,444476.11,0
601,North India,Male,18,0,227749.7,1,1,0,1038646.73,0
568,West India,Female,52,0,472724.2,3,1,1,392855.19,0
508,South India,Male,53,10,336377.58,1,1,0,764072.9,0
718,South India,Male,36,4,223482.98,1,1,1,556170.25,0
630,North India,Female,50,5,0.0,1,1,0,448275.58,0
529,South India,Male,29,2,0.0,1,1,1,531185.74,0
737,North India,Male,18,4,1060636.23,2,1,1,427299.42,0
597,South India,Female,27,1,475312.5,1,1,0,780369.51,1
572,South India,Male,55,7,0.0,2,0,0,248290.81,0
605,South India,Female,19,2,657394.44,1,1,1,414546.49,0
632,North India,Male,35,10,603568.67,1,1,1,1034613.18,0
691,West India,Female,36,2,297470.83,2,1,1,270468.59,0
571,South India,Male,30,8,123305.0,1,0,0,795650.89,0
740,South India,Male,31,3,0.0,1,0,0,863313.15,0
693,South India,Female,36,9,0.0,3,1,0,481257.9,0
603,South India,Female,29,2,0.0,2,1,1,413499.6,0
635,South India,Male,20,4,176341.04,1,1,1,524476.63,0
611,West India,Female,38,5,1042653.39,1,1,1,214527.54,0
655,West India,Male,47,9,0.0,2,1,0,213403.86,0
786,South India,Female,45,0,734981.13,2,1,1,382320.51,0
611,South India,Female,27,6,341105.55,1,1,0,634895.79,0
667,North India,Male,22,10,0.0,1,1,1,496226.86,0
587,North India,Male,32,3,304898.5,4,1,0,500847.43,1
697,South India,Male,53,8,1392469.72,2,0,0,465900.85,1
674,East India,Female,43,1,1067565.93,2,1,0,398334.03,0
769,South India,Male,43,10,83880.13,1,0,0,1960566.05,0
575,West India,Female,45,1,0.0,1,1,0,911916.95,0
712,North India,Male,40,9,454099.14,1,1,1,264099.82,0
763,South India,Female,37,1,393639.1,2,0,1,419030.44,0
610,South India,Female,43,9,0.0,2,1,0,376079.59,0
638,West India,Female,29,9,0.0,1,1,1,673821.26,0
667,North India,Female,20,7,595703.18,2,1,1,387367.06,0
628,South India,Male,43,1,130095.81,4,0,1,961909.79,1
665,East India,Male,49,3,2763211.66,2,0,1,605228.19,0
710,West India,Female,23,9,265850.03,2,1,1,500963.94,0
639,West India,Male,45,10,726484.97,2,1,1,788396.94,0
639,South India,Female,54,0,278795.71,1,0,1,456001.35,0
673,East India,Female,35,3,250329.47,2,1,0,377861.49,0
614,West India,Female,27,5,841251.12,2,1,0,736540.04,0
618,West India,Male,37,5,428038.07,2,1,1,701913.24,0
569,East India,Male,29,2,416388.69,1,1,1,324319.92,0
646,East India,Female,29,8,1998269.04,1,1,1,440924.81,0
690,North India,Male,40,4,664821.26,4,1,0,985923.48,0
625,North India,Female,18,8,180376.57,1,0,0,475020.74,0
580,West India,Male,20,1,0.0,2,0,1,1132212.67,0
641,South India,Male,36,2,791841.29,1,1,1,467214.17,0
685,North India,Male,35,6,794504.62,2,1,1,1099883.57,0
661,West India,Female,39,4,615179.39,2,1,1,438001.73,0
850,North India,Male,56,8,378473.05,2,1,1,658096.56,0
590,North India,Male,37,1,0.0,2,1,1,906394.98,0
636,South India,Female,42,8,386579.88,1,0,1,565318.52,0
720,North India,Female,25,10,0.0,2,0,0,659827.36,0
587,West India,Female,44,7,515426.25,2,0,0,420141.32,0
823,East India,Male,30,4,1579577.85,1,0,1,443017.42,1
650,West India,Female,36,0,331247.12,1,1,1,662802.92,0
700,West India,Male,34,10,1609313.42,2,1,0,891316.6,0
651,North India,Female,47,9,0.0,2,1,0,312848.49,0
741,South India,Female,21,0,0.0,2,1,1,300132.1,1
554,West India,Male,18,6,122482.85,1,1,1,279504.3,0
791,West India,Male,33,1,185402.0,1,1,1,642980.06,0
670,North India,Female,41,0,273437.41,2,1,0,665246.58,0
709,West India,Male,37,10,125241.86,1,0,0,547508.82,0
583,East India,Female,49,2,484794.06,2,1,1,294309.0,0
680,North India,Male,40,1,792260.7,2,1,1,565681.59,0
562,North India,Female,29,2,330238.96,3,0,0,1723943.59,0
755,North India,Male,18,8,0.0,2,1,0,890140.61,0
533,North India,Male,33,8,162139.45,1,0,0,484030.69,0
663,West India,Male,47,8,0.0,2,0,1,922522.25,0
615,East India,Male,31,5,0.0,2,1,1,756033.75,0
509,South India,Male,36,10,961473.57,1,0,1,366219.27,0
565,West India,Male,40,2,623717.33,1,1,0,765255.7,0
690,West India,Male,24,5,0.0,2,1,0,548302.48,0
569,South India,Female,42,10,2035894.53,2,1,1,712069.39,0
589,South India,Male,54,2,0.0,1,0,0,1952004.76,1
683,West India,Female,34,7,1981571.28,1,1,0,297939.24,0
732,West India,Male,23,4,152773.5,2,1,1,520302.73,0
709,North India,Male,35,1,1724846.82,2,1,0,742227.68,0
645,South India,Male,18,4,246800.2,2,1,0,183383.48,0
669,South India,Female,39,2,0.0,2,1,1,570967.62,0
660,West India,Male,40,1,1376267.14,3,1,1,938530.62,1
556,South India,Male,54,9,0.0,1,0,1,2059554.41,1
675,North India,Male,33,9,315314.33,2,0,0,178801.07,0
555,West India,Male,40,7,0.0,1,0,0,598334.53,1
705,South India,Male,26,8,0.0,1,1,0,202268.42,0
662,North India,Male,32,2,1126482.28,2,1,1,1129644.17,0
455,West India,Male,19,10,0.0,2,1,1,465450.93,0
738,North India,Female,33,9,0.0,1,0,0,709971.28,0
603,North India,Male,32,3,1451536.46,1,1,1,1140663.75,0
595,North India,Male,39,6,191781.07,1,1,1,1882085.17,0
736,North India,Male,29,6,761959.01,2,1,1,1017585.2,0
635,South India,Male,36,1,2095638.53,1,1,1,326187.14,0
703,South India,Male,32,0,1663810.66,2,1,0,651997.31,0
591,South India,Female,32,2,0.0,1,1,1,606952.49,0
722,North India,Female,36,1,104779.3,1,1,0,1389646.41,0
667,North India,Female,36,7,0.0,1,1,0,757723.86,0
686,South India,Male,44,10,175205.94,2,1,0,1264274.67,0
633,South India,Male,34,4,0.0,2,1,0,1690252.81,0
796,North India,Male,32,8,183972.08,2,1,1,281725.86,0
818,North India,Female,34,6,304426.6,1,0,0,219555.81,0
451,North India,Female,28,0,1730784.02,2,1,0,2218869.68,0
733,North India,Male,32,5,0.0,2,1,1,859900.18,0
552,North India,Female,58,3,505747.09,2,0,0,789405.06,0
695,West India,Male,25,9,0.0,1,0,0,871167.68,1
490,North India,Male,32,0,0.0,2,1,1,566382.64,0
686,North India,Male,31,1,716979.85,1,0,0,258325.64,0
574,South India,Male,33,0,303113.24,3,0,0,216065.0,1
608,South India,Female,32,9,834416.58,1,0,0,598690.26,0
611,South India,Female,39,4,0.0,1,0,0,634785.86,1
583,North India,Female,18,4,1357732.51,2,1,0,691448.38,0
586,West India,Male,47,3,151499.34,1,0,1,527879.45,1
614,West India,Female,42,0,189397.27,2,0,1,942223.32,0
636,South India,Female,22,0,0.0,1,1,1,768448.49,0
679,South India,Male,18,6,847569.12,1,0,1,124983.36,0
817,North India,Male,25,9,1719201.91,1,0,0,661721.26,0
564,West India,Female,33,8,211523.19,1,1,1,2487917.57,0
661,South India,Female,64,6,810290.78,1,1,1,899748.01,0
719,North India,Female,41,3,0.0,1,1,0,312390.71,0
586,South India,Male,18,3,1381451.57,1,0,0,351981.4,0
446,East India,Male,28,8,0.0,1,1,0,290145.96,0
478,South India,Female,35,10,138127.29,2,0,0,678766.51,0
450,North India,Female,38,5,0.0,3,1,1,292337.63,0
788,South India,Male,21,9,150878.03,2,1,0,623871.82,0
705,North India,Female,34,10,0.0,3,0,0,758827.28,0
718,South India,Female,28,10,0.0,1,1,0,858291.16,0
738,West India,Female,23,1,689614.74,1,0,1,315665.88,0
598,West India,Female,38,0,77147.75,1,0,0,255469.96,1
857,West India,Male,44,5,736533.67,1,1,1,703236.05,0
680,South India,Female,45,0,0.0,3,1,1,623864.8,0
643,West India,Male,42,2,0.0,2,1,0,600633.16,0
749,West India,Female,30,5,450744.24,1,1,0,522993.69,0
710,South India,Male,43,4,812784.76,1,1,0,818157.55,0
770,North India,Female,39,8,0.0,2,1,1,409499.99,0
775,West India,Female,37,5,0.0,3,1,0,237060.18,0
618,North India,Female,29,2,446817.85,1,1,1,499513.04,0
666,North India,Male,30,9,810621.74,2,1,0,667345.15,0
568,North India,Male,36,3,872057.4,1,1,1,674995.25,1
503,South India,Female,62,4,135924.44,1,1,0,318323.23,0
725,West India,Male,39,3,731165.69,1,1,1,992196.36,0
736,South India,Male,29,2,880736.25,2,1,0,1131260.87,0
471,North India,Female,26,8,332475.73,2,1,1,1088462.67,0
585,South India,Female,30,10,4274771.35,1,1,1,909053.14,0
655,West India,Female,59,8,426457.71,2,1,1,1372790.29,0
663,West India,Male,31,4,1132176.7,1,1,0,254960.84,0
834,South India,Female,45,0,0.0,1,0,1,435144.96,0
593,North India,Female,31,0,391530.96,2,0,0,1078957.86,1
634,South India,Female,38,6,1703190.95,1,1,0,1365473.22,0
708,North India,Female,44,2,0.0,2,1,0,1527731.81,0
618,North India,Male,29,7,248692.77,1,0,1,425259.21,0
604,West India,Female,28,5,874253.77,1,1,1,595868.42,0
597,South India,Female,54,5,2329068.35,1,0,1,351012.16,0
670,South India,Male,46,5,678701.73,2,1,0,839141.59,0
634,West India,Male,44,5,612070.64,2,1,0,135535.33,0
711,South India,Female,44,2,1623820.92,2,1,1,438959.29,0
682,North India,Male,41,5,160934.74,1,0,1,1095047.5,0
387,North India,Male,58,2,0.0,1,1,0,1092249.49,0
492,North India,Male,36,4,245505.88,1,1,1,411576.61,0
604,East India,Male,42,0,1600191.01,2,1,0,532848.72,0
738,West India,Female,20,1,409191.59,2,1,1,383929.78,0
591,South India,Male,26,1,0.0,2,0,0,535858.46,0
683,North India,Male,22,8,293084.51,4,0,0,436542.21,0
703,North India,Female,50,4,107921.42,2,1,1,290368.19,0
698,West India,Male,18,0,4753879.48,1,0,0,720774.77,1
600,East India,Female,31,1,124043.06,2,0,1,505976.32,0
546,North India,Female,18,5,1715845.52,2,1,0,454168.04,0
531,East India,Female,26,5,538527.29,2,1,0,1170029.41,0
900,South India,Female,30,1,1524419.39,2,1,0,243935.94,0
690,North India,Male,51,2,164520.53,1,1,0,1128869.91,0
815,North India,Male,40,3,541084.34,1,0,0,491606.31,0
575,West India,Male,26,9,0.0,1,1,0,1021226.38,0
762,South India,Male,47,0,2018872.37,1,0,0,288739.17,1
607,West India,Male,36,9,1991609.19,1,1,0,652920.33,1
647,North India,Male,36,10,183620.2,2,1,1,509049.19,0
624,West India,Male,22,1,728691.83,4,1,0,346583.59,1
570,North India,Male,25,6,921958.43,1,0,0,378281.35,0
572,North India,Male,26,5,1004203.69,3,1,0,706588.48,0
646,North India,Male,36,4,0.0,2,1,0,517391.34,0
597,West India,Male,36,7,0.0,1,1,1,758482.07,0
661,West India,Female,52,2,778504.75,2,0,0,774170.06,0
574,North India,Female,40,10,281014.75,1,1,1,657208.11,1
713,South India,Female,18,7,0.0,2,1,0,591049.01,0
608,West India,Female,38,4,433768.05,1,1,1,898795.37,0
797,North India,Female,20,10,3647016.9,2,1,1,658656.3,0
645,East India,Female,25,8,1176563.68,2,1,0,578546.89,0
640,East India,Male,27,8,148391.39,1,1,1,406589.21,0
794,South India,Male,28,6,0.0,2,1,0,632086.23,0
605,South India,Female,20,2,1141009.27,1,0,0,222640.17,0
613,West India,Male,38,3,0.0,1,1,0,858999.28,1
586,North India,Male,20,5,857510.3,3,1,1,637795.16,0
668,South India,Male,39,0,1167734.79,2,0,1,787152.53,1
583,North India,Male,60,1,0.0,1,0,1,665578.04,0
719,East India,Female,21,5,499300.39,1,0,1,643398.64,0
645,West India,Male,32,8,617781.3,2,1,0,350435.81,1
725,North India,Male,18,3,1448391.85,2,1,0,440099.9,0
715,South India,Male,32,2,2335845.67,2,1,1,432090.48,0
603,North India,Female,43,7,1086384.77,2,1,1,987139.82,0
583,West India,Female,43,6,0.0,2,0,0,441766.3,0
620,North India,Male,36,1,800452.12,1,1,0,517083.1,0
650,South India,Female,45,9,432246.85,4,0,1,659194.64,1
680,North India,Male,64,3,352750.59,1,0,1,751798.44,0
690,South India,Female,54,9,666293.2,2,1,1,547436.25,0
647,North India,Female,30,5,1010290.61,1,1,0,609869.06,1
588,North India,Female,20,10,1181697.45,2,1,1,281245.2,0
597,South India,Male,31,1,146296.62,1,1,0,326899.4,1
696,South India,Male,25,5,720190.83,4,1,0,794449.03,0
591,East India,Male,40,10,2578520.14,1,1,0,838582.15,0
700,West India,Male,23,8,0.0,1,0,0,521651.8,0
703,South India,Male,35,3,0.0,1,1,0,762291.98,0
788,East India,Male,45,10,125705.58,1,0,1,638407.72,0
606,West India,Male,34,9,277359.11,1,0,1,349511.58,1
620,South India,Female,25,6,293183.52,3,1,1,513285.82,0
441,South India,Male,48,8,1307601.55,2,0,1,693859.97,0
565,East India,Female,18,7,32071.32,1,1,1,273036.96,0
563,South India,Female,32,1,1436577.23,1,1,0,529271.79,1
695,West India,Female,35,8,1066271.72,2,1,1,702599.24,0
812,North India,Female,36,7,336803.51,2,1,1,283108.66,0
702,West India,Female,37,4,1148014.81,2,0,0,888936.86,0
739,North India,Female,42,8,1513343.29,2,0,1,335812.56,0
585,North India,Male,35,5,495224.09,4,1,1,420907.8,0
542,West India,Male,31,10,159068.32,1,1,0,378269.2,0
628,West India,Female,31,8,0.0,1,1,0,762342.2,0
593,South India,Male,29,8,2175076.51,1,1,0,1150699.35,0
572,South India,Male,44,2,342087.77,2,0,1,374623.48,0
669,North India,Female,28,6,0.0,2,1,0,479322.31,1
543,North India,Male,45,3,402482.37,1,1,0,616515.48,0
724,North India,Female,36,3,420060.24,2,1,0,520981.09,0
614,North India,Male,30,6,0.0,1,1,0,302856.36,0
645,South India,Female,42,5,54875.3,1,0,1,559439.07,0
658,West India,Male,27,3,651784.28,2,1,0,1114603.3,1
607,North India,Female,43,4,0.0,1,1,0,1448165.54,0
763,North India,Male,38,5,170432.86,2,1,1,181748.09,0
505,East India,Female,29,3,188589.98,2,1,1,653983.93,0
765,West India,Male,41,7,467431.73,3,0,0,408883.85,0
618,North India,Male,42,3,72997.43,2,1,1,1210250.59,0
732,North India,Male,48,10,0.0,1,0,1,1167745.11,0
668,West India,Male,46,9,157941.72,4,1,1,531187.1,0
726,South India,Female,41,3,778392.72,2,1,1,1246907.92,1
639,West India,Male,23,9,0.0,1,1,0,245559.31,0
671,South India,Male,62,9,4384700.99,1,0,1,447751.8,0
748,East India,Male,20,0,279815.11,1,0,1,500147.7,0
658,West India,Female,46,5,1423479.02,2,1,1,491110.73,0
769,North India,Male,40,0,1349713.94,1,1,0,366040.06,0
681,North India,Male,23,8,0.0,2,1,0,1492409.2,0
584,South India,Female,34,4,1712689.55,1,1,1,519029.25,1
618,North India,Female,35,1,283685.07,2,1,0,191762.66,0
729,North India,Female,50,8,1033578.1,1,1,0,882170.35,0
538,North India,Female,28,7,3240138.93,1,1,0,1023363.76,1
721,South India,Male,33,3,0.0,1,1,0,746353.44,0
617,South India,Female,18,2,0.0,4,1,0,1295833.63,0
533,North India,Female,55,3,127668.58,2,0,0,779429.47,1
668,West India,Female,24,9,824707.42,1,1,1,1275961.12,0
586,South India,Male,39,3,173671.26,2,0,1,519129.98,0
598,East India,Female,34,8,0.0,1,0,1,760760.59,0
593,West India,Male,34,5,0.0,1,1,0,826147.23,0
660,East India,Female,44,3,746994.18,2,0,1,784763.01,0
614,East India,Male,54,1,0.0,3,1,1,630768.91,0
685,South India,Male,38,10,557113.34,2,0,0,894186.17,0
741,South India,Male,43,8,962857.8,1,1,0,446677.87,0
698,North India,Male,39,6,357675.92,3,1,1,322077.83,0
812,South India,Female,47,10,61237.56,1,1,0,515689.85,0
834,North India,Female,30,4,1383821.91,2,0,1,1155517.61,0
623,West India,Female,47,1,0.0,1,0,1,581448.21,0
546,North India,Male,48,0,373233.16,3,0,1,261264.03,0
623,North India,Female,47,6,495625.43,1,1,1,632785.53,0
660,North India,Female,28,2,1465474.01,1,1,1,532487.22,0
850,East India,Male,34,7,349647.6,2,0,1,204105.0,0
616,North India,Female,38,3,0.0,1,0,1,1427219.76,0
675,West India,Male,20,4,0.0,1,1,1,1035034.95,0
588,North India,Male,53,2,630145.48,2,0,0,627788.59,0
618,West India,Male,35,6,0.0,2,1,0,1149299.33,0
540,North India,Male,39,3,103529.29,1,0,0,326345.82,0
518,North India,Male,29,0,0.0,1,1,0,221441.37,0
772,East India,Male,21,4,0.0,1,1,0,528256.6,0
745,North India,Female,29,1,0.0,3,0,1,253963.03,0
616,North India,Male,38,6,0.0,1,1,0,440207.93,1
745,South India,Male,43,10,0.0,1,0,1,813063.61,0
532,West India,Female,37,1,0.0,1,1,1,290507.31,0
634,East India,Male,39,3,0.0,2,1,1,462714.76,1
665,West India,Female,32,1,0.0,2,1,1,831507.01,0
763,South India,Male,41,6,281291.66,1,1,0,751447.16,0
667,South India,Male,52,10,166983.54,1,1,1,918261.45,0
699,South India,Male,43,2,0.0,1,1,0,302140.91,0
607,South India,Female,44,1,1076632.07,1,0,0,1250614.92,0
673,North India,Male,39,1,410103.83,1,1,0,289654.56,1
763,West India,Female,19,1,368441.38,1,1,1,1348724.95,0
504,North India,Female,24,10,908204.71,2,0,0,824557.0,0
752,South India,Female,41,5,149080.22,2,1,0,521344.07,0
631,North India,Male,35,7,0.0,1,1,0,438709.76,0
523,North India,Female,40,6,182451.27,1,0,1,995872.65,0
625,South India,Male,54,9,0.0,1,0,1,342798.7,1
766,North India,Female,43,0,1097687.92,1,1,1,761820.07,0
606,North India,Male,49,2,20624.07,2,1,0,447330.32,0
676,North India,Male,37,10,283399.53,2,0,0,435155.87,0
504,North India,Male,27,7,1714410.14,1,1,1,525555.71,0
485,North India,Male,35,7,176416.91,1,1,1,522185.83,0
553,West India,Male,27,8,0.0,1,1,1,518571.83,0
741,South India,Male,53,6,1200211.0,2,0,0,685461.93,0
645,South India,Male,44,4,759161.37,1,1,0,521092.49,0
748,South India,Female,41,2,195997.27,1,1,1,394367.92,0
754,West India,Female,49,7,193040.07,1,1,0,803331.11,0
581,North India,Male,18,4,421638.18,2,1,0,296944.76,0
791,West India,Female,42,10,336102.11,1,1,1,1099131.16,0
601,East India,Male,21,4,429519.01,2,0,1,414087.74,0
740,North India,Male,35,7,3671377.28,2,1,1,687410.23,1
736,West India,Male,32,7,383955.93,1,0,1,352530.92,0
655,North India,Male,43,7,0.0,1,1,1,667880.98,1
655,North India,Female,38,3,770851.95,1,1,1,953233.57,0
678,North India,Female,50,2,711157.04,1,1,0,641795.24,0
660,West India,Male,29,5,1466761.15,1,1,1,573701.3,0
614,West India,Male,43,4,334208.54,1,1,0,210779.68,1
607,South India,Male,37,9,802805.68,1,1,1,378263.57,1
615,South India,Male,18,4,0.0,2,1,0,405753.03,0
759,South India,Female,25,4,0.0,2,1,1,668134.34,0
507,North India,Female,34,2,0.0,2,1,0,628307.31,0
605,West India,Male,48,6,352940.83,2,1,0,459848.69,0
620,South India,Female,41,4,0.0,1,1,1,722208.27,0
629,South India,Male,23,3,733951.24,2,1,0,649405.36,0
676,South India,Female,34,3,212458.32,1,1,1,1669502.85,0
528,East India,Male,58,6,0.0,2,0,1,239167.25,0
742,West India,Female,37,0,0.0,2,1,1,543078.45,0
729,North India,Male,32,7,2014949.6,2,1,0,219179.27,0
710,South India,Male,41,10,1636197.02,1,1,0,429217.89,0
631,North India,Female,44,0,0.0,1,0,0,845620.75,1
583,East India,Male,30,5,0.0,1,0,0,220634.22,0
620,South India,Female,41,3,0.0,2,0,0,977618.6,1
655,North India,Male,32,10,678171.25,1,1,0,539042.86,0
709,South India,Female,43,6,120720.47,2,1,0,692518.88,0
642,North India,Female,37,10,599953.55,1,0,1,299660.66,0
682,South India,Male,41,10,625503.85,1,0,0,1040598.76,0
610,North India,Male,27,5,0.0,1,1,0,659685.2,0
675,North India,Female,26,4,153400.84,2,1,1,566025.63,0
627,North India,Male,46,4,313883.81,2,1,1,1151453.87,0
674,North India,Female,35,5,77792.1,2,0,0,974189.1,0
490,North India,Female,39,10,1591603.4,2,1,1,908540.45,0
693,West India,Female,32,6,0.0,2,0,1,387394.64,0
698,North India,Male,45,10,1801861.08,1,0,1,674716.27,0
697,North India,Female,29,2,579678.42,2,0,1,1467564.59,0
561,West India,Male,34,2,0.0,1,1,1,630578.72,0
586,West India,Female,44,6,884830.7,2,1,1,199962.76,0
571,South India,Male,48,2,0.0,1,1,1,321237.45,0
679,North India,Male,30,6,274866.87,1,1,1,606155.38,0
709,West India,Female,57,1,411532.81,1,1,0,685610.42,1
587,North India,Female,39,7,1174375.59,1,1,0,351688.54,0
768,East India,Female,24,8,302440.55,1,1,0,762899.9,0
767,West India,Male,40,5,0.0,1,1,1,1224055.99,0
662,South India,Female,31,1,468500.92,2,0,1,488336.53,0
683,North India,Female,40,8,1410789.21,2,1,1,454977.38,0
498,North India,Female,35,4,750901.66,1,0,1,286417.77,0
602,East India,Male,36,3,714485.39,1,0,0,537618.13,0
537,West India,Male,25,6,358662.53,1,1,0,285415.29,0
568,North India,Female,46,10,0.0,1,1,1,727513.6,0
696,North India,Male,23,10,0.0,2,1,1,1522059.49,0
718,South India,Female,23,5,0.0,1,1,1,1447839.18,1
721,East India,Male,40,3,939495.47,2,0,0,426081.92,0
671,West India,Female,53,10,0.0,1,1,1,668917.85,0
697,North India,Female,32,9,373253.83,2,0,1,942889.68,0
506,South India,Female,43,1,0.0,2,1,1,487678.97,0
533,North India,Male,47,3,0.0,2,1,0,450096.8,0
631,East India,Female,44,0,1208341.02,2,1,0,904944.44,0
703,North India,Male,32,7,2675639.73,2,1,0,497357.47,0
609,West India,Female,23,3,932427.92,1,1,1,633857.31,0
527,North India,Male,18,1,369757.37,2,1,1,441219.52,0
587,North India,Female,33,4,818476.24,2,1,1,914298.48,0
565,West India,Female,48,0,288216.39,1,1,1,658635.98,0
494,West India,Male,23,1,186962.64,2,1,1,1089752.55,0
850,North India,Female,43,7,334471.17,1,1,0,709827.55,0
760,South India,Male,25,3,0.0,1,1,1,702341.77,0
472,South India,Female,37,8,266477.13,3,1,1,624679.71,0
477,West India,Female,43,9,0.0,1,1,1,1626928.86,0
577,South India,Male,28,3,0.0,1,1,1,857177.67,0
515,North India,Male,37,1,628196.48,1,1,1,486847.9,0
864,South India,Female,31,7,3420326.48,2,1,0,439850.12,0
577,West India,Male,43,9,202583.39,2,0,0,419414.93,1
682,West India,Male,38,3,179117.53,2,0,0,889109.54,0
604,South India,Male,36,7,149594.89,1,1,1,696505.47,0
544,East India,Male,53,1,137258.62,3,1,1,1055821.93,0
744,North India,Male,43,3,462806.46,1,0,1,186367.24,0
708,South India,Male,28,10,0.0,1,0,0,370238.47,0
644,West India,Male,35,10,661459.76,1,1,1,721563.96,0
864,North India,Female,35,0,161577.23,2,1,1,615528.12,0
671,East India,Male,36,7,439671.09,3,1,1,2308751.82,0
608,South India,Male,63,5,178616.58,1,1,0,409480.78,1
822,South India,Female,40,1,866452.68,1,1,0,1388072.52,0
686,North India,Female,18,2,549986.4,3,0,1,759247.63,0
796,North India,Male,30,5,0.0,2,1,0,207294.37,0
646,South India,Female,18,9,461074.63,2,1,1,971732.93,0
378,South India,Female,32,8,344674.42,1,1,1,316215.65,0
509,North India,Male,18,9,690899.73,2,1,0,317965.08,0
747,West India,Male,26,6,0.0,1,1,0,1214174.48,0
596,North India,Male,19,8,228037.73,2,1,1,904049.75,0
672,West India,Female,40,9,1405622.48,1,1,0,680431.18,0
752,North India,Male,36,3,1090560.08,2,1,1,432608.62,0
666,South India,Female,39,7,714499.17,2,1,0,4114785.81,0
572,South India,Female,34,10,129841.91,1,1,1,563010.69,0
649,South India,Male,20,1,209691.54,1,1,0,979995.42,1
659,West India,Male,41,1,0.0,1,1,1,397192.71,0
613,East India,Male,57,3,651591.87,2,1,1,1285906.99,0
525,North India,Male,40,2,0.0,1,0,1,233874.03,0
618,South India,Male,31,7,1413857.7,1,1,0,179576.11,0
641,South India,Female,20,1,0.0,2,1,1,772227.66,0
520,East India,Female,26,3,1254711.85,2,1,1,530779.13,0
567,West India,Male,40,8,1116972.95,2,0,0,645408.92,0
585,South India,Female,47,8,0.0,1,1,0,695056.92,0
482,South India,Male,38,3,0.0,1,1,1,597987.32,0
661,North India,Male,44,2,2510771.79,1,1,1,1053514.77,0
671,West India,Female,43,0,0.0,2,1,1,468110.59,0
601,West India,Male,41,10,0.0,2,1,1,539701.96,0
526,East India,Female,28,0,0.0,1,0,0,311164.95,0
686,South India,Female,37,7,0.0,2,0,1,804573.66,0
699,West India,Female,26,8,126487.91,1,1,1,733817.91,0
658,South India,Male,36,8,1315990.26,4,1,0,779724.83,0
653,South India,Male,39,4,602280.19,1,1,1,537735.4,0
703,North India,Male,54,1,123448.6,1,0,1,368941.35,0
641,West India,Female,21,6,0.0,2,1,0,500520.97,0
567,North India,Female,41,3,185264.86,1,1,1,707491.64,1
643,North India,Female,52,10,230671.35,1,1,0,1273138.25,1
614,West India,Female,44,9,3409660.2,1,1,0,659260.61,1
643,East India,Female,45,3,0.0,4,1,0,686678.51,0
729,South India,Female,42,3,0.0,1,1,0,626395.53,0
541,West India,Male,50,9,87646.49,2,1,0,970222.12,0
665,West India,Female,24,2,0.0,2,1,0,232060.84,0
537,South India,Female,20,10,0.0,2,1,0,671526.12,0
567,North India,Male,35,3,350909.61,1,1,0,972975.25,0
791,East India,Female,18,1,255533.95,2,0,0,511715.45,0
691,East India,Female,49,8,1748578.31,1,1,0,527733.89,0
664,South India,Male,49,6,1475581.42,2,0,1,424932.72,0
500,North India,Female,31,0,892256.9,1,1,1,275440.21,0
628,West India,Male,31,4,85959.15,4,0,0,1238717.74,1
463,West India,Male,35,1,388853.15,1,1,0,1257085.32,0
653,North India,Male,36,2,2122658.99,1,1,1,162949.35,1
537,North India,Male,37,2,0.0,1,1,0,776768.87,1
700,East India,Male,42,6,240411.87,3,0,0,760152.08,0
664,North India,Male,34,2,216091.3,1,0,0,539869.74,0
540,North India,Female,46,6,1839326.54,1,0,1,1043941.33,0
684,South India,Male,40,10,113850.33,2,0,1,630231.96,0
838,North India,Male,29,7,473919.36,2,0,1,643551.95,0
631,North India,Male,50,1,96715.25,1,0,0,1298606.78,0
729,South India,Male,21,0,0.0,1,0,1,230311.35,0
460,North India,Male,34,5,4630227.25,1,1,0,910239.22,0
692,West India,Male,46,10,0.0,2,0,0,366285.51,0
598,South India,Male,28,8,0.0,1,1,1,679348.52,0
625,North India,Male,39,5,0.0,1,1,0,566941.18,0
703,North India,Male,41,7,428148.15,1,1,0,164724.35,0
628,North India,Female,26,4,0.0,2,1,0,1714727.19,0
504,North India,Male,35,7,951034.16,1,0,1,638994.8,0
787,West India,Female,34,3,378582.95,2,1,1,1036226.65,1
519,North India,Male,29,5,842086.91,1,1,0,1043422.83,0
574,South India,Male,61,7,439003.5,1,1,1,655763.11,0
661,West India,Male,27,0,0.0,2,1,1,913730.57,0
662,South India,Female,47,5,1214722.69,1,1,1,501348.28,0
688,North India,Male,31,7,305402.75,1,0,1,660442.03,0
661,West India,Female,24,4,1055718.13,2,1,1,330281.82,0
753,West India,Female,37,2,789872.8,2,0,0,882602.45,0
694,West India,Male,43,4,0.0,2,0,0,1953720.84,0
543,South India,Female,46,2,0.0,1,1,1,653214.47,0
416,East India,Male,53,5,275068.66,2,1,0,578090.65,0
663,West India,Male,68,5,4930886.63,2,0,0,235509.08,1
781,South India,Male,38,4,589225.62,1,1,1,1627063.23,0
537,South India,Male,28,6,298943.98,2,1,1,612013.66,0
555,North India,Male,40,6,1225296.19,2,0,1,613785.37,0
681,South India,Female,33,5,0.0,1,1,0,893399.56,0
693,North India,Male,46,5,0.0,2,1,1,570103.63,0
751,North India,Female,21,3,625217.09,2,0,0,547480.78,0
797,North India,Male,62,3,4025739.85,1,1,0,648831.1,0
671,South India,Female,45,2,214464.63,2,0,0,899254.04,0
566,South India,Male,18,9,0.0,1,1,1,1830182.19,0
569,South India,Female,28,6,3945354.32,2,0,0,996578.63,0
601,North India,Female,44,2,143459.7,2,1,0,645532.14,0
742,West India,Male,48,8,171935.47,2,1,0,533049.08,0
604,South India,Male,22,8,482126.36,2,1,0,287333.72,0
736,South India,Male,43,5,509689.64,2,1,1,793159.78,0
512,North India,Male,18,6,2667131.31,1,1,1,332620.92,0
675,West India,Male,35,2,2815464.92,2,1,1,417195.59,0
582,South India,Female,48,2,0.0,1,0,1,1192703.16,0
696,West India,Male,29,0,1524800.49,1,1,1,521531.86,0
626,North India,Male,19,10,211726.55,2,0,1,634984.46,0
721,South India,Male,37,5,142667.65,1,1,0,933235.79,0
610,North India,Female,29,2,552038.36,1,0,0,431611.82,0
647,North India,Male,42,0,234650.52,1,0,0,717516.8,0
722,South India,Male,26,7,253921.26,4,0,1,747684.44,0
640,West India,Male,27,7,0.0,2,1,0,988600.55,0
655,South India,Male,18,7,655104.42,2,1,0,302133.4,1
718,North India,Female,37,7,1608785.0,1,1,1,1328968.94,0
643,West India,Female,34,4,0.0,1,0,1,210844.24,0
507,North India,Female,22,6,597470.5,1,1,1,240453.58,0
598,South India,Male,38,2,0.0,4,0,1,506711.54,0
476,South India,Female,47,9,0.0,2,1,1,1509487.44,0
627,South India,Male,33,1,0.0,1,0,1,454652.5,0
692,South India,Male,38,5,0.0,1,1,1,432629.75,0
661,North India,Male,39,0,282127.31,1,1,0,325548.62,0
775,North India,Male,22,1,136273.69,1,1,1,604584.59,0
765,East India,Male,58,6,521755.58,1,1,0,1199603.7,0
673,East India,Male,30,8,979567.59,3,1,0,1029668.37,0
434,North India,Male,43,6,1165960.11,1,0,1,2349200.7,0
710,South India,Male,44,9,0.0,1,1,0,378496.65,0
580,North India,Female,34,7,285653.94,2,1,1,882807.79,0
729,South India,Female,42,7,0.0,2,1,0,1024265.23,0
678,West India,Male,38,9,169634.82,1,0,0,776136.01,0
709,South India,Female,20,2,0.0,2,0,0,1243868.17,0
695,West India,Female,32,5,0.0,4,0,1,1856913.82,0
865,South India,Female,29,1,265629.96,3,1,1,625027.51,0
696,South India,Male,30,8,378442.66,1,0,0,539113.13,0
534,North India,Female,21,6,0.0,1,0,0,398306.49,0
746,West India,Male,48,2,2573827.07,1,0,0,509945.85,1
611,East India,Female,53,5,0.0,1,0,1,633447.33,0
771,South India,Female,46,9,0.0,1,1,0,726800.82,0
788,North India,Female,49,0,66431.73,2,0,0,591102.83,0
705,East India,Male,32,6,0.0,2,1,1,445922.05,0
535,North India,Female,29,8,1717264.74,2,1,1,376669.3,0
608,South India,Male,27,4,486027.0,1,1,1,222896.74,0
770,North India,Male,43,8,447357.22,2,1,1,415185.7,0
829,North India,Male,38,7,1091658.58,4,1,1,500228.76,0
655,North India,Female,35,7,0.0,1,1,0,305519.19,0
625,South India,Female,50,5,1775480.59,2,1,1,639670.34,0
543,South India,Female,40,2,0.0,2,1,0,584838.25,0
544,South India,Male,26,3,0.0,2,1,1,784637.54,1
670,South India,Male,28,0,0.0,1,1,1,1584967.03,0
713,South India,Male,43,10,1846420.94,2,0,1,978298.81,0
516,West India,Male,47,5,77552.69,1,1,0,482959.14,0
724,East India,Male,42,6,38435.02,2,1,0,936842.85,0
773,North India,Male,56,9,859266.97,1,0,1,695769.5,0
706,North India,Male,53,8,0.0,1,0,1,382377.59,0
798,South India,Female,40,4,91431.54,1,1,0,1213499.68,0
681,North India,Female,26,1,347971.95,1,1,0,1023442.58,0
682,West India,Female,21,6,213977.06,1,1,0,375038.83,0
681,North India,Male,31,10,250564.08,2,0,1,566577.32,0
772,South India,Male,44,10,0.0,1,0,0,459113.72,0
698,North India,Male,56,6,0.0,1,0,1,426288.32,0
602,South India,Male,40,10,2402784.95,2,1,1,630429.36,1
688,North India,Female,48,4,605032.38,2,1,0,544048.81,1
689,West India,Male,33,10,0.0,1,0,0,556010.01,0
630,East India,Female,42,1,328167.27,1,1,0,659685.38,0
742,North India,Female,45,6,11833.29,2,0,0,675729.9,0
658,North India,Male,18,0,1170624.5,1,0,0,247820.98,0
713,South India,Male,31,10,335299.63,2,0,0,460185.08,1
695,South India,Female,46,5,969472.09,1,0,0,720278.84,0
584,North India,Female,39,5,941803.32,1,1,1,1887031.5,0
561,West India,Female,22,5,561212.92,1,1,0,1186333.04,0
585,North India,Female,18,2,1142092.04,2,1,0,1830903.53,0
642,North India,Male,31,2,0.0,2,1,1,1538201.26,0
793,South India,Male,35,0,1361554.12,2,1,1,815073.8,0
645,North India,Male,26,3,155289.34,3,1,0,309812.71,0
683,West India,Male,37,6,1443816.29,2,1,1,631008.06,0
728,North India,Male,41,0,780014.64,2,1,0,408708.69,0
617,West India,Male,43,9,0.0,2,1,0,233935.12,0
612,South India,Female,18,9,0.0,1,1,0,1020294.75,0
744,South India,Male,21,1,98669.21,2,1,0,353818.59,0
701,North India,Male,32,9,0.0,1,1,0,540596.52,0
599,North India,Male,42,1,0.0,3,1,1,1152053.14,0
612,South India,Female,41,4,544167.77,1,1,0,349006.37,1
657,North India,Male,41,10,0.0,2,0,1,857634.3,0
679,South India,Female,31,7,879868.61,3,1,0,564432.37,0
761,South India,Female,32,4,677876.24,1,0,0,341524.9,0
697,North India,Male,27,0,2269858.54,1,0,1,1206244.79,0
561,West India,Male,44,0,1207412.16,1,1,0,206755.23,0
579,East India,Female,25,4,0.0,1,1,1,899968.09,0
677,South India,Male,45,1,483417.7,1,1,0,1004507.83,0
662,East India,Male,38,2,2786176.8,2,0,1,1302657.67,0
574,West India,Male,35,1,583351.06,2,0,0,610678.7,0
744,North India,Female,28,8,643866.73,2,1,1,456243.02,0
447,North India,Male,21,4,635863.92,2,1,0,462160.14,1
680,South India,Female,28,0,0.0,1,1,1,899774.97,0
510,South India,Male,32,2,219175.9,1,0,0,378878.36,0
729,North India,Male,18,7,523861.6,1,0,0,524775.14,0
626,North India,Female,33,3,143627.0,2,1,1,1320116.59,0
717,South India,Male,46,7,229294.54,1,0,0,913380.53,0
614,West India,Male,42,0,0.0,1,1,1,224042.16,0
769,North India,Male,30,7,168979.92,1,0,1,273013.55,0
482,West India,Male,36,9,161946.6,2,1,0,242392.76,0
729,East India,Male,29,8,920854.88,2,0,0,1424808.97,0
595,West India,Female,37,10,0.0,2,1,1,492347.31,0
683,North India,Female,52,6,154866.07,4,1,0,459748.99,1
687,North India,Female,46,2,348596.38,2,1,1,710240.85,0
524,South India,Female,41,10,0.0,1,1,0,1408662.35,0
739,East India,Female,30,1,0.0,2,1,0,630418.89,0
685,West India,Female,44,0,878058.1,1,1,0,589963.53,0
660,South India,Female,18,9,0.0,2,1,0,462198.55,1
684,North India,Male,33,9,2014803.47,3,1,1,1385249.15,0
661,West India,Male,42,6,606861.76,2,1,0,568327.88,0
725,West India,Female,44,0,201661.23,2,1,0,599236.7,0
607,East India,Male,43,5,203327.28,2,1,1,636726.74,0
725,South India,Female,39,0,1393812.32,2,1,0,467407.14,0
701,South India,Male,33,9,80146.91,2,1,0,627956.29,0
634,South India,Male,41,3,640517.66,1,1,0,292653.25,1
816,East India,Female,25,4,0.0,1,1,1,869984.11,0
690,South India,Male,26,0,0.0,1,0,1,1052368.04,0
667,North India,Female,36,7,122261.88,3,0,1,1002212.53,0
701,South India,Female,37,6,99847.29,1,0,1,931926.6,0
640,West India,Female,18,0,373593.08,1,0,1,658035.49,1
758,South India,Male,41,4,0.0,3,1,1,748806.27,0
648,South India,Male,44,3,156632.78,2,1,1,695946.37,0
723,West India,Male,35,0,0.0,1,1,1,856178.27,0
553,West India,Female,62,3,1937214.65,2,0,1,1429235.29,0
488,North India,Male,28,3,0.0,2,1,0,209187.81,0
686,West India,Male,32,5,183335.07,2,1,0,1447796.08,0
615,South India,Male,31,3,0.0,2,1,1,176657.54,0
632,East India,Male,35,4,0.0,2,1,1,694710.79,0
439,East India,Female,32,10,1524069.89,3,1,1,661661.14,1
803,South India,Male,20,9,0.0,3,0,1,3286258.21,0
659,East India,Male,29,10,915271.07,1,0,1,399941.77,0
770,North India,Female,34,2,2774287.6,1,1,1,295646.1,0
524,West India,Female,49,6,0.0,3,0,0,1008451.58,1
658,North India,Female,60,10,4933656.73,1,0,0,438151.43,1
686,North India,Female,50,2,326451.09,1,0,1,469006.27,0
662,West India,Male,27,4,0.0,1,1,1,1176610.23,0
671,West India,Male,28,1,3095636.51,2,1,0,645227.52,1
524,South India,Female,34,9,958252.95,1,1,1,182198.04,0
678,North India,Female,55,10,2075484.04,2,0,1,374049.46,0
574,South India,Female,34,9,1030535.63,2,1,0,509665.91,0
594,West India,Female,21,7,0.0,1,1,1,456735.42,0
651,North India,Female,30,3,174826.11,1,0,0,315303.28,0
618,North India,Male,44,0,0.0,2,1,0,557392.86,0
623,West India,Male,43,1,345120.29,2,1,1,982986.48,1
751,East India,Female,33,10,0.0,1,1,1,471989.83,0
635,North India,Female,43,6,2111975.9,1,1,1,1020176.23,0
614,West India,Female,18,6,572830.19,1,0,1,292796.23,1
638,South India,Female,37,1,374201.31,1,0,1,698851.44,1
549,North India,Male,45,7,0.0,4,1,1,494788.86,0
664,West India,Male,26,10,94074.9,1,0,0,318868.85,0
714,West India,Male,26,0,1233547.78,2,1,1,615560.26,0
678,North India,Female,18,3,850414.84,2,1,0,1354488.6,0
653,South India,Male,53,7,898627.82,1,0,0,554969.76,0
704,West India,Male,28,4,579282.4,1,1,1,205568.81,0
600,North India,Female,38,7,9178105.47,2,1,1,269553.89,1
653,South India,Male,42,7,112226.75,1,0,0,176476.45,0
775,North India,Female,52,8,230433.63,2,0,0,454154.54,0
623,North India,Male,34,0,327629.45,1,1,1,381547.04,0
704,North India,Male,30,0,115847.0,1,1,0,924557.63,0
706,South India,Female,37,8,1193387.67,2,1,0,535805.59,0
581,North India,Female,50,6,1118176.55,1,1,1,283652.45,1
711,South India,Male,34,8,0.0,1,1,0,727244.34,0
595,North India,Female,25,1,768615.79,2,1,1,602034.43,0
688,West India,Male,19,7,0.0,1,1,1,898524.07,0
593,West India,Male,22,0,2746524.79,2,1,1,1136385.69,1
675,North India,Male,45,3,227255.11,2,0,1,482141.33,0
661,East India,Female,32,7,0.0,2,0,0,1317727.03,0
660,West India,Male,29,3,0.0,2,1,1,872716.13,0
674,South India,Male,28,2,280669.7,1,0,1,692805.64,0
602,South India,Female,36,6,187749.84,2,1,0,383358.67,0
545,North India,Male,33,4,0.0,1,1,0,379794.18,0
657,East India,Male,32,0,633518.66,1,0,0,394136.65,0
749,North India,Male,50,10,0.0,2,0,0,1293275.97,0
702,West India,Female,52,3,677976.59,2,1,0,590933.1,0
690,South India,Male,18,3,401607.21,1,0,1,1134974.59,0
604,East India,Female,39,0,0.0,2,0,0,1261503.73,0
666,South India,Male,27,10,367542.03,2,1,0,232861.89,0
575,South India,Male,33,10,1823932.83,2,1,0,627006.46,0
611,West India,Female,39,9,135499.94,3,0,1,422431.02,0
682,North India,Male,33,4,2556102.0,1,1,0,892179.98,0
486,North India,Female,38,1,0.0,2,0,0,362245.66,0
805,North India,Male,43,7,299384.61,1,1,0,611136.14,0
529,North India,Male,39,8,0.0,2,1,1,1448113.2,0
819,North India,Male,28,1,0.0,2,0,0,977718.33,0
574,South India,Male,29,9,156146.23,1,0,0,1896623.21,0
573,West India,Male,20,9,223824.73,1,1,1,271346.45,0
614,East India,Male,26,3,994222.99,1,0,0,266741.02,0
610,South India,Male,57,10,76501.99,1,0,0,261176.57,0
595,North India,Male,27,1,3199383.68,2,1,1,586371.45,0
616,West India,Male,22,10,340248.22,4,1,0,1512951.08,0
658,West India,Male,39,4,544315.76,4,0,1,392280.11,0
569,South India,Male,34,6,108739.22,1,1,0,373611.78,0
725,North India,Male,33,4,87913.43,1,1,1,780748.49,0
777,East India,Male,51,4,57596.73,1,1,0,295621.26,0
474,North India,Female,42,1,1064887.17,2,1,1,613586.82,0
816,North India,Female,30,10,2459697.89,2,1,1,786972.4,0
719,West India,Male,31,2,85895.15,2,1,0,599718.99,1
673,South India,Male,30,5,388384.78,1,1,1,525667.01,0
598,North India,Male,45,5,170028.67,2,1,1,866366.83,0
664,West India,Female,32,0,626785.96,1,1,1,1423706.02,1
730,West India,Male,18,0,0.0,2,0,0,678713.23,0
884,West India,Male,35,9,384286.81,1,0,1,2401227.45,0
847,North India,Male,19,8,1420534.56,2,0,0,811882.07,0
512,North India,Female,60,10,118380.39,1,0,1,980106.67,0
631,South India,Female,25,10,248814.0,2,0,1,393046.84,0
656,West India,Male,34,1,0.0,2,1,1,625901.56,0
770,North India,Male,38,1,127845.72,1,1,0,941147.89,0
642,South India,Female,32,8,1131964.66,1,1,0,625853.61,0
582,North India,Male,32,4,1090438.4,2,0,1,968446.35,0
654,North India,Male,40,5,415147.76,2,0,0,723114.27,1
615,West India,Female,52,2,0.0,1,1,0,740826.57,0
738,North India,Male,44,6,0.0,4,1,0,1368150.35,0
864,West India,Male,52,1,263540.47,1,1,1,433661.99,0
731,North India,Male,24,4,0.0,2,1,0,3393803.1,0
735,North India,Female,39,3,833756.42,1,1,1,1545436.69,0
761,East India,Male,37,7,0.0,1,1,1,1411180.29,0
690,West India,Female,39,1,222281.77,1,1,1,1074572.12,0
614,West India,Male,51,0,2387517.29,4,0,0,599094.68,1
622,West India,Female,33,1,166152.41,3,1,0,795890.13,0
748,North India,Female,31,1,176544.73,1,1,1,1009488.4,0
676,South India,Male,41,7,0.0,2,0,0,1274653.27,0
561,North India,Male,18,0,0.0,2,1,0,341127.75,0
767,West India,Female,33,0,164436.28,2,1,1,1172075.74,1
580,South India,Female,34,9,74069.46,2,1,0,520496.71,0
548,North India,Male,25,0,245670.31,1,1,0,341018.12,0
571,West India,Female,47,2,0.0,1,1,1,448602.07,1
677,South India,Male,24,4,0.0,2,1,0,685455.73,0
737,South India,Male,34,7,170962.33,2,0,1,184053.98,0
672,North India,Female,39,7,0.0,1,1,0,678746.12,0
599,East India,Male,50,9,833912.32,2,0,0,1029162.12,1
577,East India,Male,35,4,2146057.41,1,0,1,674730.38,0
719,South India,Female,46,4,186598.48,2,1,1,259870.44,0
641,South India,Female,43,6,1241115.43,1,0,1,442415.77,0
680,South India,Female,37,0,0.0,1,1,0,413849.07,0
637,North India,Female,24,0,330464.88,2,1,1,697462.83,0
676,South India,Female,20,10,0.0,1,1,1,898563.08,0
685,North India,Female,37,0,0.0,2,1,1,526680.05,0
868,East India,Male,30,7,1115998.58,4,1,1,1401476.16,0
686,North India,Male,46,7,0.0,2,1,1,460250.36,0
615,West India,Male,44,3,0.0,1,1,0,430916.63,0
665,North India,Female,33,4,302214.58,2,0,0,946820.34,0
564,North India,Male,23,6,0.0,2,1,1,343430.26,0
563,South India,Male,41,5,222517.77,3,1,0,799560.75,0
762,West India,Female,24,1,0.0,1,1,1,3040490.25,1
677,West India,Male,27,6,2025247.97,1,0,1,317861.05,0
750,North India,Male,25,1,76748.72,1,1,1,525925.1,1
503,North India,Male,34,3,604525.6,1,1,0,229604.41,0
562,West India,Female,48,3,0.0,2,0,0,634976.07,1
676,West India,Male,35,10,0.0,1,0,1,824848.81,0
575,West India,Male,31,4,696079.06,1,1,1,1261388.62,0
521,North India,Male,19,0,208176.68,1,1,1,289825.29,0
552,West India,Male,42,2,384628.73,1,0,0,542938.55,0
621,South India,Male,27,7,607730.5,1,1,1,873446.65,0
687,South India,Female,37,5,736888.77,1,1,1,414897.73,0
804,North India,Male,32,2,4043917.93,1,0,0,714612.77,0
555,North India,Male,45,1,179982.97,2,1,0,900949.11,0
559,South India,Female,34,10,46277.93,1,1,0,397531.09,1
519,North India,Female,35,5,1131575.26,1,1,0,812407.34,0
701,South India,Male,41,2,621170.45,1,1,1,702287.63,0
661,West India,Male,59,6,366460.25,2,1,0,319967.0,0
563,East India,Female,45,6,0.0,1,1,0,174205.42,0
575,North India,Male,35,10,1003456.98,2,0,1,359015.27,0
638,North India,Male,36,1,266180.53,2,0,1,416533.39,0
643,South India,Male,30,3,270067.93,2,0,1,1266807.81,0
556,North India,Male,25,2,579737.97,1,1,1,416126.28,0
665,North India,Female,29,7,1655106.95,2,1,1,626658.39,0
526,South India,Male,27,7,201194.05,1,1,1,482110.01,0
654,South India,Male,43,3,441123.47,1,0,1,350877.16,0
634,West India,Female,24,3,2730457.87,2,1,1,589723.65,0
686,East India,Male,50,5,262077.58,1,0,0,3065473.86,0
759,West India,Male,44,5,74400.29,2,1,0,846432.04,0
616,North India,Male,36,5,842812.14,2,0,0,651003.23,0
650,West India,Female,36,1,591346.55,2,0,0,638660.3,0
471,South India,Male,29,7,0.0,1,1,0,373845.17,1
827,South India,Female,38,6,169135.72,2,1,0,1364465.94,0
482,East India,Male,47,1,156635.59,1,1,0,664479.44,0
642,West India,Female,28,7,409655.47,1,0,1,670207.65,1
420,West India,Female,19,10,0.0,1,0,0,668838.95,0
575,North India,Female,43,0,441905.94,1,0,1,930182.78,0
806,West India,Male,39,9,234324.14,1,0,0,456023.24,0
753,West India,Male,23,6,698120.68,2,1,0,365309.4,0
738,North India,Male,27,5,228015.39,1,1,1,267873.21,0
632,North India,Male,26,8,0.0,2,1,1,489504.03,1
798,North India,Male,28,2,764053.39,1,1,1,436015.36,0
673,North India,Male,32,8,611236.55,1,1,1,1943026.6,0
712,West India,Female,33,4,902315.92,1,0,0,381707.24,0
888,North India,Female,28,4,503358.29,2,0,1,808855.14,0
748,East India,Male,27,5,145207.89,3,1,1,294166.14,0
644,West India,Male,33,2,2036545.61,2,1,0,933347.42,0
695,North India,Female,37,3,258715.42,2,1,0,925221.21,0
776,South India,Male,32,9,0.0,2,0,0,303976.34,0
706,North India,Male,48,5,0.0,1,1,0,441347.06,0
720,North India,Male,41,4,157073.21,2,1,0,696742.83,0
765,North India,Male,18,9,91021.16,1,1,1,675615.79,0
877,South India,Female,41,10,0.0,1,1,1,368118.79,0
565,East India,Female,42,7,96622.34,1,0,0,758859.04,1
713,East India,Male,31,6,441386.92,2,1,1,653304.18,0
691,West India,Male,19,0,817446.89,2,0,1,508588.26,0
615,South India,Male,36,5,0.0,1,0,0,306362.49,0
591,West India,Female,35,4,399124.64,2,1,0,300056.87,0
798,South India,Female,23,9,1846485.12,2,1,0,284306.94,0
557,North India,Male,20,8,1335215.15,1,1,0,297173.96,1
523,West India,Female,35,2,1087042.86,2,1,1,535528.03,1
599,East India,Male,33,3,522633.36,2,0,0,375511.39,0
489,North India,Male,31,3,138052.98,2,1,1,347850.43,0
573,North India,Female,35,3,217939.85,2,0,1,720712.49,0
555,North India,Male,23,8,0.0,1,0,1,605870.49,1
657,North India,Male,31,7,771778.54,1,0,0,1613419.35,0
780,North India,Female,41,8,81738.27,2,1,0,788581.8,0
596,South India,Male,32,3,1068491.85,1,0,0,251209.3,0
727,East India,Male,18,2,324183.34,2,1,1,456074.51,0
717,West India,Male,30,4,217065.35,1,1,1,481399.82,0
450,East India,Male,24,1,826565.93,1,1,0,482683.22,0
600,North India,Male,38,4,146376.68,2,0,0,1408861.91,0
616,North India,Male,39,1,1444219.61,1,1,1,318816.36,0
684,North India,Female,18,9,0.0,2,1,1,1336364.84,0
701,East India,Female,44,1,0.0,1,1,1,908505.02,0
679,North India,Male,23,6,142366.3,1,1,0,486074.96,0
569,South India,Male,53,9,200468.42,1,1,1,487047.8,0
593,North India,Female,35,3,746218.87,1,1,0,851605.61,0
514,North India,Female,22,5,0.0,1,1,1,846470.71,0
655,North India,Male,23,8,958847.34,1,1,1,953497.52,0
616,West India,Female,39,9,564868.47,2,1,0,249897.68,0
697,North India,Male,31,2,1063432.54,2,1,0,449866.87,0
712,North India,Female,34,0,149305.7,1,1,1,268850.54,0
619,South India,Male,53,2,0.0,2,1,0,511217.58,1
675,West India,Female,28,2,144351.75,2,1,1,521734.01,0
630,South India,Male,36,2,439974.92,1,0,1,363425.35,0
549,East India,Female,51,3,377153.58,3,0,1,687879.79,0
577,South India,Male,38,10,319461.0,1,0,1,405217.26,0
445,North India,Male,18,2,4160541.07,1,1,0,774343.05,0
614,South India,Female,41,4,261173.83,2,1,0,1046051.0,0
596,South India,Female,23,7,1294561.85,1,1,0,1637737.64,0
551,West India,Female,51,2,494193.22,1,0,1,1640108.15,1
723,East India,Male,26,9,1205932.52,2,1,1,1007273.8,0
697,West India,Female,68,5,311532.76,2,0,0,454684.19,0
699,South India,Female,52,0,164062.15,2,0,0,429914.1,0
712,North India,Male,27,3,402753.51,2,1,1,1045299.33,0
649,East India,Female,36,0,473243.43,2,1,0,767689.2,0
648,South India,Female,44,1,1493508.35,2,1,1,1035592.76,0
724,West India,Female,44,2,366288.17,4,0,1,1330711.32,0
710,East India,Female,40,4,350318.85,1,1,0,640049.84,1
742,South India,Female,49,8,599669.71,2,1,0,816926.07,0
646,South India,Female,34,10,266854.27,1,1,0,877541.84,0
561,West India,Female,31,8,674997.77,1,1,0,896537.73,0
671,North India,Female,32,2,444803.0,1,0,1,560447.83,1
597,South India,Female,45,7,0.0,2,1,1,330555.24,0
708,North India,Female,40,1,623612.59,2,0,0,418924.26,0
675,North India,Male,39,8,689681.44,2,1,0,617991.48,0
654,South India,Male,44,3,521335.54,2,1,1,1075618.44,0
614,South India,Male,18,1,0.0,1,0,1,518500.35,0
740,West India,Female,39,4,717095.56,2,1,1,442423.06,0
733,West India,Male,38,6,386647.2,1,1,1,855343.08,0
599,North India,Male,54,10,419364.75,1,0,0,604931.43,0
539,West India,Male,19,5,727216.21,1,0,1,571017.14,0
666,South India,Female,53,8,0.0,1,0,0,428846.49,0
756,South India,Female,36,6,438917.02,1,1,1,622302.31,0
536,West India,Female,41,5,770228.67,2,1,0,1017058.69,0
692,North India,Male,54,7,0.0,1,1,0,394708.88,0
576,South India,Male,42,6,37938.92,1,0,1,611596.89,0
558,South India,Male,40,6,0.0,2,1,1,507879.57,0
733,West India,Male,38,7,1694461.69,1,1,1,766859.99,0
708,West India,Female,30,5,1115955.15,1,1,0,1000429.46,0
636,West India,Male,35,9,1875319.2,2,0,0,650112.03,0
721,North India,Male,28,4,550507.08,1,0,1,301282.4,0
711,West India,Male,35,3,0.0,1,0,1,1146924.93,0
516,South India,Male,18,7,280155.38,2,0,1,501074.26,1
657,South India,Male,40,8,207182.75,1,0,0,227325.47,0
777,South India,Male,34,8,0.0,2,0,1,859418.47,0
692,North India,Male,32,10,351956.2,2,0,0,686552.77,0
414,North India,Male,38,3,1889579.44,2,1,1,602583.31,0
553,North India,Male,20,8,1476610.82,2,0,1,181602.49,1
739,North India,Female,57,1,533104.11,1,1,0,553529.71,0
599,West India,Female,34,10,417582.72,2,1,1,360629.22,1
750,West India,Male,34,6,509416.75,1,0,0,522187.71,0
834,West India,Female,25,3,769892.52,2,0,0,650477.06,1
628,West India,Female,36,10,746924.26,1,1,0,840321.49,1
594,North India,Male,51,3,1641688.91,2,0,0,530477.62,0
559,South India,Male,47,7,1769444.27,1,1,1,613047.99,1
718,East India,Male,45,2,101418.7,1,1,0,1462669.41,0
595,West India,Male,42,10,791875.24,1,0,0,616629.57,1
613,North India,Female,32,4,316513.36,3,0,1,440351.31,0
550,South India,Male,20,4,937250.92,1,0,0,873080.69,0
611,North India,Female,33,2,1185211.02,1,0,1,558756.72,0
586,North India,Male,33,10,134445.48,1,1,1,834873.39,0
471,South India,Female,47,3,849355.43,2,1,1,312453.99,0
574,West India,Female,39,8,607431.57,2,1,1,1032500.53,0
717,West India,Female,53,2,1376483.53,1,0,1,432795.62,0
771,South India,Female,49,9,972532.67,2,0,0,611557.38,0
640,South India,Male,30,8,211886.83,2,0,0,1022652.8,0
653,West India,Female,18,9,232573.97,2,1,0,900099.02,0
675,North India,Male,51,0,184568.49,2,1,1,717987.02,0
826,South India,Female,50,10,713987.37,2,1,0,674625.18,0
559,North India,Male,20,4,342823.81,2,0,0,138035.17,0
536,South India,Male,52,4,110546.42,1,0,0,180367.6,0
645,North India,Female,40,10,580643.33,1,1,1,647969.65,0
685,West India,Male,37,8,209307.06,3,1,0,198493.4,0
646,North India,Male,53,10,0.0,4,1,0,2501138.26,0
527,North India,Male,50,7,0.0,2,0,0,409542.49,0
729,North India,Female,43,6,188398.41,1,1,1,604045.41,0
637,South India,Female,41,0,0.0,2,1,0,402386.08,0
699,West India,Female,42,10,312691.29,2,1,1,641004.66,0
789,North India,Female,31,6,219949.97,1,0,1,490022.16,1
518,North India,Male,35,1,1074974.14,2,0,1,625178.38,1
495,West India,Male,26,10,0.0,2,0,1,487961.3,0
700,West India,Female,32,8,0.0,2,1,1,461554.77,0
466,West India,Female,31,2,0.0,2,1,1,398532.27,0
614,West India,Male,29,8,2899347.33,2,0,1,489728.85,0
598,West India,Male,37,4,0.0,1,1,0,950509.79,0
682,South India,Male,32,10,232893.07,1,0,0,1504204.78,1
590,South India,Male,41,3,480270.23,2,0,1,530977.12,0
694,West India,Male,18,4,279845.21,3,1,1,836097.01,0
553,North India,Male,34,10,0.0,1,1,1,465333.3,0
538,South India,Male,37,1,363585.88,2,1,1,690125.65,0
651,West India,Male,32,7,1329262.31,2,0,0,761386.33,0
659,South India,Female,34,7,0.0,2,0,0,897481.73,0
676,West India,Female,18,7,416358.32,3,1,1,718584.64,0
783,North India,Male,39,7,915143.76,1,0,1,443257.39,0
765,North India,Male,43,6,1542931.67,1,1,0,783840.8,0
690,North India,Female,41,1,0.0,1,0,1,1312026.92,0
722,East India,Male,47,7,492230.15,2,0,1,765085.39,0
673,East India,Female,38,5,683090.06,1,1,1,264369.81,1
756,North India,Male,41,4,441337.01,1,1,0,423817.49,0
682,North India,Female,37,1,0.0,1,1,1,824694.75,0
600,North India,Male,43,2,0.0,1,0,1,469562.58,0
582,North India,Male,18,3,0.0,2,1,1,467132.69,0
753,North India,Female,26,3,405939.98,1,0,1,1332029.28,0
633,North India,Female,53,4,217412.1,1,0,0,1539561.36,0
822,West India,Male,18,1,839796.85,1,1,1,266801.03,0
550,West India,Female,34,8,638256.63,1,0,0,306302.75,1
762,North India,Male,48,8,356695.07,2,1,0,1094883.68,0
611,West India,Female,34,8,133116.31,2,0,1,390398.54,0
686,South India,Male,31,4,49760.48,2,0,1,338922.81,0
532,North India,Male,37,3,0.0,1,1,0,472341.43,0
484,West India,Female,32,8,1873146.03,2,0,1,607429.93,1
783,North India,Male,36,7,0.0,1,1,0,520633.38,1
610,North India,Male,28,6,2102127.76,2,0,0,1254137.14,0
738,North India,Male,48,4,744687.77,2,1,0,742539.32,0
590,East India,Male,51,7,670993.08,1,1,0,590247.96,0
738,West India,Female,34,4,341921.39,2,1,0,1252079.59,0
611,South India,Male,20,1,0.0,1,0,1,3078448.55,0
541,West India,Female,30,5,834889.64,2,0,1,342103.6,0
708,North India,Male,33,10,0.0,1,0,1,1389731.89,0
735,East India,Male,41,1,479668.36,1,1,1,292483.32,0
707,West India,Male,24,9,603940.11,2,1,0,618704.26,0
636,South India,Female,27,8,719579.66,2,1,1,604878.05,0
492,West India,Male,41,6,0.0,2,0,1,778533.62,1
553,South India,Male,46,2,3383620.24,2,0,0,1501159.96,0
586,West India,Male,29,9,1983314.5,2,1,1,762054.32,0
626,West India,Female,21,7,364665.38,1,0,0,496882.75,0
751,North India,Male,72,0,0.0,2,1,1,355160.06,0
639,North India,Female,44,8,1303382.94,1,1,0,347292.87,0
460,North India,Male,33,6,0.0,2,0,1,817760.34,0
416,North India,Male,45,9,407833.52,1,1,0,172129.0,0
587,North India,Male,34,1,0.0,2,1,0,2599715.87,0
603,North India,Male,45,7,485985.6,1,1,1,552984.54,0
682,North India,Male,37,5,118173.15,2,1,1,490354.12,0
519,West India,Female,37,5,135594.01,1,0,0,662298.75,1
525,West India,Male,34,3,627113.23,1,1,0,225460.45,0
690,North India,Male,20,4,438718.01,2,0,1,431016.65,0
770,North India,Male,57,8,372072.79,2,1,1,572490.94,0
473,North India,Male,25,6,0.0,2,1,0,489669.87,0
580,West India,Male,21,0,381320.11,2,1,0,1061239.26,0
750,South India,Female,33,1,404644.81,1,0,0,439029.06,0
733,East India,Male,25,0,1872425.32,1,1,0,393028.53,0
566,West India,Female,35,8,369998.45,1,1,0,563956.16,1
754,West India,Male,43,9,0.0,1,0,0,969204.65,0
654,North India,Male,46,0,0.0,2,1,0,739085.45,0
709,South India,Male,44,2,217132.79,2,1,1,794901.65,0
586,East India,Male,32,5,494517.56,1,1,0,565706.37,0
676,North India,Male,36,5,412845.51,1,0,0,516189.62,0
545,South India,Male,40,8,630405.92,2,1,0,783118.4,0
600,North India,Male,18,8,2020647.48,1,1,0,624607.55,0
623,South India,Female,42,3,549295.59,1,0,0,654170.63,0
662,West India,Male,19,0,432427.03,2,1,1,857183.13,0
866,South India,Female,58,9,0.0,2,1,0,1059548.98,0
880,West India,Male,31,8,459936.5,1,1,0,375022.54,0
615,West India,Female,33,1,1431037.98,2,1,1,448731.24,0
783,South India,Male,27,9,0.0,2,0,1,729746.47,0
550,West India,Male,29,9,150353.57,1,1,1,951657.63,0
685,East India,Female,61,3,1004345.08,1,0,0,478138.6,0
588,East India,Male,46,6,0.0,1,0,0,193431.22,0
609,West India,Male,18,1,2326196.65,3,1,1,641660.6,0
889,South India,Male,52,8,259602.72,2,1,0,863808.08,0
615,North India,Male,49,4,0.0,1,1,1,651735.64,0
591,North India,Female,32,9,1829269.38,2,1,0,583927.03,0
559,North India,Female,39,8,0.0,2,1,0,565761.8,0
580,North India,Female,35,8,972161.12,2,0,1,437934.84,0
522,North India,Female,57,7,1384557.14,2,0,0,407961.66,0
670,North India,Male,27,2,0.0,2,1,1,331199.52,0
668,North India,Male,37,8,1274245.17,2,1,0,609655.06,0
680,South India,Female,31,2,281857.41,2,0,1,429011.58,0
648,North India,Male,20,8,0.0,1,1,0,563605.58,0
598,West India,Male,60,1,473447.49,2,0,1,457039.47,0
590,North India,Male,23,10,116131.8,1,1,0,839284.66,0
664,West India,Female,38,10,1083591.87,2,1,1,959391.92,0
645,West India,Male,18,6,875123.74,2,1,0,282441.69,0
592,North India,Female,31,10,0.0,2,1,1,1072493.07,0
624,East India,Male,40,1,417133.46,2,0,1,872177.88,0
788,South India,Male,26,4,377527.52,3,1,1,926227.95,0
827,North India,Female,42,1,0.0,2,0,0,636562.57,0
630,North India,Female,33,7,438295.47,2,1,1,489390.98,0
583,West India,Male,48,1,193380.09,1,0,1,1011401.25,0
646,South India,Male,50,8,389819.53,1,0,0,299842.77,0
752,North India,Male,29,1,755542.61,1,1,1,659094.32,0
646,East India,Female,36,3,0.0,1,1,0,470000.53,0
681,West India,Male,38,6,0.0,3,1,1,568274.88,0
590,West India,Male,42,8,1507829.61,1,1,0,604444.02,0
544,West India,Female,36,2,2131659.32,2,0,1,150155.94,1
718,West India,Male,38,1,370578.44,2,1,1,399490.79,0
667,North India,Male,33,5,384606.36,2,0,0,491491.9,0
709,South India,Female,37,0,0.0,2,0,0,269623.93,0
496,West India,Female,50,4,123700.62,2,1,1,893485.97,0
814,North India,Female,43,7,306755.72,2,1,0,724125.46,0
672,North India,Male,43,2,414341.18,2,1,1,519513.27,0
487,North India,Female,43,4,0.0,1,1,0,635198.36,0
738,North India,Female,34,8,508082.31,1,0,0,360398.39,0
616,North India,Male,39,0,151724.29,1,1,0,1050768.67,0
652,West India,Female,24,8,915959.0,3,0,1,1286384.64,0
607,West India,Male,49,0,771150.5,2,0,0,321520.92,0
641,North India,Female,18,3,227894.95,1,0,1,735251.08,0
645,West India,Female,35,0,0.0,2,1,0,525717.23,0
499,South India,Female,48,7,0.0,2,0,0,1875343.21,0
727,North India,Male,20,6,0.0,1,1,0,421976.04,0
660,North India,Female,40,2,0.0,2,1,1,1245165.36,0
690,North India,Male,28,4,812101.43,2,0,1,455557.77,0
723,West India,Female,31,1,0.0,1,0,1,147864.75,0
660,North India,Female,46,9,364640.49,1,1,1,570346.2,0
679,North India,Male,38,4,0.0,2,0,1,539986.78,0
517,North India,Male,18,4,468457.55,1,0,0,381335.16,1
575,East India,Female,25,8,281102.91,1,1,0,870628.86,0
657,West India,Male,46,4,2898575.84,1,0,0,953782.21,0
666,South India,Female,40,10,0.0,2,1,0,430396.86,0
686,East India,Male,55,1,341148.94,2,0,1,858670.12,0
776,North India,Female,54,2,1895590.55,1,1,0,601047.35,1
641,West India,Male,32,5,0.0,2,1,0,607143.67,0
682,North India,Male,63,10,121844.81,2,1,0,740523.4,0
655,North India,Female,36,0,0.0,1,1,0,304807.19,0
627,West India,Female,25,5,0.0,1,0,1,988836.58,0
631,West India,Male,29,4,2358162.05,1,1,1,336124.69,1
579,North India,Female,18,1,973089.65,2,0,1,393806.35,0
639,North India,Male,53,1,298359.5,1,0,1,861442.05,0
630,South India,Female,53,1,2035758.5,1,0,1,858117.11,0
636,West India,Male,24,2,1940418.47,2,0,1,529764.59,0
493,North India,Male,33,9,867288.44,2,1,0,399082.74,0
641,West India,Male,37,1,1700401.47,1,1,1,1341650.15,0
571,West India,Male,25,2,1103470.45,2,0,0,1736750.95,0
644,North India,Female,18,8,845422.5,1,1,1,918904.03,0
551,West India,Female,33,2,326881.16,1,0,0,304176.13,0
654,North India,Male,32,6,884554.79,1,1,1,690052.94,0
623,West India,Male,31,2,0.0,3,0,0,537254.04,1
593,West India,Female,38,5,217799.9,2,0,0,518514.62,0
676,South India,Male,51,8,3644743.12,4,1,0,1024411.3,0
683,North India,Male,32,5,201051.49,2,0,0,364016.91,0
645,East India,Male,37,3,0.0,2,1,0,389968.99,0
701,North India,Male,43,4,181012.2,1,1,0,525295.05,0
612,South India,Male,42,7,0.0,1,1,1,686161.33,0
685,South India,Female,29,10,543046.65,1,0,0,685040.56,0
646,South India,Male,37,7,547419.76,1,1,1,1272683.44,0
560,South India,Female,42,6,1067729.64,1,1,0,940547.31,0
577,South India,Male,23,10,0.0,2,1,0,711771.28,0
754,North India,Male,49,4,117586.61,1,0,1,1323908.35,0
791,West India,Male,51,8,0.0,1,1,1,434404.11,0
714,North India,Female,28,0,2369300.08,1,1,0,1068857.99,0
597,North India,Male,38,3,283746.79,3,1,1,1057269.37,0
778,South India,Male,43,10,0.0,2,1,1,1860801.3,0
705,South India,Female,29,9,994058.89,1,1,0,841086.19,0
680,North India,Male,41,6,0.0,2,0,1,436700.52,0
815,South India,Female,37,4,1929363.03,2,1,0,478648.89,0
572,South India,Female,19,3,811612.99,1,1,1,390224.05,0
719,North India,Male,41,10,583675.39,1,0,0,2731759.1,0
576,West India,Male,23,4,747704.64,1,0,0,1023724.35,1
595,East India,Male,46,0,252331.39,2,0,0,854943.39,0
884,South India,Female,28,3,0.0,2,0,0,1697882.48,0
695,West India,Male,34,0,231183.43,2,0,1,916952.27,0
816,North India,Female,51,1,83435.6,1,0,1,1191989.56,0
698,West India,Female,41,8,1035094.25,1,0,1,807863.44,0
686,South India,Male,24,4,2817684.95,2,1,1,595755.97,0
593,South India,Female,24,8,0.0,2,1,0,197256.0,0
737,West India,Male,29,8,0.0,1,1,0,586182.91,0
652,North India,Male,40,9,0.0,1,0,0,1014126.64,0
657,South India,Female,39,4,0.0,1,1,1,498923.44,0
626,North India,Male,26,2,1367893.37,1,1,1,526791.19,0
640,West India,Male,23,3,406574.45,2,0,1,504628.51,0
652,West India,Female,39,4,0.0,1,0,0,827752.05,0
661,South India,Female,33,10,352761.74,1,1,0,421917.96,0
645,South India,Male,59,5,392921.85,1,1,0,453295.02,0
509,West India,Female,36,5,0.0,1,0,1,357061.14,0
698,North India,Male,55,7,636801.1,2,1,0,422986.75,0
638,North India,Female,23,7,0.0,1,0,1,347483.6,0
351,South India,Female,18,7,199038.83,2,1,0,542392.93,1
507,South India,Male,23,2,0.0,1,1,1,1851720.63,0
607,South India,Male,49,3,0.0,2,0,0,907742.29,0
765,North India,Female,55,3,0.0,2,1,0,570291.96,0
704,South India,Female,27,10,1585881.95,3,1,1,1001773.46,0
588,East India,Male,30,10,915479.85,1,0,0,196071.03,1
632,North India,Male,23,10,0.0,3,0,0,1833004.08,0
749,West India,Male,18,6,0.0,1,1,0,780579.92,0
594,South India,Male,43,4,0.0,1,1,1,509294.18,0
552,East India,Female,38,3,191288.92,1,1,1,427646.66,0
729,South India,Male,36,9,0.0,2,0,1,686087.26,0
750,South India,Female,20,10,5490644.3,1,0,0,300162.91,0
595,West India,Female,54,4,0.0,1,0,0,414996.98,0
693,North India,Female,30,10,432295.99,2,0,0,1617032.82,0
646,South India,Male,41,0,746534.34,2,1,0,333750.11,0
596,South India,Female,19,3,513777.23,1,1,0,186758.46,0
755,South India,Female,33,6,659589.06,1,0,0,776510.01,0
590,North India,Male,39,2,0.0,2,1,1,823679.22,0
718,North India,Male,39,6,0.0,1,0,0,657151.83,0
656,North India,Female,37,4,2617155.38,2,1,0,787895.05,0
634,West India,Male,41,0,890690.27,4,1,1,1506109.36,0
600,East India,Female,23,3,2804576.8,1,1,1,767560.5,0
561,North India,Male,38,9,0.0,1,1,0,1331464.29,0
627,North India,Male,37,2,0.0,1,1,1,384204.13,0
603,East India,Male,38,3,170378.08,1,1,1,411896.53,0
658,West India,Male,36,5,69389.56,2,1,1,599645.17,0
542,West India,Male,21,9,0.0,1,0,1,851903.17,0
636,North India,Male,21,3,600321.16,1,1,1,538630.11,1
686,West India,Male,18,6,704969.71,2,1,0,482993.8,0
589,West India,Male,44,7,0.0,1,1,1,382336.54,0
716,North India,Male,45,2,0.0,1,0,1,565399.41,0
726,North India,Female,45,2,3164748.64,1,1,0,239771.7,0
541,North India,Male,39,1,0.0,1,1,1,649981.62,0
581,North India,Female,18,5,218500.39,1,1,1,206089.13,0
529,East India,Female,24,5,2397850.59,1,1,0,1138867.8,0
688,South India,Male,37,0,126816.79,1,1,0,446518.38,0
661,West India,Male,37,8,619946.88,2,1,0,236887.04,1
505,West India,Female,33,1,0.0,2,1,1,736426.17,0
591,South India,Female,40,3,203249.82,1,1,0,789321.73,0
677,West India,Male,36,8,814872.43,2,0,1,420381.6,1
660,North India,Female,37,6,0.0,1,1,0,461902.66,0
758,South India,Male,28,2,505251.92,2,1,1,563335.08,0
546,East India,Male,46,9,178503.37,1,1,1,391802.05,0
649,North India,Male,31,1,1051456.01,2,1,0,499971.0,0
559,South India,Male,21,10,197424.1,1,1,1,1411497.02,0
659,West India,Female,27,8,0.0,2,1,0,204354.36,0
633,West India,Female,32,1,29963.37,1,1,0,604591.77,0
674,South India,Female,46,3,0.0,1,0,0,467334.04,0
613,West India,Male,35,1,0.0,1,1,0,950763.11,1
718,North India,Male,33,6,0.0,1,0,0,366954.59,0
585,West India,Male,22,5,788619.17,1,0,1,757108.03,1
558,West India,Male,44,7,162765.01,1,1,0,309210.74,0
670,North India,Male,28,2,0.0,2,1,0,777218.34,0
816,South India,Male,34,6,741619.25,2,0,0,2610924.01,0
513,North India,Male,52,7,0.0,1,1,0,1001642.2,0
546,North India,Female,41,0,958935.09,1,1,1,143291.08,0
670,South India,Female,18,7,1096210.97,1,1,0,1362159.58,0
751,South India,Male,18,10,0.0,1,1,1,1043889.82,0
677,East India,Female,35,10,0.0,1,1,1,872056.35,0
595,South India,Male,22,0,0.0,2,1,1,422084.58,1
687,West India,Male,43,10,193292.84,2,0,0,2098804.78,0
696,North India,Female,36,5,2290904.53,2,1,1,971174.7,0
588,North India,Female,37,10,0.0,1,0,1,950200.89,0
724,East India,Male,28,1,198981.57,1,0,1,570624.92,0
646,West India,Male,55,8,319937.96,2,1,1,749674.17,0
492,North India,Female,67,9,176464.32,1,1,0,534341.4,0
637,South India,Male,32,9,0.0,2,1,0,986524.21,1
598,South India,Male,39,9,217103.96,2,0,1,817393.69,0
767,South India,Female,37,2,178662.61,1,1,1,266654.23,0
530,West India,Male,33,3,0.0,1,0,1,1006821.09,0
606,West India,Male,26,9,398313.19,1,1,1,534768.97,0
673,North India,Male,24,4,528985.13,1,1,1,1438918.63,0
867,North India,Female,23,2,0.0,2,1,0,341526.31,0
825,North India,Female,40,6,542236.46,2,0,1,865235.07,0
645,West India,Male,30,1,495427.2,1,0,0,642929.74,0
681,South India,Male,18,6,129745.82,1,1,1,465374.53,0
704,East India,Male,40,4,987761.17,2,1,1,720722.66,0
558,West India,Male,35,8,582957.64,1,0,1,779771.5,0
650,North India,Male,50,1,425360.12,1,1,1,500404.45,0
772,West India,Male,40,8,302532.15,2,1,1,994790.3,0
662,South India,Male,19,8,208182.81,1,0,1,689978.51,0
825,North India,Female,18,7,115001.34,1,1,0,480065.36,0
609,South India,Male,28,4,164618.07,4,1,1,238057.5,0
642,East India,Male,29,2,187516.91,1,0,0,920473.43,0
642,South India,Male,46,9,2222820.58,1,1,0,920819.04,0
532,West India,Female,35,0,441831.16,1,0,0,639505.02,1
749,South India,Male,48,9,135200.17,1,0,1,360018.34,0
619,South India,Male,21,2,0.0,1,0,0,834817.44,0
673,West India,Female,46,5,1125649.87,2,1,1,419912.54,0
596,West India,Female,43,3,587424.43,2,1,0,905665.22,1
805,North India,Female,18,5,490959.8,2,1,1,849598.3,0
760,North India,Male,50,3,84449.7,3,1,0,752604.16,0
655,South India,Male,37,8,618333.51,1,0,0,506238.25,0
539,North India,Female,40,7,0.0,1,0,0,690959.82,0
716,West India,Male,26,9,795942.68,2,1,0,754488.01,0
747,North India,Male,50,5,284872.69,2,0,1,699561.74,0
566,West India,Female,22,9,918285.96,2,1,0,465994.06,0
637,South India,Female,45,7,1061000.35,1,1,1,201436.86,1
656,North India,Female,45,6,0.0,1,1,0,495382.73,0
747,North India,Female,25,10,620138.0,2,1,0,302895.31,0
636,North India,Female,57,4,206097.08,2,1,1,533596.71,1
736,North India,Female,38,8,0.0,2,1,1,984557.45,0
580,West India,Male,43,3,39578.24,2,1,0,1366799.98,0
555,South India,Female,19,3,806976.55,3,0,0,770065.36,0
814,West India,Male,59,9,0.0,2,1,1,271037.22,0
531,South India,Female,22,8,1003431.81,2,1,0,819639.1,1
582,North India,Male,47,3,0.0,3,1,1,521756.32,0
720,South India,Male,25,3,0.0,1,1,1,595085.26,0
602,West India,Male,29,7,46278.03,2,0,0,409265.45,0
599,North India,Male,44,5,570833.07,1,0,1,1461029.14,0
632,South India,Female,47,6,247655.5,3,1,0,473016.43,0
455,North India,Male,22,3,0.0,1,1,0,328990.14,0
750,North India,Male,47,0,206155.84,1,1,0,325013.32,0
665,South India,Male,47,3,74288.45,1,1,0,228254.97,0
576,South India,Male,25,3,3410251.49,1,0,0,1444855.85,0
495,West India,Female,53,1,574006.04,1,0,1,296530.65,0
527,South India,Male,19,7,159761.61,1,0,0,534906.93,1
506,North India,Male,29,10,342758.89,1,1,1,855636.62,1
670,South India,Male,41,4,357901.42,2,1,0,841366.51,0
671,South India,Female,26,8,1424413.18,1,1,1,587934.76,0
705,North India,Female,38,4,493702.73,2,1,1,1355568.02,0
715,West India,Male,38,3,559797.75,2,0,1,359426.56,0
706,North India,Female,33,2,607440.58,2,0,0,535515.85,0
788,East India,Female,45,9,416526.21,1,0,1,400451.47,0
757,North India,Female,33,9,1790970.05,1,0,1,384780.52,0
736,South India,Male,38,0,0.0,2,1,0,384166.82,0
671,East India,Female,48,10,1164372.18,1,1,0,378949.13,0
714,West India,Male,44,6,0.0,2,0,0,1195909.36,0
613,North India,Female,44,8,1860113.8,4,1,0,829913.83,0
630,South India,Female,23,1,526720.95,2,1,0,651146.81,0
804,North India,Female,41,3,557233.45,2,1,1,416404.66,0
599,South India,Male,26,7,498710.47,1,1,0,1140954.49,0
593,West India,Female,21,8,0.0,1,1,1,472992.92,0
617,South India,Male,35,10,0.0,1,1,0,378765.15,0
600,North India,Male,26,8,507803.32,1,1,0,388472.44,0
608,South India,Male,44,5,0.0,2,1,0,1159823.75,0
671,North India,Female,44,1,439105.53,1,1,0,2794887.05,0
674,North India,Male,18,0,0.0,1,0,1,981737.1,0
731,South India,Male,26,3,0.0,1,0,0,786947.47,0
846,South India,Male,19,5,814364.49,2,0,1,753979.08,0
616,South India,Female,30,1,152667.42,1,0,1,754921.06,0
644,North India,Female,41,5,339392.97,1,0,1,842244.01,1
484,East India,Female,33,0,2629881.89,2,0,1,1212032.82,0
533,West India,Male,29,5,291867.55,1,1,1,500076.57,0
636,North India,Female,50,4,622575.78,1,0,0,341336.84,0
691,East India,Female,18,1,0.0,2,0,0,586227.97,0
694,West India,Female,49,10,52726.5,2,1,1,572837.6,0
705,North India,Female,30,3,285700.39,2,1,1,225777.68,1
763,West India,Female,35,8,335177.77,1,1,1,627962.29,0
803,South India,Female,30,1,0.0,2,0,0,317720.63,0
628,North India,Male,52,4,0.0,2,1,0,1013615.13,0
577,North India,Male,22,2,225739.34,1,1,1,661878.47,0
708,South India,Female,36,1,101473.52,1,1,1,958734.56,0
734,North India,Female,41,9,3183902.78,2,0,0,363328.17,0
662,West India,Female,18,7,0.0,2,1,1,1235262.89,0
633,North India,Male,25,9,132763.87,1,1,0,1280278.58,0
604,East India,Male,34,8,0.0,1,1,0,567307.27,0
646,West India,Male,26,5,260635.64,2,1,1,1307667.04,1
712,West India,Female,27,4,496008.11,1,1,1,1669007.2,0
589,North India,Female,32,6,0.0,1,1,1,1140675.07,0
577,West India,Male,43,2,303144.59,2,1,0,362728.28,1
703,South India,Male,32,5,0.0,2,1,1,516970.76,0
573,South India,Male,47,6,396820.6,3,1,1,207817.32,0
663,North India,Male,25,0,234580.2,2,1,0,298149.09,0
658,West India,Male,22,3,71214.48,2,1,0,732335.79,0
650,North India,Female,57,6,0.0,1,0,0,303811.91,0
592,West India,Female,28,9,206817.24,1,1,0,1043129.97,0
806,West India,Male,21,5,3205466.5,2,0,0,354188.02,0
685,South India,Male,18,9,82956.83,3,1,1,290449.69,0
603,North India,Female,47,1,661091.87,1,0,0,100000.0,0
679,North India,Female,32,7,595746.0,2,0,0,386471.9,1
814,South India,Female,33,6,314034.93,1,0,0,1358311.83,0
658,North India,Male,34,1,399292.82,1,1,0,693507.65,0
788,North India,Male,47,8,2848896.81,1,0,0,677457.95,0
546,North India,Male,34,5,321964.59,2,1,1,579899.96,1
573,West India,Female,61,1,1068054.61,2,0,0,1761884.48,0
457,North India,Female,37,4,873527.94,2,0,0,523242.24,0
827,East India,Male,47,0,2476312.82,2,0,1,532348.6,0
496,South India,Female,44,1,120061.74,2,1,1,969207.09,0
665,West India,Male,35,8,346551.57,2,0,1,1153355.68,0
806,North India,Female,29,9,0.0,4,1,1,420039.96,0
737,East India,Male,39,0,771742.25,1,1,0,419532.45,0
683,North India,Male,41,3,201313.32,2,1,1,584295.75,0
765,North India,Male,29,8,985383.19,1,0,0,1397178.72,0
589,North India,Male,37,3,516880.73,1,1,0,273909.75,0
696,North India,Female,49,9,238031.39,1,1,0,1228384.82,1
639,South India,Male,58,0,0.0,2,1,0,694731.99,0
638,West India,Female,45,4,0.0,2,1,1,289530.91,0
667,North India,Male,56,5,2206309.13,2,0,1,328535.16,0
755,West India,Male,29,0,0.0,4,1,1,913790.03,0
790,West India,Female,43,7,761571.05,2,1,0,572526.55,0
625,East India,Female,50,0,135681.18,2,1,0,813972.43,0
552,North India,Male,26,5,0.0,2,1,0,531995.61,1
576,North India,Female,30,8,0.0,1,1,0,689245.91,0
825,North India,Female,55,2,819444.21,1,1,1,621349.19,0
783,South India,Male,25,4,67841.09,2,1,1,524637.54,0
551,South India,Female,21,0,1009186.65,2,0,0,650126.46,0
799,South India,Male,52,0,0.0,2,1,0,439316.38,0
585,North India,Male,49,1,307069.53,1,0,0,1903885.04,0
709,South India,Female,40,5,2108489.97,3,1,1,495632.27,0
585,North India,Male,35,6,331912.45,1,1,1,521520.81,0
844,South India,Male,31,4,149110.3,3,0,1,427806.38,0
598,North India,Male,39,0,161928.89,1,1,0,1048587.14,0
555,South India,Female,53,0,2059982.43,2,1,0,659371.6,0
608,West India,Female,38,0,1080588.89,2,0,1,318658.78,0
886,West India,Male,59,2,756792.31,1,1,0,728657.44,0
673,East India,Female,26,3,831446.46,2,0,0,470005.78,0
557,West India,Male,35,7,0.0,1,1,0,554058.47,0
579,North India,Female,31,8,0.0,1,1,0,303811.7,0
492,North India,Female,24,4,0.0,1,0,0,688413.59,0
698,East India,Female,34,10,0.0,2,0,0,1116869.72,0
537,West India,Male,40,3,228749.22,2,0,1,862832.2,0
749,West India,Female,41,9,0.0,2,1,0,902313.19,0
721,West India,Male,59,8,186627.24,2,1,0,700738.1,0
640,North India,Female,41,5,182066.91,2,1,1,761812.97,0
761,West India,Male,48,2,0.0,1,0,0,820982.74,0
733,North India,Male,36,6,310488.69,1,1,0,453258.91,0
664,South India,Male,54,8,386791.61,1,0,1,671446.56,0
580,North India,Male,62,9,0.0,2,1,0,1283083.67,0
687,South India,Female,41,1,76235.57,1,1,1,256241.67,0
686,South India,Female,25,8,2474934.65,1,1,1,784537.73,0
694,South India,Male,29,1,0.0,2,0,1,214061.72,0
657,South India,Male,39,4,320778.76,2,1,0,849981.72,0
679,South India,Male,41,0,127539.15,2,0,1,306216.74,0
677,North India,Female,43,1,399053.95,2,1,0,436742.93,0
772,West India,Male,41,6,469505.23,1,1,1,412888.33,0
535,West India,Male,36,3,687276.81,1,0,1,425386.81,1
559,South India,Male,29,6,1037261.15,2,1,1,735002.97,0
656,South India,Female,40,3,1177131.18,2,1,1,1398374.31,0
581,South India,Male,56,0,3017157.91,1,1,0,608165.8,1
668,North India,Male,47,5,107253.19,1,1,0,628052.79,0
549,South India,Female,41,8,0.0,2,0,0,1460668.98,0
564,North India,Male,47,5,151141.81,2,1,1,466830.99,0
835,West India,Male,31,10,330956.5,1,1,0,1223900.13,0
629,South India,Male,30,6,286828.22,1,1,1,582892.16,0
544,North India,Female,27,6,875121.79,2,1,0,823685.99,0
639,South India,Male,34,0,0.0,2,1,0,356268.14,0
743,West India,Male,31,1,205106.37,2,1,0,439122.88,0
758,North India,Male,49,0,512395.46,1,0,1,362843.3,0
518,East India,Female,30,0,129806.06,2,1,0,259462.96,0
580,East India,Male,27,7,0.0,1,0,1,914368.82,0
670,West India,Male,57,3,973803.6,2,1,0,638205.26,0
646,West India,Female,31,9,0.0,1,0,1,955874.51,0
505,South India,Female,37,10,881525.87,1,0,1,893241.62,0
520,South India,Female,40,7,139395.29,3,0,1,525556.3,1
553,East India,Male,23,4,2036285.52,1,1,1,827772.83,0
490,South India,Male,49,0,0.0,2,0,0,1063495.23,0
608,North India,Male,43,8,83040.91,1,0,1,344438.98,0
757,North India,Female,53,2,0.0,3,0,1,634872.49,0
590,West India,Female,28,6,2555971.87,2,0,0,221430.43,0
747,South India,Female,37,6,0.0,2,0,0,314451.13,0
652,North India,Male,36,10,49482.41,1,1,0,357060.4,0
633,West India,Female,38,9,533859.26,2,0,1,766556.05,0
500,South India,Female,19,9,0.0,1,1,1,1006979.29,0
755,South India,Female,37,10,0.0,2,0,1,404597.0,0
660,North India,Female,20,3,217862.91,1,1,0,348513.07,0
506,North India,Female,39,7,1388463.95,2,1,0,608577.62,0
684,North India,Male,18,7,1480955.12,1,1,0,898915.29,0
597,South India,Male,18,1,143708.41,1,1,1,415034.55,0
655,West India,Male,45,7,1060576.87,1,0,1,480499.12,0
671,West India,Male,29,10,0.0,1,1,1,371745.96,1
759,North India,Male,25,4,0.0,1,0,0,884073.4,0
548,West India,Male,49,1,224680.94,2,1,1,782171.7,0
701,North India,Female,39,5,223214.65,1,1,0,884605.79,0
769,North India,Male,45,10,488368.43,3,0,1,1039511.91,0
876,West India,Male,34,7,0.0,2,1,1,478777.48,0
744,North India,Male,65,3,501562.86,4,0,1,353602.13,0
682,West India,Male,29,9,1134304.85,3,1,0,218848.77,1
674,North India,Male,55,8,686763.82,2,0,0,417156.39,1
789,North India,Female,35,7,1877702.65,1,1,1,562212.54,0
624,South India,Male,18,6,1812408.05,2,0,1,488504.56,0
721,North India,Male,41,6,381340.82,3,1,1,842700.29,0
847,North India,Male,39,7,0.0,2,0,1,313436.17,0
640,South India,Female,24,6,0.0,2,1,1,286705.04,0
468,North India,Female,25,0,2194731.55,1,0,0,855733.33,0
572,West India,Male,35,4,77892.13,1,0,0,997629.41,1
676,West India,Female,39,1,713027.13,2,1,1,536975.56,1
574,South India,Female,18,4,73156.08,3,1,1,939278.76,0
618,North India,Male,47,4,0.0,1,1,0,1318176.39,0
623,South India,Male,30,5,5309144.8,3,0,1,945773.23,0
700,West India,Male,21,5,0.0,2,1,0,974158.13,0
564,North India,Male,46,5,164683.17,1,1,0,318894.66,0
597,North India,Female,35,6,1457173.28,1,1,1,742077.24,0
776,West India,Male,49,1,3305004.65,1,1,1,1170586.18,0
606,South India,Male,40,3,241423.23,2,1,0,467790.74,0
715,South India,Male,35,4,0.0,1,1,0,1005391.04,0
651,North India,Male,34,9,4478305.76,2,1,0,354375.44,1
647,West India,Female,41,6,104706.75,1,1,1,713123.22,0
716,North India,Male,31,1,45813.66,2,0,0,786352.54,0
482,West India,Male,26,7,0.0,2,0,0,500854.29,0
689,North India,Female,42,1,0.0,2,1,0,865604.9,0
699,West India,Male,34,4,0.0,2,1,0,477924.03,0
726,South India,Male,36,8,1239634.46,2,1,1,1110849.65,0
616,South India,Male,47,1,538896.05,1,1,1,462642.27,0
650,West India,Male,34,1,0.0,2,1,0,841557.97,0
429,North India,Male,36,1,438520.66,1,1,0,596349.72,0
589,North India,Male,29,6,0.0,3,1,0,625465.52,0
665,East India,Male,40,10,497761.45,2,1,0,344828.35,0
782,South India,Male,39,4,0.0,2,1,0,877293.63,0
816,West India,Male,45,8,771887.93,1,0,0,432617.34,0
619,North India,Female,29,3,0.0,1,0,0,391503.54,0
728,West India,Male,30,0,88429.63,2,0,0,1338674.96,1
636,North India,Female,44,7,1567678.53,1,0,1,383319.2,0
504,West India,Female,38,5,1226491.17,1,0,1,252713.82,0
704,North India,Male,26,8,1394576.44,1,1,0,397990.51,0
814,South India,Female,50,2,338078.64,1,0,0,550739.96,0
615,North India,Female,18,9,580774.59,3,0,1,1669628.43,0
568,South India,Male,44,6,0.0,1,1,0,193250.06,1
656,North India,Female,22,0,365371.18,1,1,1,258196.99,0
638,South India,Male,56,1,69557.54,1,1,0,553669.19,0
884,West India,Male,19,4,4417752.19,2,1,0,675424.11,0
740,North India,Female,48,9,767104.57,1,1,1,742162.02,0
661,West India,Male,35,1,0.0,1,0,1,414482.87,0
389,West India,Female,31,7,516436.3,1,1,0,783494.69,0
637,South India,Female,38,4,308206.29,1,1,0,825379.38,0
816,North India,Female,42,8,518566.54,2,0,1,458181.12,0
657,West India,Male,26,2,751017.0,2,0,0,569314.6,1
723,North India,Female,27,5,0.0,1,1,0,1297183.65,0
685,West India,Male,43,3,534269.71,2,1,0,1534847.66,0
606,North India,Male,18,6,321648.2,1,1,1,295197.79,1
802,North India,Male,29,6,0.0,2,0,1,306874.16,0
667,North India,Female,69,4,1120736.89,2,1,0,538564.84,0
586,East India,Male,25,9,0.0,2,1,0,493981.7,0
651,West India,Male,48,4,1566464.69,2,1,1,427141.75,0
778,North India,Male,29,3,0.0,2,1,0,368321.36,0
516,East India,Male,41,8,199173.22,1,1,0,630791.27,0
674,North India,Female,43,6,0.0,1,1,0,179422.62,0
656,West India,Male,48,5,0.0,1,1,1,167982.42,0
511,West India,Male,33,2,85274.79,2,1,1,656848.84,0
719,West India,Female,57,4,796815.96,1,0,0,256350.27,0
673,South India,Male,29,3,869972.52,1,1,0,565881.21,0
729,South India,Female,38,4,629983.93,1,0,0,381647.55,0
752,South India,Male,38,1,1517871.06,1,1,1,1093523.81,0
644,South India,Male,23,4,516320.95,1,0,0,917794.88,0
599,North India,Male,32,6,411690.31,2,1,1,1615534.21,0
521,West India,Male,37,9,0.0,1,1,1,546875.44,1
592,South India,Female,31,9,804163.06,2,1,1,760839.65,0
650,South India,Male,62,10,882113.35,1,1,0,584855.42,0
563,North India,Female,26,2,254155.41,1,0,1,714358.11,0
702,North India,Male,48,3,531221.38,2,0,1,323609.01,0
568,West India,Male,45,0,466718.86,2,1,0,823736.71,1
491,West India,Female,35,8,0.0,2,1,1,838083.22,1
597,West India,Female,26,2,808853.49,1,1,1,997878.04,0
666,West India,Female,27,9,336226.91,1,1,0,578216.92,0
536,West India,Female,30,5,161349.16,2,0,0,395598.85,0
570,North India,Male,18,0,309658.4,2,1,1,201999.49,0
593,North India,Female,24,4,0.0,2,1,0,744666.0,1
605,West India,Male,19,10,0.0,1,0,1,358077.38,0
676,North India,Male,50,9,683549.4,1,1,1,269322.95,0
707,East India,Female,42,4,178027.36,2,1,1,1780427.93,0
607,West India,Male,44,10,400214.92,1,1,1,581560.38,0
556,South India,Female,42,4,0.0,2,1,0,742667.83,0
662,South India,Male,37,0,0.0,1,1,0,270405.08,0
696,South India,Male,52,6,0.0,1,0,1,301705.69,0
795,West India,Male,29,4,1613423.1,1,1,0,681585.35,0
753,West India,Female,37,0,0.0,1,1,1,237738.49,0
536,North India,Male,44,7,0.0,2,0,1,636903.01,0
637,West India,Male,21,5,1117924.78,2,0,1,233087.93,0
691,South India,Female,70,6,0.0,1,1,1,764402.25,0
573,North India,Male,36,3,63310.75,2,1,1,312607.02,1
618,North India,Male,37,0,0.0,1,1,1,651146.9,0
710,South India,Female,49,7,1362721.31,1,1,0,219123.22,0
672,North India,Female,46,0,118621.57,1,0,0,679433.22,0
650,North India,Male,36,8,694853.47,1,0,0,869220.2,0
591,North India,Female,37,5,0.0,2,1,0,933980.59,0
519,East India,Male,19,4,0.0,1,0,0,956018.91,0
621,North India,Male,29,1,0.0,1,0,1,498490.36,0
641,South India,Female,41,7,195810.45,2,1,1,285658.5,0
517,North India,Female,40,8,382585.03,2,1,1,798214.38,0
654,West India,Male,49,2,630205.93,2,1,1,461702.21,0
685,West India,Male,34,9,3299713.68,1,1,1,448701.53,1
587,West India,Male,20,7,1360220.43,2,0,1,507914.27,0
686,South India,Male,47,9,298574.82,1,1,0,611776.7,0
674,South India,Female,51,4,698319.55,1,1,1,629222.77,0
622,South India,Male,45,10,331725.96,1,1,0,810839.02,0
612,South India,Male,34,9,228586.93,2,0,1,339676.51,0
620,North India,Female,47,3,362172.63,1,1,0,396936.65,0
572,West India,Female,73,9,286411.88,2,0,0,563901.83,1
681,North India,Male,37,8,114994.31,1,1,0,753583.78,0
573,West India,Female,21,6,3323396.45,2,1,1,297297.03,1
579,South India,Female,29,10,0.0,1,0,1,694307.36,0
694,South India,Male,42,3,139479.07,1,0,1,772525.27,0
628,South India,Female,18,10,362012.4,2,0,0,448354.95,0
655,West India,Female,37,4,105394.35,2,1,0,2007982.25,0
495,South India,Male,40,10,1263586.06,2,1,0,430895.48,0
602,South India,Male,52,4,443251.83,1,0,0,606936.88,1
801,North India,Female,50,1,0.0,1,1,0,339411.88,1
489,North India,Male,45,4,2104513.66,2,0,1,648997.93,0
807,North India,Male,18,10,0.0,2,1,1,587406.72,0
673,North India,Male,46,2,141221.21,2,1,1,632057.66,1
602,West India,Female,43,4,588152.61,1,1,0,1240765.49,0
631,West India,Male,38,0,0.0,2,1,0,531994.65,0
760,North India,Male,18,7,865013.68,1,0,1,189703.97,0
445,North India,Male,27,8,218395.39,1,0,1,547293.77,0
777,South India,Female,23,8,710534.13,1,0,0,674244.95,0
673,South India,Male,18,7,506805.39,1,1,0,322563.22,0
741,West India,Male,35,1,277132.23,1,0,0,626213.64,0
492,South India,Male,27,1,0.0,2,0,1,663602.0,0
629,West India,Male,64,9,9680984.39,1,0,1,811391.5,0
440,North India,Male,34,4,259665.78,1,0,0,296268.78,0
757,South India,Female,50,5,871076.44,2,0,0,765404.25,0
561,East India,Female,18,4,2078762.89,1,1,1,235241.42,0
560,North India,Female,30,0,141974.03,1,1,0,484961.15,0
475,South India,Male,37,0,332456.06,1,1,1,925256.94,0
689,North India,Male,26,10,349670.24,2,0,1,585826.22,0
656,South India,Female,31,7,979170.71,2,1,0,728461.04,0
582,North India,Male,33,4,244291.45,1,0,0,482853.18,0
673,West India,Female,33,7,0.0,1,1,1,493776.35,0
579,East India,Female,56,10,360825.8,1,0,0,548908.49,1
491,West India,Female,40,10,503266.31,1,1,1,266080.98,0
617,South India,Male,41,2,966171.5,1,1,1,156418.6,0
798,East India,Male,41,10,929349.02,1,0,1,280488.57,0
737,West India,Male,42,4,578372.8,1,1,0,553610.98,0
690,South India,Female,35,10,596619.63,2,1,1,937265.15,0
671,North India,Female,32,1,520748.49,1,1,0,758830.3,0
617,West India,Female,37,7,204328.79,2,0,0,834618.55,0
716,West India,Male,48,10,0.0,1,0,1,294392.4,0
700,North India,Female,48,0,0.0,2,1,1,700963.13,0
642,South India,Female,33,4,322439.19,2,0,1,217207.23,0
667,East India,Male,44,6,0.0,2,0,1,879021.25,0
505,North India,Male,33,9,0.0,1,1,1,269769.41,0
606,North India,Female,36,4,0.0,1,1,0,259132.72,0
542,East India,Male,30,2,99739.3,1,1,0,783499.76,0
540,North India,Male,34,3,36811.26,1,0,1,873649.69,0
692,East India,Male,50,8,0.0,1,1,1,601604.86,1
536,West India,Female,37,4,0.0,2,0,0,512413.58,0
719,South India,Male,37,2,0.0,2,1,1,970002.58,0
742,North India,Male,20,10,0.0,2,0,1,1503176.0,0
644,North India,Female,32,6,0.0,1,1,1,619967.31,0
595,South India,Female,33,5,0.0,2,1,1,394306.73,0
742,West India,Female,26,2,178217.39,1,1,1,574077.26,0
699,South India,Male,36,9,1468258.59,2,1,1,835092.36,0
757,West India,Male,31,2,0.0,1,1,0,2041497.47,0
552,West India,Female,36,3,0.0,1,1,1,809780.14,1
626,South India,Female,37,9,764607.24,1,0,0,1453214.21,0
630,East India,Male,25,2,3079028.26,2,0,0,1430785.85,0
668,West India,Male,31,5,648248.81,2,1,0,827260.25,0
706,East India,Male,36,0,174837.36,2,0,1,673485.07,1
662,North India,Female,49,0,5614714.01,2,1,0,473338.42,0
770,West India,Male,38,6,0.0,2,0,0,1067938.66,0
616,South India,Male,28,7,745770.54,1,1,0,482552.89,0
555,East India,Male,40,3,1200863.45,1,1,1,937615.54,0
590,South India,Male,54,6,0.0,2,0,0,902861.34,0
578,North India,Male,46,1,96535.85,1,0,0,580521.9,0
608,South India,Female,42,8,189578.72,1,1,0,489428.42,0
625,North India,Female,43,8,897041.89,3,0,0,717052.82,1
629,North India,Male,51,10,490776.61,1,1,0,1805844.05,0
670,South India,Male,47,6,306755.35,1,0,0,684785.53,0
608,West India,Male,42,4,1103518.23,1,0,0,1223380.96,0
744,North India,Female,47,6,0.0,2,1,1,463733.43,0
475,North India,Male,24,6,0.0,1,0,0,405367.28,0
449,West India,Female,19,2,2519004.04,1,0,1,450286.07,1
740,North India,Female,37,6,1096857.91,2,0,0,1444799.79,0
733,East India,Male,36,2,495022.63,1,1,1,260833.7,0
761,North India,Female,30,2,501839.14,1,1,1,315086.14,0
707,South India,Female,45,6,0.0,1,1,1,764495.87,0
650,North India,Male,18,6,1529068.01,1,1,1,731166.03,0
626,East India,Male,30,5,1834626.9,1,1,1,239901.79,0
505,West India,Male,30,6,216927.53,1,1,1,1352420.1,0
663,West India,Male,18,9,0.0,1,0,1,233168.57,0
520,North India,Male,52,9,618673.89,2,1,1,647871.1,0
871,East India,Male,21,4,560421.64,2,1,0,1008671.95,0
557,East India,Male,29,8,1127539.35,2,0,0,605916.63,0
643,South India,Male,45,0,918609.55,1,0,0,327826.18,0
785,West India,Female,43,4,523893.95,1,1,0,977778.76,0
617,East India,Female,23,2,76739.54,3,1,0,479466.57,1
617,South India,Female,43,7,79024.66,2,1,0,273374.89,0
417,North India,Male,39,6,228546.34,2,1,0,632415.69,0
532,West India,Female,61,0,365873.8,2,1,0,676071.52,1
700,South India,Female,40,8,2575408.21,1,1,1,472598.86,0
800,East India,Male,34,4,0.0,2,1,0,919990.11,0
569,South India,Female,26,0,1057533.16,2,0,0,521737.04,1
667,North India,Male,27,0,1274114.35,1,1,1,1916614.92,1
893,South India,Female,26,7,0.0,1,1,0,644641.67,0
701,West India,Female,51,2,497842.7,1,1,0,615838.45,0
737,North India,Female,36,8,299353.49,1,1,1,1567066.01,0
581,South India,Male,42,7,315623.88,2,1,1,1289248.74,0
789,North India,Male,52,5,103383.03,1,0,1,1459302.1,0
587,South India,Male,18,5,1452837.43,4,0,0,775713.86,0
571,East India,Male,50,4,2265955.99,1,1,0,1153954.83,0
783,South India,Male,36,1,135571.45,1,0,1,475435.6,0
592,West India,Male,40,5,0.0,2,0,0,885996.3,0
649,South India,Female,26,7,1895553.6,2,1,1,396305.13,0
796,South India,Male,27,5,229747.69,2,1,0,204846.3,0
567,South India,Female,41,6,156108.0,2,0,1,459266.35,0
628,West India,Male,62,1,411443.28,1,1,1,633605.16,0
595,West India,Male,47,1,385880.32,1,1,1,522056.71,0
620,West India,Female,49,2,0.0,2,1,1,371791.08,1
653,East India,Female,33,9,856450.97,1,0,1,1819142.22,0
770,West India,Male,29,6,22741.3,1,1,1,311325.21,0
797,North India,Female,27,7,180926.91,2,1,0,777208.12,0
664,South India,Female,30,3,1328698.76,2,0,0,359975.15,0
584,East India,Female,18,10,238226.01,3,0,1,629673.1,0
711,East India,Female,28,9,0.0,1,1,1,364514.65,0
650,South India,Male,29,10,583343.24,1,1,1,1483638.42,0
653,West India,Female,34,5,128341.87,2,0,0,575680.22,0
557,South India,Female,37,8,221954.17,1,1,1,1175883.44,0
504,North India,Female,39,6,0.0,2,0,1,825157.18,0
648,West India,Female,35,10,220420.6,2,1,1,740402.76,0
553,East India,Female,29,3,789641.86,2,1,1,335630.51,0
602,South India,Male,18,7,662497.62,2,1,0,193979.5,0
783,North India,Male,29,7,274968.02,2,1,0,531504.24,0
643,West India,Female,25,6,644645.86,1,0,0,707980.03,0
749,South India,Female,41,4,87184.24,2,0,0,384464.58,0
676,North India,Male,46,9,289066.4,2,1,0,453736.6,0
702,North India,Male,46,9,328207.25,2,0,0,529236.68,0
600,North India,Female,44,5,1703351.7,1,1,1,473137.04,0
753,West India,Male,34,9,593394.05,4,1,0,505452.23,0
677,North India,Male,30,2,1052048.7,1,1,0,1016427.68,0
626,North India,Male,27,2,0.0,4,0,0,471572.2,0
677,East India,Female,19,3,0.0,2,0,1,636773.43,0
585,East India,Male,46,1,0.0,2,1,1,418103.76,0
623,North India,Male,34,5,745778.19,2,0,1,271734.93,0
645,North India,Female,22,2,283066.28,1,1,1,313873.09,0
602,South India,Female,26,1,771208.51,2,1,0,631322.26,0
790,North India,Male,26,8,252693.2,1,1,0,1183873.96,0
612,North India,Male,36,0,542446.14,1,1,0,377540.24,0
837,North India,Female,47,3,191959.63,2,0,0,686726.42,1
656,East India,Female,32,8,0.0,2,1,0,704754.28,0
628,East India,Male,18,4,333271.65,1,1,0,488204.21,0
604,West India,Male,33,5,815448.47,1,1,0,792872.7,0
688,West India,Female,34,3,456443.31,1,1,1,472886.92,0
730,West India,Female,33,9,0.0,1,1,1,438237.86,0
421,South India,Male,29,5,0.0,1,0,0,691891.13,0
650,South India,Male,38,6,397255.34,2,0,0,563868.1,0
471,South India,Male,36,5,351503.4,2,1,0,490233.37,0
738,West India,Male,35,5,516071.71,2,0,0,860639.33,0
739,North India,Male,40,2,83144.42,2,1,0,976281.02,0
653,North India,Male,31,7,253085.46,1,0,1,767548.97,0
668,East India,Female,30,7,1503907.33,1,1,0,523776.54,0
521,North India,Male,51,3,60699.34,2,1,0,290418.91,0
600,North India,Female,42,7,214423.84,1,1,0,441428.3,0
594,South India,Female,45,8,840174.36,1,1,1,1032610.84,0
609,North India,Female,49,4,812746.15,1,1,0,210703.03,0
728,North India,Female,41,2,478068.78,1,1,0,749964.95,0
765,North India,Female,46,6,656403.04,2,1,0,361577.68,0
704,South India,Female,18,3,530643.05,2,0,0,506003.8,0
620,North India,Male,38,7,770011.81,2,0,1,2764604.22,0
582,South India,Male,33,10,761574.84,2,0,0,796018.62,0
658,North India,Male,54,10,474681.98,1,1,1,329083.14,0
676,North India,Male,46,2,412248.39,2,0,0,382898.26,0
630,West India,Male,29,0,936692.64,2,1,1,616190.15,0
590,West India,Female,40,4,1532930.99,1,1,1,478315.51,1
705,West India,Male,37,5,617976.58,4,1,0,519583.43,1
714,North India,Female,40,8,0.0,1,0,1,722830.46,0
531,North India,Male,24,2,245578.93,2,0,0,1071836.85,0
615,West India,Female,39,5,590285.37,1,1,1,1154634.76,0
720,North India,Male,33,7,0.0,2,0,0,1021871.63,0
738,West India,Female,39,9,135203.45,3,0,0,380448.85,0
655,South India,Male,28,3,0.0,2,1,1,904437.82,0
682,West India,Female,29,9,249019.89,3,0,1,817177.95,0
672,South India,Male,48,9,0.0,2,0,0,694979.79,0
735,South India,Female,24,5,273225.63,1,1,1,1538481.73,0
550,North India,Male,25,2,428072.33,2,0,1,1297482.89,0
674,West India,Female,35,9,184499.62,1,0,1,410255.51,0
570,West India,Female,27,8,3035994.3,1,1,0,841837.38,0
747,North India,Female,26,10,589198.96,2,0,1,768893.19,0
554,South India,Male,37,5,0.0,2,0,1,775869.88,1
686,South India,Female,19,1,319695.64,2,1,1,481056.78,0
570,South India,Male,24,6,6426962.46,1,0,0,395043.22,1
717,North India,Male,58,6,693632.11,2,1,1,417103.25,0
689,East India,Male,41,0,1943492.46,1,1,0,1144489.34,0
671,South India,Male,27,3,457142.1,1,0,0,581225.72,0
826,East India,Female,40,0,433327.06,2,1,1,1487104.1,0
586,West India,Male,42,5,194456.03,1,1,1,830383.4,0
733,North India,Male,46,4,580627.71,1,1,0,404258.81,1
755,North India,Female,34,2,0.0,1,0,1,299307.41,0
733,West India,Female,46,8,116165.12,2,1,0,1383639.88,0
589,South India,Female,18,8,0.0,1,0,0,373752.65,0
628,North India,Female,24,5,665213.38,2,1,1,957348.27,0
595,East India,Male,37,5,110849.73,1,0,1,1166424.63,0
623,South India,Female,39,8,508376.16,1,0,1,608629.63,0
574,North India,Female,25,1,876378.59,2,0,1,458994.83,0
617,South India,Male,38,0,255336.64,1,1,1,597758.95,0
782,West India,Male,29,9,1590037.72,1,0,0,267165.79,0
621,North India,Female,32,2,1211302.62,1,0,1,223203.31,1
659,South India,Female,47,7,61185.35,1,1,0,841839.65,1
584,North India,Male,45,1,0.0,2,0,0,365999.78,0
648,West India,Male,25,7,337580.6,2,1,0,480678.68,0
724,West India,Female,24,9,2992251.26,1,0,0,921717.42,0
694,South India,Male,31,5,0.0,1,1,0,700012.67,0
777,West India,Male,35,3,443395.1,1,1,0,676494.09,0
541,South India,Female,28,3,231800.43,2,1,0,353048.63,0
581,South India,Male,47,6,0.0,2,1,1,468893.15,0
612,East India,Male,39,6,214139.18,2,1,0,465414.98,0
787,South India,Female,40,8,276502.42,1,1,0,775581.95,0
676,East India,Female,22,3,0.0,3,0,1,268992.59,0
522,West India,Female,48,10,229749.8,1,1,0,249727.38,0
748,North India,Female,18,8,0.0,1,0,0,1404281.51,0
659,West India,Female,45,3,0.0,2,0,0,1250373.56,0
730,North India,Female,46,1,199583.5,1,1,1,862362.14,0
792,South India,Male,31,6,70423.78,1,1,0,209733.24,0
562,South India,Female,50,8,0.0,2,1,1,361919.42,0
792,West India,Female,35,10,0.0,2,1,1,655318.15,0
643,North India,Female,36,9,354737.09,1,0,1,733508.88,0
612,West India,Male,39,1,198110.03,2,1,1,697872.53,0
663,East India,Male,71,10,991728.58,3,0,1,575891.87,0
542,North India,Male,50,5,5585498.15,1,0,1,560853.68,1
648,West India,Female,43,5,392426.94,1,0,0,976454.75,0
628,North India,Female,25,10,0.0,1,1,0,422777.01,0
565,North India,Female,37,9,938151.2,2,1,1,1266342.02,0
591,East India,Male,27,2,205980.07,1,1,1,2357628.45,0
752,South India,Male,45,7,1799214.97,1,0,0,296312.68,0
634,South India,Male,37,4,3954618.38,3,1,0,515005.5,1
561,South India,Male,23,3,882796.13,1,1,1,994446.49,0
690,North India,Female,36,3,493224.07,2,1,0,831488.97,0
718,West India,Female,26,4,460440.76,1,1,1,3004378.39,1
649,North India,Male,37,10,0.0,1,1,1,547444.57,0
538,North India,Male,26,9,0.0,1,1,1,1216663.44,0
420,East India,Male,36,10,291921.55,1,0,0,499675.6,0
568,East India,Male,44,3,246127.32,1,1,0,232312.55,0
744,South India,Female,35,10,910942.0,1,1,0,733849.01,0
736,North India,Female,31,5,252537.85,1,1,0,480960.01,0
578,South India,Female,38,7,299292.65,2,1,1,681356.95,0
628,West India,Female,43,1,0.0,1,1,1,1316417.17,0
712,North India,Male,23,6,359709.65,2,0,1,583908.58,0
637,North India,Male,38,10,254317.79,2,0,1,274001.11,0
734,West India,Male,50,5,215969.17,1,1,0,1679031.36,0
641,South India,Female,42,3,519193.71,1,0,1,391806.29,0
693,North India,Female,36,1,253426.77,3,1,0,591884.2,0
620,North India,Female,43,0,0.0,2,1,0,786550.88,0
579,West India,Male,40,10,289034.82,1,1,1,1264399.7,0
754,South India,Female,44,7,2239782.64,1,0,0,419918.29,1
514,North India,Male,18,7,0.0,3,1,0,843316.28,1
596,West India,Male,18,8,0.0,2,0,1,472428.49,0
641,West India,Male,47,4,188584.77,2,1,1,559424.24,0
727,North India,Male,19,8,1252001.73,1,1,1,470164.13,0
570,South India,Female,40,3,576700.3,1,1,0,933141.4,0
661,North India,Female,32,10,0.0,1,1,0,201409.66,0
525,South India,Male,25,9,0.0,4,1,0,912582.4,0
689,North India,Male,39,3,291991.23,2,1,0,467541.91,1
814,North India,Male,38,4,667814.55,1,1,1,1362622.06,0
473,South India,Male,59,2,0.0,2,1,1,1122070.14,1
584,South India,Male,29,4,1703814.42,1,0,0,217622.66,1
725,South India,Female,51,4,247780.29,1,1,1,1323145.93,0
900,North India,Male,39,10,0.0,2,1,1,548689.46,0
702,East India,Female,28,9,79191.31,2,0,1,718867.35,0
584,North India,Male,44,3,1431650.0,2,1,0,533190.08,0
636,South India,Male,42,10,0.0,4,1,1,350852.47,0
539,North India,Male,36,4,410943.97,2,1,0,1102131.55,0
722,West India,Female,38,4,0.0,2,0,0,475814.97,0
744,North India,Male,29,8,0.0,1,1,1,1491457.39,0
776,North India,Male,26,0,494404.43,1,0,0,972215.72,0
620,South India,Female,44,6,159732.07,2,0,0,456622.33,0
577,North India,Male,33,0,252622.38,1,1,0,729077.99,0
784,South India,Female,35,10,969902.82,1,1,0,393287.02,0
774,North India,Male,39,0,0.0,2,0,0,751001.88,0
561,North India,Female,38,2,1384437.24,1,1,1,776747.07,1
616,West India,Male,20,4,314309.29,2,1,1,992435.38,0
721,North India,Male,50,8,1663364.53,2,1,0,658294.37,1
627,North India,Male,37,8,211089.21,2,1,1,486463.11,1
652,North India,Male,33,10,247243.31,2,0,0,839959.02,0
517,North India,Female,40,10,0.0,1,0,1,349699.19,0
548,North India,Female,38,0,176681.19,2,1,1,694313.15,0
641,North India,Male,44,2,464176.43,2,1,1,917621.55,0
587,North India,Male,41,10,0.0,1,0,1,435867.06,0
546,West India,Male,43,0,113213.12,2,1,1,274085.17,1
621,North India,Female,50,0,335936.15,2,1,1,1300714.41,0
571,West India,Male,45,8,1000752.52,2,1,0,398510.18,0
652,West India,Male,34,1,0.0,2,1,1,1323282.59,0
739,North India,Female,23,0,248732.7,3,1,1,932337.68,0
622,North India,Male,54,5,359357.98,2,1,1,767363.74,1
611,North India,Male,33,1,490481.66,2,1,0,320728.41,0
746,South India,Male,30,4,58530.79,3,0,0,140572.66,0
716,West India,Female,18,2,0.0,2,0,1,909999.12,0
721,South India,Male,39,9,688093.29,2,1,0,1081665.5,0
423,South India,Female,37,4,1838545.94,1,1,1,266003.2,0
609,North India,Male,19,7,2595124.28,2,1,1,923804.06,0
598,West India,Male,40,5,745503.95,1,1,0,280150.34,0
575,North India,Female,30,10,357505.05,2,0,0,1961419.94,0
744,East India,Male,65,10,0.0,2,1,1,382504.67,0
601,South India,Male,29,10,346198.35,2,1,0,380479.85,0
524,North India,Male,31,7,758199.57,3,1,0,937271.74,1
672,West India,Male,26,5,0.0,2,1,1,483952.27,0
649,South India,Female,50,3,403121.8,1,1,1,410518.53,0
566,West India,Male,31,3,0.0,1,0,1,2620952.34,0
741,South India,Female,28,9,950886.15,1,0,0,670724.21,1
697,West India,Female,43,9,468705.49,2,0,0,572255.57,0
697,East India,Female,20,2,500070.71,1,1,0,716822.09,0
693,South India,Female,42,7,222191.97,3,1,1,717299.4,0
748,North India,Female,55,9,439949.08,1,1,0,481928.24,1
636,South India,Male,42,8,0.0,2,1,0,195310.24,0
538,East India,Male,43,7,325917.69,1,0,1,704763.25,0
631,South India,Male,45,8,402355.81,3,1,0,826847.46,1
500,East India,Female,54,9,346506.43,2,0,0,1408252.92,0
554,North India,Female,49,8,294246.69,3,1,0,506086.71,1
795,East India,Male,40,2,200774.49,2,0,0,473165.06,0
550,North India,Female,45,10,112572.73,2,1,0,767572.57,0
544,South India,Female,26,3,567231.94,2,1,1,452067.46,0
710,South India,Male,44,2,1209900.03,1,0,1,1318729.9,0
727,West India,Male,24,4,0.0,1,1,0,773013.3,0
500,North India,Male,31,8,0.0,1,1,0,1056508.57,0
672,East India,Female,18,2,1256055.92,2,1,0,565376.9,0
600,East India,Male,40,5,240121.4,2,1,1,810662.06,0
679,West India,Male,28,3,0.0,2,1,1,1959450.56,0
622,North India,Female,48,0,102271.39,1,1,0,353685.28,0
527,North India,Female,40,7,0.0,2,0,0,159878.58,0
606,South India,Male,48,2,1229151.29,2,0,1,765709.11,0
706,West India,Male,24,7,0.0,2,0,0,1077289.36,0
824,North India,Male,47,4,273136.14,2,0,0,468561.78,0
685,South India,Female,59,7,238252.57,2,1,1,756694.32,0
614,South India,Female,44,0,145571.07,1,1,0,753514.29,0
543,West India,Female,44,5,0.0,2,1,1,775299.19,0
635,South India,Male,37,2,363793.14,1,1,0,450080.84,0
615,West India,Male,30,4,3127238.66,2,0,1,1080911.28,1
677,North India,Male,44,3,2180183.42,3,1,1,442357.64,0
644,North India,Male,19,10,2780052.91,1,0,0,584658.05,0
693,East India,Male,31,8,457500.26,2,1,0,498133.78,0
617,North India,Female,18,2,1250489.17,2,1,1,674265.13,0
803,East India,Male,28,6,0.0,2,0,1,216762.68,0
702,North India,Male,43,3,1317330.09,2,1,0,324223.38,0
586,South India,Female,41,2,468015.52,2,1,1,466017.9,0
740,North India,Male,36,9,0.0,2,1,1,571123.86,0
545,East India,Female,37,2,85869.57,2,0,0,450692.52,0
573,East India,Male,18,3,1880213.52,2,0,1,236548.14,0
577,North India,Male,31,6,107739.89,1,1,0,417341.87,0
769,North India,Male,28,10,322660.5,2,1,1,342832.09,0
633,West India,Female,28,8,532766.43,1,1,1,514496.23,0
593,West India,Female,42,5,164853.53,1,1,0,298190.24,0
664,West India,Male,26,0,55526.01,4,0,0,402241.45,0
698,West India,Male,29,7,0.0,1,1,1,461614.97,0
793,North India,Female,18,1,898891.76,1,1,1,936932.76,0
515,South India,Male,32,10,0.0,2,1,1,955105.05,0
763,West India,Female,24,8,114893.94,2,1,1,407453.53,0
463,North India,Female,36,10,1177695.91,2,0,1,592949.63,0
731,West India,Female,25,2,0.0,2,1,0,776486.07,0
754,East India,Female,37,9,0.0,2,0,0,319447.83,0
759,West India,Male,34,10,0.0,1,1,0,474902.14,0
701,North India,Male,54,6,0.0,2,1,0,791647.22,0
554,North India,Male,41,5,73408.16,1,1,1,482992.19,0
717,South India,Male,18,8,272172.35,2,1,0,562150.29,0
553,North India,Female,22,10,81882.12,1,0,0,617259.63,0
565,East India,Male,36,2,422987.64,4,0,0,697456.55,0
608,North India,Female,25,1,0.0,2,1,1,675732.23,0
617,West India,Female,18,2,0.0,2,0,1,330388.77,0
671,North India,Male,50,3,660905.56,2,1,0,400232.91,1
587,South India,Male,43,4,120734.0,4,0,1,292597.22,1
679,North India,Male,41,5,5516706.03,2,1,1,343661.13,1
526,North India,Male,29,6,0.0,1,0,1,1571850.3,0
653,South India,Male,40,9,304610.52,2,1,1,2961263.78,0
625,West India,Male,28,2,0.0,1,0,0,175415.35,0
741,West India,Female,38,8,0.0,1,1,1,533246.48,1
750,North India,Female,25,2,443466.17,2,0,1,317843.8,0
634,North India,Male,52,2,2399773.11,1,1,0,658397.91,0
473,West India,Male,18,7,274088.02,2,1,0,1251712.74,1
517,West India,Female,49,9,753969.79,2,1,1,888759.14,0
751,North India,Male,36,2,380309.87,1,1,1,796145.76,0
637,North India,Male,30,6,0.0,1,1,1,752262.25,0
807,North India,Female,37,0,600788.13,1,1,0,270277.45,1
730,North India,Female,44,0,484215.73,1,1,0,671440.88,1
672,North India,Female,51,4,475701.92,1,1,1,422513.12,1
661,South India,Male,39,10,666444.32,2,1,0,620847.67,0
546,East India,Male,26,8,0.0,1,1,0,430285.37,0
593,North India,Male,36,10,169442.2,2,0,0,1249396.03,1
687,West India,Female,55,7,263112.88,1,0,1,1362581.96,0
618,South India,Male,50,1,209246.49,1,0,0,850106.83,0
692,East India,Male,45,7,951423.16,2,1,1,479838.41,0
742,West India,Female,44,9,518205.89,2,1,0,422801.08,0
633,West India,Female,43,8,734525.46,2,1,0,736038.69,0
611,South India,Female,48,3,923505.93,1,1,0,295403.44,0
569,West India,Male,30,8,1552246.7,2,1,1,586990.13,0
725,South India,Male,21,3,461233.08,2,0,1,544906.42,1
717,North India,Female,36,7,995323.55,1,1,1,1406851.41,0
846,East India,Male,27,6,1153871.56,1,1,1,737024.43,0
665,West India,Male,24,6,672125.25,1,1,1,566380.19,0
641,North India,Male,28,8,0.0,1,0,0,364455.11,0
692,West India,Female,63,7,1144508.79,2,1,1,433920.58,0
624,North India,Male,37,10,682442.28,2,1,1,1526953.17,0
570,North India,Female,39,9,0.0,1,1,1,449395.43,0
657,South India,Male,22,9,144897.7,1,1,1,441598.12,0
691,South India,Male,18,5,132958.52,2,0,0,323504.82,0
697,South India,Female,26,3,195633.8,1,0,1,329225.43,0
689,North India,Male,51,4,0.0,2,0,1,1029609.48,0
745,East India,Female,39,3,0.0,1,1,1,528815.88,0
696,East India,Male,42,0,330068.31,2,1,0,1287705.41,0
674,North India,Male,44,5,961756.51,2,1,1,470659.06,0
536,North India,Female,29,8,1946428.41,3,0,1,677715.04,0
672,North India,Female,51,6,880611.65,2,0,1,540153.14,0
634,West India,Female,29,9,0.0,1,1,0,1093066.98,1
549,West India,Male,51,3,718037.05,2,0,1,1071373.89,0
695,South India,Male,40,0,866968.21,2,1,0,629937.35,0
696,West India,Female,18,7,284926.54,1,0,0,514598.2,0
688,West India,Male,27,1,1534534.39,1,1,0,598994.07,0
700,South India,Female,18,1,250834.72,2,1,1,467669.48,0
661,South India,Male,48,6,0.0,2,1,0,278064.37,0
627,North India,Female,35,7,0.0,1,0,0,358631.07,0
809,North India,Female,18,1,188280.15,2,0,0,1768102.96,0
663,South India,Male,40,1,2213354.7,2,0,0,1055810.74,0
421,North India,Female,30,3,443919.05,1,0,1,472782.64,0
431,North India,Male,19,8,0.0,2,1,1,597969.49,0
758,North India,Male,54,8,254848.25,1,0,0,1046443.2,0
484,South India,Male,37,7,0.0,2,0,0,540926.67,0
601,East India,Male,32,6,363955.52,2,1,1,399872.66,0
540,West India,Male,31,7,163417.73,1,1,0,174147.23,0
622,West India,Male,19,6,0.0,2,1,1,496501.59,0
684,West India,Male,21,2,0.0,1,1,0,487147.14,0
590,South India,Male,50,3,0.0,1,0,1,277192.51,1
576,North India,Male,30,1,0.0,2,1,1,509928.94,0
715,South India,Male,36,7,332542.99,1,0,0,674402.2,0
886,North India,Female,18,10,0.0,1,1,0,357688.0,0
698,South India,Female,21,7,107280.1,1,1,1,401992.93,0
567,North India,Female,42,10,540553.84,1,1,0,1053310.97,0
728,West India,Male,40,6,89853.1,1,1,0,709625.86,0
806,North India,Male,55,8,930357.12,2,0,1,764306.84,0
745,North India,Female,50,10,67581.42,1,1,1,634636.46,0
511,East India,Female,33,6,424038.66,2,1,1,439386.54,0
697,North India,Male,41,2,2648168.8,2,1,1,1162679.32,0
608,South India,Female,32,7,1669854.31,1,1,0,445403.62,0
654,North India,Male,58,2,0.0,2,0,0,615430.34,0
616,North India,Male,48,0,634852.42,2,0,1,294119.89,0
716,South India,Female,37,0,0.0,2,0,0,762894.42,0
618,South India,Male,38,3,1431539.29,1,0,1,629514.97,0
777,North India,Male,51,1,820954.14,1,0,0,475345.66,0
649,West India,Male,42,10,137056.75,2,1,1,1150451.71,1
629,West India,Male,53,9,285322.44,2,0,0,400245.89,1
701,North India,Female,18,10,0.0,2,0,1,551741.5,0
682,North India,Male,41,7,999776.19,1,1,0,296908.37,0
704,West India,Female,30,0,753626.56,1,1,0,2014892.52,0
638,West India,Female,55,5,0.0,1,0,0,312260.23,0
770,North India,Male,53,3,213777.17,1,0,1,454751.68,0
739,North India,Male,36,7,1000491.69,1,0,1,781172.51,0
648,North India,Male,52,2,526076.41,1,1,0,576753.35,1
724,North India,Female,55,4,194161.6,2,0,1,602213.62,0
626,North India,Male,36,6,0.0,2,1,1,902117.08,0
701,East India,Male,63,0,741754.43,1,0,0,439138.22,1
724,West India,Male,35,3,477052.24,1,0,0,967193.5,0
672,West India,Female,33,1,425370.98,2,0,0,358522.49,0
576,North India,Female,45,3,141503.78,1,0,0,731623.77,1
542,North India,Female,32,1,0.0,1,1,0,1294086.81,0
676,North India,Female,36,10,2018664.46,1,0,0,494640.93,0
584,South India,Male,51,1,0.0,1,1,0,448825.3,1
744,North India,Female,36,9,0.0,2,1,0,942220.37,0
514,North India,Male,18,6,0.0,1,0,0,1359175.61,0
768,North India,Male,40,7,0.0,1,0,1,482263.62,0
654,West India,Female,28,10,730291.05,2,1,1,1021165.23,0
573,South India,Male,45,6,975137.08,1,1,0,578127.87,0
609,North India,Male,43,8,31654.26,2,1,1,340934.09,0
631,West India,Female,52,7,533389.18,1,1,0,1622654.89,1
693,West India,Male,45,10,154417.5,2,1,0,1006011.74,1
539,North India,Male,47,7,0.0,2,0,1,361010.61,0
563,North India,Female,28,5,0.0,1,1,1,233684.18,0
620,West India,Male,44,4,118636.86,2,1,1,974912.42,0
647,North India,Female,57,0,581310.33,1,1,1,1751134.62,0
714,West India,Female,28,1,209077.03,1,1,1,720679.31,0
674,North India,Male,55,9,0.0,2,0,1,517501.18,0
614,South India,Male,29,10,1856348.35,2,1,0,1402786.03,0
671,North India,Female,26,0,284236.76,2,0,0,481362.01,0
664,West India,Female,39,8,0.0,1,0,0,429897.04,1
627,East India,Male,43,3,0.0,3,1,1,457289.17,0
660,South India,Male,46,2,489894.32,2,0,1,838682.51,0
456,North India,Male,25,9,238900.54,1,0,0,580284.43,0
734,North India,Female,40,1,1050109.15,1,1,0,1094089.67,0
699,West India,Male,28,6,140690.57,2,1,0,542013.86,0
784,West India,Female,19,5,0.0,3,0,1,816600.46,0
577,North India,Female,25,9,4668917.48,2,0,1,763160.1,0
701,East India,Female,27,9,1299029.3,2,0,1,234401.87,0
478,South India,Female,41,6,535096.72,1,1,0,859875.67,0
491,North India,Male,48,0,523637.1,2,1,0,1173495.56,0
628,South India,Male,19,0,252471.48,2,1,1,523080.33,0
597,South India,Male,39,9,0.0,1,0,0,474473.17,0
744,West India,Male,23,3,416630.28,1,0,0,401142.95,0
756,North India,Male,42,4,677390.73,1,1,0,226441.88,0
765,West India,Female,29,10,131083.09,1,1,0,812460.05,0
703,West India,Male,24,1,656654.15,1,0,0,657093.39,0
707,West India,Female,44,10,0.0,1,0,1,578463.77,0
534,North India,Male,29,9,892838.71,2,1,1,1432417.82,0
775,East India,Male,32,5,1197436.8,1,1,0,600349.84,0
762,South India,Male,18,1,0.0,1,1,1,856198.7,1
525,East India,Female,46,6,720707.56,1,1,0,1265115.34,0
692,North India,Female,45,9,238866.99,2,1,0,518533.56,0
600,East India,Male,36,1,310827.28,2,0,1,783127.21,0
816,West India,Male,19,0,94669.31,1,1,1,544909.63,0
562,East India,Female,49,8,952144.6,2,1,1,640606.96,1
658,North India,Male,28,3,372293.0,2,1,0,430181.06,0
666,South India,Male,31,0,0.0,2,0,1,229808.87,0
645,North India,Male,61,7,1147757.47,2,1,1,592434.05,1
843,North India,Male,28,8,487925.27,1,1,0,602994.26,0
802,North India,Male,44,5,0.0,3,0,1,457068.37,0
502,East India,Male,42,9,1653215.61,2,1,0,617718.45,0
693,West India,Female,40,9,650582.2,1,1,0,997427.96,0
648,North India,Male,39,3,0.0,1,1,0,404044.04,0
725,East India,Female,40,1,809896.96,2,1,0,652684.27,1
669,West India,Male,38,7,0.0,2,1,1,944730.97,0
576,East India,Male,35,2,0.0,1,0,1,846559.66,0
556,East India,Male,52,5,0.0,2,1,0,639916.98,1
613,West India,Female,21,5,209254.99,1,1,1,258838.64,0
639,North India,Male,47,0,371474.71,1,1,1,1630267.91,0
667,East India,Male,45,6,943391.35,1,1,0,430150.01,0
598,North India,Female,43,6,648623.49,2,1,0,2191770.5,0
803,West India,Female,48,4,1463968.6,1,1,0,738505.31,0
698,West India,Male,34,1,0.0,2,0,1,1166580.13,0
728,North India,Male,18,3,196232.36,2,0,0,150484.1,1
637,South India,Male,35,6,129944.24,1,1,0,712370.56,0
556,South India,Female,25,5,332120.8,2,1,0,216677.75,0
729,North India,Male,27,8,493348.12,2,1,1,708167.81,0
560,North India,Female,22,7,1146164.31,2,1,1,208893.39,0
467,West India,Female,30,4,391634.8,2,0,1,373356.05,0
700,North India,Female,29,6,0.0,1,0,1,501019.76,1
581,West India,Male,18,2,0.0,1,1,0,697801.46,1
619,South India,Male,43,3,0.0,1,0,1,745251.63,1
712,South India,Female,60,6,0.0,4,1,1,861916.67,0
566,West India,Male,42,0,0.0,2,0,0,2007666.07,1
505,South India,Male,33,8,198988.19,1,1,1,842521.53,0
759,South India,Male,35,6,511892.84,2,1,1,413445.76,0
644,North India,Female,31,8,1351661.54,1,1,0,400156.66,0
763,South India,Male,36,6,135430.17,2,1,1,818819.74,0
706,South India,Male,35,10,261579.56,2,0,1,449833.6,0
709,North India,Female,26,4,91911.23,2,0,0,628808.53,0
664,South India,Male,54,0,1236337.65,1,1,1,1026589.41,0
664,South India,Female,19,10,115073.49,2,0,1,435295.23,0
752,West India,Male,43,6,1156980.56,2,1,1,313147.13,0
723,South India,Female,34,9,0.0,1,1,0,297370.48,0
596,East India,Male,56,10,194468.95,2,1,0,497815.52,0
694,South India,Female,39,8,0.0,1,1,1,855415.46,0
594,West India,Female,32,2,370509.36,2,1,1,2216113.78,0
621,South India,Female,33,10,0.0,1,1,0,705380.43,0
701,South India,Female,36,4,435211.45,2,1,0,746111.74,0
592,South India,Male,23,9,0.0,1,0,1,288004.27,1
663,South India,Female,27,2,381606.7,1,1,1,395568.87,0
684,East India,Female,18,0,150251.41,2,0,1,432400.19,0
619,North India,Female,25,7,525789.76,2,0,1,559508.83,0
714,North India,Female,37,6,546673.65,2,1,1,479766.41,0
610,West India,Male,39,9,765666.69,1,1,1,770952.21,0
734,South India,Female,18,7,957293.54,2,1,1,702521.57,0
661,North India,Male,34,2,873468.57,1,0,1,775715.66,0
665,South India,Female,42,4,0.0,1,1,0,1361176.5,0
569,South India,Male,34,6,0.0,1,0,0,667083.82,0
628,South India,Male,29,8,926759.52,2,0,0,1203434.85,0
667,West India,Female,31,5,479385.93,1,1,1,398671.18,0
742,South India,Female,30,2,794000.82,2,1,1,798357.33,1
621,West India,Female,28,6,774475.44,1,0,0,645930.71,0
741,West India,Female,37,6,811676.66,1,1,1,1304270.3,0
581,West India,Female,61,2,1592798.6,1,1,1,1270178.62,0
680,North India,Female,27,4,380031.49,2,1,0,631094.6,0
604,South India,Male,32,5,233943.98,1,1,0,445554.2,0
788,South India,Female,35,0,0.0,1,1,0,671776.38,0
772,West India,Female,28,0,0.0,1,0,0,665709.78,0
675,West India,Female,48,3,142804.2,2,0,1,296310.54,0
601,South India,Female,18,9,241813.4,2,1,0,287645.45,0
513,East India,Male,30,6,1688793.91,2,0,0,519233.65,0
684,South India,Male,45,6,918484.0,1,1,1,1442625.34,0
668,West India,Female,32,7,0.0,2,1,1,1429072.53,0
727,West India,Male,26,10,170152.02,2,0,0,2053167.12,1
518,East India,Female,40,5,1828920.16,2,1,1,358572.83,0
662,East India,Male,45,6,261536.86,2,0,0,1593468.54,0
688,South India,Female,38,5,343845.39,2,1,0,533442.68,0
568,North India,Female,27,4,179890.12,2,1,0,697733.11,1
660,South India,Female,41,9,0.0,2,1,0,1661365.05,0
584,West India,Male,31,5,1330390.24,2,1,0,606618.65,0
575,West India,Male,44,9,1257919.34,3,1,0,603477.39,0
602,North India,Female,52,3,2306353.25,1,1,1,347087.35,0
626,North India,Female,18,6,551231.13,2,1,0,446160.7,0
761,South India,Male,37,7,331539.63,1,0,1,523140.33,0
621,South India,Male,18,7,60111.94,1,1,1,250234.17,0
573,North India,Male,62,3,514349.56,1,0,0,489080.64,0
723,West India,Female,30,2,261650.15,2,1,0,740738.14,0
742,North India,Female,44,6,257088.39,1,1,1,1258831.2,0
723,South India,Female,35,6,413904.63,3,1,1,589323.3,0
773,North India,Female,27,10,0.0,1,0,0,300798.38,0
667,West India,Male,25,2,0.0,2,1,1,657476.41,0
664,West India,Female,53,0,0.0,1,0,1,841986.14,1
586,South India,Male,46,2,633806.81,1,0,1,810301.02,0
775,South India,Male,57,2,794505.75,2,1,1,1095812.04,0
641,North India,Male,36,5,705774.18,2,1,1,886651.34,0
622,East India,Male,39,1,303688.19,2,1,0,1221023.56,0
614,West India,Male,33,3,7994294.43,2,1,0,752734.19,1
707,West India,Male,32,4,77511.12,2,0,1,610967.43,0
657,North India,Male,24,5,340531.73,1,0,1,801707.54,0
667,North India,Male,36,9,96178.14,2,0,1,1898969.45,0
620,South India,Female,27,8,525900.06,1,0,0,656591.37,0
632,North India,Male,40,9,0.0,2,0,0,554024.02,0
636,West India,Male,37,4,0.0,1,1,0,756688.79,0
777,South India,Male,39,1,737718.84,1,1,0,1406726.27,0
487,North India,Male,54,6,0.0,1,1,0,373398.36,0
690,North India,Female,35,9,19241.04,2,1,1,1061837.51,0
747,East India,Female,44,10,805411.26,2,1,0,145901.27,0
484,East India,Female,58,0,1571451.56,4,1,0,705376.45,0
643,North India,Male,50,7,192237.49,2,1,1,1002977.77,0
738,North India,Male,48,6,100965.31,4,1,1,722344.45,0
582,South India,Male,32,10,0.0,1,1,1,978470.38,0
674,North India,Female,38,7,0.0,1,1,0,206764.34,0
566,East India,Female,21,0,197065.55,2,1,0,1287171.15,0
652,West India,Male,41,5,503116.8,1,0,0,175023.88,0
764,East India,Male,39,4,991855.0,2,0,0,488427.14,0
802,West India,Male,36,1,965080.27,2,0,1,308956.99,0
672,West India,Male,47,7,631733.95,2,0,1,371413.61,0
534,West India,Female,22,9,702451.52,2,1,1,234089.42,0
622,West India,Male,53,1,2867925.39,2,1,1,856116.12,0
486,West India,Female,45,1,195725.33,2,1,1,855368.6,0
623,North India,Male,35,8,387618.11,1,1,0,675433.57,0
736,South India,Male,34,5,935986.05,1,0,1,1411630.36,0
527,South India,Female,41,2,933477.34,1,1,1,299793.23,0
631,East India,Female,52,8,494623.72,1,0,1,489899.63,0
576,South India,Male,37,1,789650.77,2,0,1,995693.75,0
811,North India,Male,37,7,0.0,1,1,0,703455.31,0
685,North India,Female,36,3,729859.73,1,1,1,578898.18,0
726,East India,Male,55,9,138998.86,2,1,0,439868.07,0
676,East India,Male,31,1,341780.62,1,1,0,443291.23,0
718,West India,Male,35,4,385553.73,2,1,0,658202.47,1
747,North India,Female,52,2,1576389.52,1,1,0,445802.49,0
653,North India,Male,37,8,0.0,2,0,1,200460.14,0
602,South India,Female,48,7,2619654.35,1,0,0,377554.79,1
565,East India,Male,25,5,257147.21,2,0,1,1486618.0,0
808,West India,Male,33,5,459773.57,3,1,0,396635.1,1
723,East India,Female,52,8,0.0,2,1,1,220136.4,0
449,South India,Female,28,1,1470663.66,1,1,0,666273.99,0
627,West India,Female,34,6,0.0,2,1,0,396575.34,0
687,North India,Male,38,10,0.0,1,0,0,664799.45,0
800,North India,Male,25,2,1464515.7,1,1,0,312574.73,0
550,East India,Female,31,2,1327581.48,2,1,0,211919.31,1
688,North India,Male,37,3,853236.16,2,1,0,611915.97,0
614,West India,Male,36,4,1321233.61,2,1,1,364884.03,1
542,West India,Male,50,4,0.0,2,1,1,345812.81,0
771,North India,Male,52,9,671206.43,1,0,1,481841.91,0
563,North India,Male,26,0,810820.36,2,1,1,479068.8,0
737,North India,Female,37,9,486341.21,2,1,1,361478.47,0
506,West India,Female,43,5,1132249.7,4,0,0,950373.4,1
605,North India,Female,52,10,192242.7,2,1,1,279382.18,0
701,South India,Female,43,10,312609.63,2,0,0,882362.26,0
714,West India,Male,39,1,72369.85,2,0,0,227300.77,0
689,North India,Male,43,1,0.0,2,1,0,237859.98,0
738,North India,Male,43,8,584523.92,1,1,1,1133106.68,0
624,South India,Female,25,0,143322.79,1,1,1,430465.05,0
775,North India,Male,38,1,133055.42,2,1,1,775702.08,0
682,South India,Male,52,9,1210223.89,1,1,1,313700.92,0
716,East India,Male,33,8,0.0,1,1,1,784081.55,0
682,North India,Male,37,3,449774.48,1,1,1,1789460.2,0
694,East India,Male,33,3,1154264.66,1,1,0,468024.72,0
559,South India,Male,18,10,207580.94,1,1,0,1802337.78,0
565,West India,Female,36,9,1833392.69,2,1,0,499735.59,1
601,West India,Male,39,8,355918.97,1,0,0,444918.03,1
696,South India,Female,30,4,0.0,1,0,1,463987.55,0
597,North India,Male,23,3,0.0,1,0,1,764944.03,0
623,North India,Female,26,8,1634197.75,2,1,1,697682.17,0
643,West India,Male,44,3,144094.72,2,1,0,505136.71,0
777,North India,Female,57,3,443037.43,1,0,0,865449.89,0
704,South India,Male,51,6,230063.71,4,1,1,726470.56,0
518,South India,Female,21,9,0.0,1,1,1,768843.17,0
664,North India,Female,45,9,548968.31,2,1,1,338291.78,0
622,West India,Male,28,0,440417.34,1,1,1,908890.19,0
629,West India,Male,29,2,280295.97,1,1,1,646978.36,0
650,South India,Male,30,9,2468207.67,1,1,1,407261.46,0
751,South India,Male,43,10,80396.53,1,0,1,416750.81,1
576,North India,Male,46,3,334621.52,2,0,1,808885.35,0
668,South India,Female,34,7,905105.34,1,0,0,631050.67,1
676,West India,Male,35,8,665983.95,2,1,1,490101.66,0
630,South India,Female,41,0,0.0,3,1,1,1635627.53,0
592,East India,Female,42,2,957100.56,1,0,1,381236.97,0
582,North India,Female,48,2,184840.34,2,0,1,558807.44,0
612,East India,Male,21,7,0.0,2,1,0,652077.19,1
716,West India,Male,36,4,1079581.19,2,1,1,316114.65,0
617,West India,Male,24,4,0.0,1,0,0,1038096.49,0
641,North India,Male,35,10,396276.43,1,0,1,1452781.99,0
545,South India,Male,33,7,215722.64,1,1,0,454041.1,1
607,West India,Female,35,5,0.0,1,1,1,1088923.09,0
670,West India,Female,27,5,0.0,2,0,0,637151.9,0
499,North India,Male,19,6,0.0,2,1,1,946660.54,0
744,North India,Male,18,9,133529.5,2,1,0,632375.6,0
596,West India,Male,34,0,578347.56,1,1,0,592591.78,0
808,East India,Female,31,8,0.0,2,1,0,254494.19,0
687,South India,Female,28,4,1302037.41,2,1,1,436330.37,0
484,South India,Male,50,7,0.0,3,1,0,863935.79,0
674,West India,Male,26,9,270674.03,2,0,0,315518.18,0
621,West India,Female,51,5,704915.5,1,1,0,999601.62,0
676,South India,Male,53,5,0.0,1,1,1,882759.59,0
795,North India,Male,18,3,376571.15,1,1,1,666441.5,0
713,West India,Female,37,2,1768807.94,2,1,1,791523.23,0
629,South India,Male,31,1,0.0,1,1,0,234209.92,0
524,North India,Female,18,9,450775.89,1,1,1,314197.7,0
728,South India,Male,20,10,803980.66,1,0,0,331277.46,1
695,North India,Female,44,3,350500.9,1,1,0,394741.26,0
754,North India,Female,58,0,155833.87,2,0,1,1091924.18,0
637,South India,Male,45,5,0.0,2,0,0,170398.91,0
676,West India,Female,39,10,0.0,1,1,1,396418.14,0
627,North India,Male,35,6,412495.02,1,0,0,203828.23,0
657,North India,Male,54,4,0.0,2,1,0,488226.55,0
513,South India,Male,59,9,157252.81,2,1,0,951855.46,0
678,North India,Male,29,9,181973.12,1,1,0,778882.78,0
684,West India,Male,18,9,0.0,1,1,0,446613.61,0
604,East India,Female,18,0,545130.89,1,0,1,588603.05,0
704,West India,Male,50,2,254253.72,1,1,1,1418356.39,0
728,North India,Male,35,5,493345.25,1,1,1,411059.88,0
776,North India,Female,38,6,2608019.01,1,0,1,371279.21,0
558,North India,Female,18,8,0.0,2,1,1,295364.98,0
710,North India,Male,27,1,2043857.52,2,1,0,177821.51,0
770,North India,Male,32,2,0.0,2,1,1,516075.69,0
618,North India,Male,38,3,0.0,2,1,0,1425294.37,0
775,West India,Male,31,4,270107.97,2,1,0,522930.7,0
584,West India,Female,24,6,0.0,2,1,0,812811.88,0
656,South India,Male,27,5,198052.53,1,1,0,786221.02,0
494,North India,Male,49,4,342380.75,1,1,0,314421.21,1
481,West India,Female,38,5,1590800.16,1,1,1,1655110.13,0
510,North India,Female,42,0,1202376.57,1,0,0,877790.11,0
777,North India,Male,26,7,698023.97,1,0,1,833000.33,0
580,North India,Female,18,6,694686.63,1,1,1,832859.16,0
580,South India,Female,30,2,0.0,1,1,0,1240898.38,0
686,South India,Female,26,1,0.0,2,0,0,451018.41,0
583,North India,Female,39,8,147765.32,2,1,1,531125.91,0
758,North India,Male,72,4,1441060.68,1,0,1,1431525.75,1
817,West India,Female,43,8,475898.69,2,1,1,1758306.12,0
450,South India,Female,66,8,0.0,3,1,0,600142.62,0
696,North India,Male,42,2,662161.52,1,0,1,927760.08,0
464,South India,Female,29,2,117849.72,2,1,1,851097.5,0
527,North India,Female,39,8,1136662.28,2,1,1,659832.68,0
692,South India,Female,55,2,145141.84,2,0,1,1563237.06,1
565,North India,Female,56,6,468467.57,1,0,1,259465.12,0
673,South India,Male,29,2,0.0,2,0,0,413248.11,0
652,South India,Female,38,0,414895.78,1,0,1,328172.52,0
501,West India,Female,20,10,199869.68,2,1,0,384051.82,0
709,North India,Female,45,2,0.0,1,1,0,1029353.56,0
676,South India,Female,53,4,216828.67,2,1,0,790639.39,0
653,East India,Male,36,9,226465.71,1,1,0,991171.38,0
591,West India,Male,28,7,0.0,2,1,1,613762.32,0
685,East India,Female,39,6,419399.12,2,1,1,521910.34,0
533,East India,Female,40,9,0.0,1,0,0,679813.02,0
559,South India,Male,36,0,0.0,2,1,0,284792.7,1
678,North India,Male,37,1,758937.2,2,1,0,633982.42,0
742,West India,Female,34,8,331157.56,2,0,0,569950.98,0
607,West India,Female,46,9,102618.97,2,1,0,148764.02,0
691,South India,Female,44,10,851991.31,2,0,1,475075.39,0
668,West India,Male,25,7,0.0,2,0,0,537837.25,0
687,South India,Female,24,1,2102295.78,1,0,1,1674294.07,0
587,South India,Female,33,2,189377.07,1,0,0,284792.86,0
636,South India,Female,44,7,583762.43,1,1,1,275548.14,1
646,North India,Female,37,3,647187.93,1,1,1,524695.65,0
784,West India,Male,28,1,553440.28,2,1,0,607496.7,0
550,West India,Female,38,3,545986.58,3,1,1,997781.63,0
523,South India,Female,32,5,687202.08,1,0,1,785394.85,0
900,North India,Male,45,7,355695.67,2,0,1,442862.71,0
677,North India,Female,39,2,662636.54,1,0,0,350304.94,0
699,North India,Female,32,4,1069499.2,1,0,1,864110.44,0
707,North India,Female,38,2,0.0,2,1,1,1153088.81,0
719,South India,Male,50,7,535003.89,1,1,1,654558.17,0
730,North India,Male,29,7,1023974.68,3,0,0,800903.0,0
719,North India,Male,40,5,245413.88,2,0,1,173989.06,0
751,West India,Male,35,9,2924914.0,1,0,0,779214.3,1
665,East India,Male,40,10,125914.89,2,1,0,924216.41,0
746,North India,Male,28,0,620506.77,1,0,0,352199.24,0
820,South India,Male,37,10,0.0,2,1,1,379127.97,0
667,East India,Female,48,2,209947.67,2,1,0,934755.45,0
693,East India,Male,25,6,943667.46,3,0,1,453265.61,0
597,South India,Male,21,10,0.0,2,1,1,2209475.86,0
635,North India,Male,21,7,0.0,1,1,0,347325.77,0
681,North India,Male,23,2,184096.03,2,1,0,242643.66,0
614,North India,Female,42,5,3259759.44,1,1,0,1577777.58,1
658,South India,Male,20,1,579227.09,2,0,1,767010.87,0
680,North India,Female,32,0,468489.41,2,1,0,528721.71,0
786,West India,Female,42,8,109099.64,2,0,1,666302.72,0
572,North India,Female,40,10,481859.61,2,1,1,686223.91,0
687,West India,Male,31,8,0.0,2,1,0,474020.24,0
595,North India,Male,38,4,0.0,1,1,1,1279317.26,0
718,South India,Male,37,0,71269.88,4,0,1,998769.55,0
726,South India,Male,33,1,286046.87,1,0,1,442266.96,0
800,West India,Female,33,10,274950.78,2,1,0,1098593.71,0
611,North India,Male,60,0,120935.12,2,1,0,1095871.15,0
663,North India,Male,44,5,0.0,1,1,0,559379.37,0
722,North India,Male,63,1,3108307.27,2,1,0,514958.51,1
709,South India,Female,30,0,1047600.32,1,1,0,690116.31,1
426,North India,Male,35,9,0.0,2,1,1,779599.53,0
588,South India,Male,21,5,1002190.49,1,1,1,349302.87,0
701,North India,Female,27,10,846025.96,2,1,1,1798279.95,0
631,North India,Male,56,1,155749.0,1,1,0,352794.74,0
723,West India,Male,30,8,430763.87,2,0,0,387295.38,1
743,South India,Male,57,9,493212.0,1,1,0,799747.9,0
630,North India,Female,22,2,0.0,2,1,0,741879.68,0
704,South India,Male,24,9,343569.38,4,0,1,818788.99,0
781,West India,Male,32,7,348567.0,1,1,1,330098.07,0
741,North India,Female,35,8,0.0,2,1,0,620483.71,0
580,North India,Male,46,9,168117.85,2,1,1,729741.56,0
633,South India,Female,40,4,0.0,2,0,0,298990.74,0
652,East India,Male,31,5,118546.78,2,1,0,294532.21,0
565,North India,Male,34,9,1511217.17,1,1,1,1064009.91,1
746,West India,Female,32,4,3157425.03,2,0,1,1010694.04,0
591,East India,Female,25,5,466696.86,1,1,1,941890.38,0
640,South India,Male,26,10,496393.48,2,1,1,2275308.27,0
746,North India,Female,47,1,462675.71,2,0,0,258974.16,0
609,West India,Female,18,8,513159.95,2,0,0,511322.01,0
619,North India,Male,53,6,218053.98,1,0,1,982270.48,0
680,South India,Female,32,5,654714.68,2,1,1,732659.99,0
613,North India,Male,27,10,388489.09,1,1,1,1242353.7,0
787,North India,Male,44,3,176975.87,3,1,0,403316.52,0
567,North India,Male,52,9,401273.56,2,1,1,811121.61,0
443,West India,Female,48,8,546784.82,2,0,0,367121.97,0
725,East India,Male,41,10,606965.32,2,1,0,1290339.5,0
617,South India,Female,47,6,0.0,4,1,1,514903.89,0
577,North India,Male,18,3,1067360.79,2,1,0,172898.71,0
684,West India,Male,30,2,235305.42,2,0,0,3319324.9,0
687,South India,Female,25,9,0.0,1,1,1,388535.84,0
581,West India,Female,49,7,377033.32,2,1,0,683326.26,0
756,South India,Male,31,5,1799851.69,2,0,0,272007.24,1
727,East India,Male,45,1,0.0,2,0,0,965914.74,0
827,North India,Female,41,6,1133317.05,2,0,1,1378812.78,0
608,North India,Male,26,7,0.0,2,0,0,1475797.41,1
664,North India,Female,29,4,158286.96,1,0,0,1104436.95,0
670,South India,Female,50,2,0.0,2,0,1,812320.97,0
620,East India,Female,27,7,829374.72,2,1,0,747666.86,0
686,East India,Female,37,1,616140.16,1,1,0,560653.0,0
693,West India,Female,27,9,509222.98,1,1,1,152891.39,1
693,North India,Male,32,10,1822958.93,1,1,0,529175.22,0
620,West India,Male,35,5,0.0,2,1,1,512466.5,0
631,South India,Male,27,6,2874580.0,1,0,1,1240199.5,0
598,East India,Male,25,9,1650315.7,2,1,0,457670.85,0
582,North India,Female,39,8,543340.7,2,1,1,1686592.46,0
644,North India,Male,26,4,801138.26,2,1,0,447536.77,0
786,West India,Female,27,10,2035833.51,1,0,1,459832.0,0
833,West India,Female,25,0,0.0,2,1,1,188620.89,0
768,West India,Female,35,9,0.0,2,0,1,704807.82,0
608,North India,Male,46,1,0.0,1,1,1,818931.85,0
686,West India,Female,52,7,0.0,1,1,1,614299.06,0
465,West India,Male,28,0,0.0,2,1,0,643010.98,0
636,West India,Female,59,1,940264.1,1,1,0,925859.97,0
615,South India,Male,24,4,2322943.95,1,1,1,948797.36,0
818,West India,Female,47,9,126085.29,2,1,0,396898.24,0
673,South India,Male,28,10,0.0,2,0,1,881253.13,0
654,North India,Male,26,10,292479.99,1,1,0,337311.65,0
643,South India,Male,27,2,1251913.47,2,0,1,2094530.4,0
623,West India,Female,35,3,182503.7,2,1,0,520085.76,0
697,North India,Female,42,9,0.0,1,0,0,273631.22,0
590,North India,Male,43,4,0.0,3,1,0,429674.52,0
699,West India,Male,25,2,4865352.75,2,1,0,1311150.42,0
778,North India,Male,25,4,330698.4,1,0,1,922236.67,0
660,North India,Male,25,2,0.0,2,1,0,253584.28,0
621,West India,Male,34,10,0.0,2,1,1,431420.26,0
643,North India,Male,33,0,0.0,2,1,1,688631.06,0
758,North India,Female,25,6,2323298.82,1,0,0,632016.88,0
662,South India,Male,38,3,250176.58,2,1,0,794395.62,0
595,South India,Female,60,7,346119.96,2,1,1,1933888.04,0
722,South India,Male,30,3,291196.39,1,0,1,1826138.65,0
586,East India,Female,31,10,0.0,1,0,1,629785.94,0
628,West India,Female,42,6,160572.68,2,0,0,443666.03,0
670,South India,Male,29,2,1022767.36,2,1,1,545757.77,0
577,South India,Male,43,1,75071.71,1,0,0,359576.33,0
489,South India,Male,28,10,466450.76,1,1,1,566001.43,0
690,North India,Male,56,2,262760.39,2,1,0,551724.61,0
452,East India,Male,39,6,1363892.85,1,0,0,250359.79,0
566,North India,Male,29,2,1263642.79,1,0,0,390035.31,1
720,West India,Male,29,9,1092519.69,2,1,1,564556.07,0
687,West India,Male,30,7,540796.38,1,1,1,2726607.58,0
635,West India,Male,51,7,304295.82,2,1,1,675630.83,0
569,North India,Male,22,0,178699.24,2,0,0,484288.3,0
611,South India,Male,28,6,2874008.4,3,1,0,588608.57,0
701,North India,Female,29,7,1108721.53,2,0,1,121816.93,0
638,West India,Female,35,8,502866.31,2,1,1,851055.13,0
538,South India,Female,33,7,728404.26,1,1,0,227759.85,0
570,North India,Male,19,9,228834.55,2,0,1,594932.65,0
610,West India,Male,31,5,0.0,1,0,0,136847.09,0
683,North India,Male,34,7,0.0,2,1,1,572829.63,0
659,North India,Male,29,2,277802.33,2,0,0,608921.62,0
537,South India,Female,43,1,490711.32,1,1,0,510989.49,1
771,North India,Male,46,0,0.0,2,1,0,332622.22,0
583,East India,Female,35,7,163439.6,1,0,0,472512.43,1
689,South India,Female,38,6,0.0,1,1,0,593152.31,0
564,South India,Female,18,5,284225.67,1,1,1,2536486.28,0
873,East India,Male,31,10,92709.92,1,1,1,314376.64,0
769,South India,Male,47,2,0.0,1,0,0,424167.78,0
580,South India,Male,31,5,3785659.26,1,0,0,513326.84,1
657,North India,Male,27,4,450660.84,2,1,1,589569.47,0
557,East India,Female,61,10,241275.72,1,1,1,873545.33,0
617,West India,Male,56,4,288697.47,1,1,1,303340.35,0
688,North India,Male,41,3,423251.62,1,1,1,589775.13,0
726,North India,Male,48,4,64469.89,1,1,0,767597.37,0
538,East India,Male,18,4,0.0,2,1,1,369392.23,0
582,South India,Male,27,4,415184.19,1,1,0,1102112.72,0
734,South India,Male,30,9,1011067.91,2,1,1,654206.51,0
769,South India,Female,33,9,611861.9,1,1,1,746530.17,0
580,West India,Female,30,7,0.0,1,1,1,528412.72,0
736,East India,Male,18,1,561782.98,3,1,1,529172.67,0
538,West India,Male,40,1,396540.67,2,1,1,487521.51,1
623,East India,Male,41,5,414068.35,1,1,1,484732.96,0
547,West India,Female,53,2,364771.7,1,1,1,1069825.59,0
613,North India,Male,27,9,318973.28,2,0,0,837579.52,0
821,North India,Female,26,10,0.0,2,1,1,576511.12,0
645,West India,Male,18,9,0.0,4,0,1,965115.97,0
624,North India,Male,32,9,123638.4,2,1,1,986029.88,0
599,West India,Male,45,9,535373.25,2,0,1,701409.18,1
623,West India,Female,29,3,263226.62,1,1,0,595902.29,0
577,South India,Male,59,10,256411.28,1,0,0,808344.65,1
662,South India,Male,33,2,0.0,2,1,0,337512.69,0
647,North India,Male,37,3,109792.3,1,1,1,701018.66,0
608,North India,Female,21,1,174902.16,1,1,1,339599.47,0
600,West India,Male,39,8,0.0,2,1,1,578194.54,0
666,North India,Female,18,10,481501.67,1,1,0,314651.5,0
584,East India,Female,43,2,423070.02,1,1,0,1204064.56,0
628,North India,Female,43,6,487385.18,1,1,0,177916.97,1
609,West India,Male,50,8,446444.82,1,1,0,986873.83,1
451,North India,Male,24,8,374893.14,2,1,1,270538.63,0
727,South India,Male,37,5,357308.97,1,0,1,318617.92,0
485,North India,Male,42,0,264702.94,1,0,0,595895.72,0
490,North India,Female,40,9,0.0,1,1,1,740212.62,1
730,West India,Male,26,1,1052367.89,1,0,1,301468.54,0
550,East India,Female,18,8,0.0,2,1,1,870180.44,0
463,North India,Female,39,4,251845.13,1,1,1,363253.67,0
770,North India,Male,34,9,0.0,1,1,0,528274.62,0
592,West India,Female,29,1,823453.73,1,1,0,494485.63,0
759,West India,Male,44,5,0.0,3,0,0,392845.66,0
567,North India,Male,35,6,804394.29,1,1,1,1037855.55,0
502,North India,Male,21,9,391339.84,2,1,1,812143.08,0
621,North India,Female,18,9,606075.36,1,0,0,1197426.22,0
541,North India,Male,23,10,9009787.48,2,1,1,551785.68,0
686,North India,Female,62,9,120425.18,1,1,1,1165308.2,0
710,South India,Female,43,10,242550.01,1,1,1,728019.81,0
733,South India,Female,38,5,0.0,1,1,1,742300.51,0
621,South India,Female,34,0,1089165.17,4,1,0,436710.87,0
774,North India,Male,33,10,355602.22,3,0,1,578639.76,0
566,South India,Female,48,0,1054212.76,1,1,1,444618.21,1
662,North India,Male,30,1,1843709.77,1,1,1,732365.64,0
637,North India,Female,42,10,0.0,2,1,0,280380.35,0
827,South India,Male,32,8,4453792.54,2,0,1,699968.79,0
758,North India,Male,57,10,180774.22,2,1,0,916763.19,0
652,West India,Female,44,0,587227.26,2,1,0,1213398.57,0
667,North India,Male,49,10,447826.63,1,0,0,296569.22,0
788,West India,Male,29,8,194546.12,1,1,1,585503.04,0
582,South India,Male,47,5,766557.84,1,0,1,192709.44,0
467,South India,Male,32,1,0.0,1,1,1,732472.8,0
562,South India,Male,37,9,559584.14,2,0,1,970267.74,0
612,North India,Male,53,2,0.0,2,1,1,889587.62,0
772,North India,Female,24,8,259034.44,2,1,0,503985.28,1
743,North India,Male,38,9,202580.64,2,0,1,428682.42,0
646,South India,Male,40,10,199376.95,2,1,0,777674.89,0
691,South India,Male,41,1,271609.51,2,1,0,794389.99,1
586,West India,Male,31,4,670674.93,3,1,1,448529.81,0
837,North India,Female,58,7,0.0,2,1,0,1134472.07,0
759,East India,Male,21,9,0.0,2,1,0,414640.47,0
654,North India,Male,52,5,0.0,2,1,0,356592.78,0
643,North India,Male,49,7,256045.92,2,1,0,946602.88,0
713,East India,Female,56,5,805377.91,1,1,0,422669.31,0
644,North India,Male,18,3,1010978.63,1,1,1,516471.55,0
486,East India,Male,26,7,247166.46,2,0,1,429135.71,0
787,North India,Male,52,8,0.0,2,0,0,502901.41,0
755,North India,Female,18,4,0.0,1,0,1,539761.23,1
683,North India,Female,18,2,0.0,1,0,1,100000.0,0
612,South India,Male,30,0,557427.83,1,1,1,1216333.25,0
650,South India,Female,38,1,104484.56,1,1,0,723078.28,0
412,North India,Female,53,0,334384.26,2,1,0,573526.2,0
550,North India,Male,33,9,391953.56,1,1,0,499976.21,0
809,North India,Male,29,8,300752.67,1,1,0,495960.03,0
696,North India,Female,39,10,3643605.68,4,1,0,903193.71,1
474,East India,Male,41,6,1162359.86,1,1,1,533498.32,0
575,South India,Female,40,9,641089.69,1,1,0,864742.46,0
476,West India,Male,34,1,0.0,2,1,0,456188.85,0
579,North India,Female,18,2,644794.5,3,1,0,835042.57,0
635,North India,Male,25,10,286136.84,1,1,0,523832.93,0
794,South India,Male,51,2,0.0,2,0,0,588048.24,0
720,West India,Male,38,0,277719.68,1,1,0,215435.86,0
622,West India,Male,32,2,820074.37,2,0,1,1115141.34,0
627,South India,Male,48,0,1054844.67,2,0,0,626120.9,1
577,North India,Male,23,2,225274.69,1,0,1,1910086.4,0
748,North India,Female,33,2,556833.25,2,1,0,1356861.96,0
758,West India,Male,37,4,648998.46,2,1,0,491909.19,0
529,North India,Male,31,2,0.0,2,0,0,623614.29,0
495,West India,Male,37,9,505880.41,1,0,1,585646.23,0
621,South India,Male,33,2,0.0,2,1,1,325211.13,1
632,West India,Male,20,0,0.0,1,0,0,327373.65,0
673,South India,Female,37,8,174746.64,1,1,0,825657.32,0
499,West India,Male,21,10,286136.41,1,0,1,626509.86,0
585,North India,Female,37,0,2151200.87,3,1,0,486933.38,0
642,South India,Male,51,6,804748.75,2,1,1,482346.44,0
579,North India,Female,32,6,0.0,2,0,0,915309.49,0
727,South India,Male,23,7,2668254.97,2,0,1,444968.33,0
818,South India,Male,34,6,1771335.48,2,0,1,1907584.38,0
601,West India,Female,26,9,0.0,2,0,1,196686.38,0
730,West India,Female,42,5,505735.52,1,0,1,562446.63,0
617,South India,Female,34,10,440987.05,1,1,1,256728.3,0
566,North India,Male,54,7,775898.91,1,0,0,515641.42,1
585,East India,Male,48,9,366551.15,2,1,0,474754.46,0
719,North India,Female,34,3,1391286.07,1,1,0,1129477.22,0
592,West India,Male,43,3,136459.32,2,1,1,222805.42,1
609,South India,Male,31,2,2648767.91,1,0,1,2654642.74,0
547,West India,Female,36,10,1081876.7,4,0,1,541459.19,0
707,South India,Female,32,7,909832.35,2,0,0,766834.0,1
691,South India,Female,44,5,0.0,1,1,1,209462.64,0
780,South India,Female,51,7,832762.85,2,0,1,443389.86,0
703,West India,Male,44,7,347715.31,2,0,1,535764.45,0
687,North India,Male,46,6,0.0,1,1,0,660613.91,0
702,West India,Female,46,2,261082.85,2,0,1,1195356.66,0
626,North India,Female,42,4,569927.69,2,0,0,445732.46,0
659,West India,Female,23,1,1606142.64,1,0,0,588137.05,0
733,North India,Female,54,0,704417.02,1,1,0,635905.09,1
576,North India,Male,55,2,356630.23,2,1,0,487138.72,0
803,West India,Male,33,3,82268.32,1,1,1,133513.13,0
707,West India,Male,31,3,0.0,2,1,0,1750878.47,1
831,West India,Female,42,10,1198382.65,2,1,0,679570.43,0
544,East India,Male,42,1,4612631.53,1,0,0,2122062.74,0
544,North India,Female,33,2,0.0,2,1,0,598064.46,1
683,North India,Male,22,7,0.0,1,1,1,664184.91,0
661,North India,Male,39,8,217426.21,1,0,1,302391.4,1
608,North India,Male,42,1,1124079.08,1,1,0,1292929.87,0
535,North India,Female,43,5,0.0,1,1,0,214373.9,0
625,West India,Male,39,0,1539091.43,2,1,0,586340.72,0
669,North India,Female,33,3,0.0,2,1,1,615508.73,0
532,North India,Male,46,8,272605.15,1,1,0,282248.48,0
613,South India,Male,36,0,2172865.01,1,0,1,807294.49,0
684,North India,Male,30,2,1385948.57,3,1,0,797790.3,0
720,South India,Female,34,6,0.0,2,1,0,641460.72,0
624,North India,Male,18,7,0.0,4,1,1,635913.86,0
577,East India,Female,33,6,1056372.16,1,0,1,683614.63,0
660,North India,Male,43,6,473806.94,2,0,1,491610.6,0
631,West India,Male,39,5,0.0,1,1,0,537526.04,1
518,South India,Male,52,6,0.0,1,1,1,542415.79,1
609,North India,Male,33,6,1539301.02,2,0,0,600960.95,0
596,North India,Female,41,8,0.0,1,0,1,450343.28,0
652,West India,Female,44,8,1545857.74,2,0,1,674486.48,0
583,East India,Female,61,10,950544.46,1,1,1,373175.34,0
600,North India,Male,37,9,627201.96,1,0,1,584375.46,0
633,North India,Male,24,9,1023020.34,1,0,1,471548.07,0
707,South India,Male,45,9,2741630.71,2,0,1,1177998.49,0
658,South India,Male,56,7,158010.49,2,1,1,852313.61,0
889,West India,Male,32,8,249076.24,4,1,0,771918.11,0
536,South India,Female,45,5,0.0,1,0,0,721014.09,0
732,North India,Female,49,3,0.0,2,1,1,602679.13,0
642,East India,Female,47,8,724519.69,1,0,1,375975.25,0
524,South India,Male,37,1,0.0,1,1,0,851621.35,1
615,West India,Male,28,7,1508005.17,1,1,0,1131570.72,1
513,West India,Male,35,1,372210.4,2,1,1,384386.46,0
657,North India,Male,41,6,0.0,1,0,0,1267851.61,0
622,North India,Female,45,8,830857.75,2,1,0,740870.62,0
588,North India,Male,39,9,0.0,1,1,0,664979.46,0
554,East India,Female,31,3,0.0,2,1,0,277583.15,1
741,West India,Female,42,10,0.0,2,0,0,433124.64,0
635,North India,Male,45,7,1130662.04,3,1,1,1049083.24,0
668,South India,Female,40,6,0.0,2,1,0,497034.58,0
665,South India,Female,26,9,0.0,1,0,1,697243.71,0
659,North India,Male,34,2,0.0,1,1,1,603239.59,0
620,South India,Female,46,0,62433.96,3,1,1,542709.77,0
786,West India,Male,20,7,1357565.76,2,0,0,690114.68,0
851,North India,Female,18,8,0.0,2,1,1,417740.44,0
780,West India,Male,52,4,411268.14,3,1,0,1484574.41,0
651,West India,Male,41,3,399666.51,3,0,1,594190.98,0
645,North India,Male,42,1,1350255.57,3,0,1,257145.52,0
748,West India,Female,24,0,0.0,2,1,0,269951.35,0
581,North India,Male,44,3,0.0,2,1,1,553868.57,0
803,West India,Male,39,7,910598.11,1,0,0,382348.49,0
721,North India,Male,18,8,182292.21,2,0,0,1817297.6,1
624,West India,Male,51,0,1051695.78,2,1,0,1083051.79,0
675,West India,Female,37,3,0.0,2,1,0,463932.45,0
706,North India,Female,31,4,595455.63,1,1,0,1482064.3,0
611,South India,Female,31,1,0.0,1,0,1,636739.62,0
743,South India,Female,18,1,169172.95,3,1,0,425168.86,0
764,South India,Female,42,2,415897.23,2,1,1,185331.62,0
626,North India,Female,38,0,0.0,1,0,1,796130.13,0
607,East India,Female,33,7,0.0,3,1,1,1214345.59,0
640,West India,Male,50,0,327645.15,1,1,0,517940.38,0
545,North India,Male,20,3,717673.08,1,0,1,380436.62,0
499,South India,Female,29,6,0.0,1,0,1,1081980.02,0
611,South India,Female,26,2,649300.23,2,1,0,982579.94,0
563,West India,Female,32,8,121097.6,1,1,1,589039.69,0
809,North India,Male,36,2,0.0,1,1,0,294275.9,0
608,North India,Female,40,4,283285.26,2,1,0,320987.03,0
691,North India,Female,32,1,372617.01,1,1,0,684991.25,0
593,East India,Male,26,4,747230.71,4,1,0,345367.6,0
810,South India,Male,54,1,168475.89,1,0,0,983418.46,0
632,North India,Male,62,7,226817.56,1,1,1,290965.14,0
538,South India,Female,37,8,479618.12,1,0,0,704691.15,0
710,North India,Female,27,4,2502395.61,1,1,1,272751.91,1
673,North India,Female,52,5,255536.45,1,0,0,859108.43,0
758,South India,Male,20,3,15966.6,4,1,1,537280.96,0
636,North India,Female,32,9,172183.1,2,1,1,517503.27,0
659,South India,Male,28,6,0.0,2,1,0,593510.57,0
514,South India,Male,23,9,0.0,1,1,1,597994.09,0
725,South India,Male,32,10,0.0,2,0,1,1682692.49,0
655,North India,Female,26,4,0.0,1,1,1,415216.45,1
638,South India,Male,36,4,1414975.44,2,1,0,843771.28,0
629,North India,Male,36,10,284239.97,2,1,1,274837.54,0
624,South India,Male,29,0,225162.3,2,1,0,1209765.09,0
726,North India,Male,31,1,359132.8,4,0,0,333542.64,1
566,South India,Female,33,1,0.0,2,1,1,1017087.9,0
716,South India,Male,44,3,0.0,2,1,0,620413.92,0
505,South India,Female,34,4,233498.36,1,1,0,295635.79,0
477,South India,Female,45,9,381791.93,2,0,1,2155581.94,1
776,South India,Male,42,3,62925.98,1,1,1,378291.55,0
557,North India,Female,42,2,610216.64,2,1,1,754379.79,0
659,South India,Male,51,3,536165.48,4,1,0,843688.11,1
625,East India,Female,23,4,0.0,2,1,1,439902.51,0
680,North India,Male,30,10,2251464.91,2,1,0,547283.47,0
654,North India,Female,55,10,235347.52,1,0,1,564414.88,0
743,North India,Female,33,2,0.0,2,0,0,421329.14,0
521,South India,Male,18,5,597323.38,2,1,1,372266.88,0
710,North India,Male,33,3,0.0,2,0,0,796814.3,0
645,West India,Male,37,1,0.0,2,1,1,1887884.67,0
512,South India,Male,18,2,0.0,1,1,0,609759.56,0
602,North India,Female,50,0,234034.51,1,1,1,734011.9,0
505,East India,Female,28,9,355977.15,1,0,1,460700.07,0
499,North India,Male,39,6,2668854.3,2,1,1,1446616.07,1
610,North India,Male,33,4,0.0,1,1,0,1023006.45,0
756,North India,Male,21,6,170909.02,2,0,1,648573.09,0
678,North India,Male,24,4,171188.36,1,1,0,1424885.63,0
766,West India,Male,25,0,0.0,1,1,1,804118.89,0
656,North India,Female,47,2,864814.62,2,0,1,487762.59,0
789,West India,Female,34,8,0.0,1,1,1,1025557.63,0
780,West India,Male,30,10,126149.29,2,1,1,465929.16,0
564,North India,Male,25,6,704852.76,2,1,0,966068.17,0
656,South India,Male,49,6,441270.85,2,0,0,2299056.7,0
584,South India,Female,52,4,0.0,2,1,0,408024.44,0
636,West India,Female,49,2,0.0,2,1,0,710228.82,1
799,North India,Female,41,9,0.0,1,0,0,1638022.87,0
592,North India,Male,39,3,1215912.44,1,1,0,564268.27,0
543,West India,Female,22,3,225769.83,2,0,0,760249.69,1
549,North India,Male,33,10,127534.72,1,1,0,616873.2,0
614,North India,Male,28,5,112366.78,2,0,1,729048.54,0
900,South India,Female,18,5,530758.08,1,1,1,516381.24,0
782,North India,Male,47,10,267988.98,2,1,1,531559.75,0
391,South India,Male,28,6,1269169.03,2,1,0,382143.98,1
646,West India,Male,49,7,2102146.03,1,0,1,1400949.12,0
593,South India,Male,45,8,186236.47,1,1,1,262365.79,0
738,South India,Male,42,7,0.0,1,1,1,400796.64,0
543,North India,Male,42,8,0.0,1,1,0,757639.96,0
556,West India,Male,29,8,0.0,2,1,0,483230.59,0
598,West India,Female,56,2,3001657.66,2,1,0,1859225.44,0
587,North India,Male,36,6,0.0,1,1,0,531379.14,0
708,North India,Female,39,2,877637.58,1,1,0,846983.08,1
619,West India,Male,28,4,0.0,1,1,1,687053.58,0
740,South India,Female,25,10,581253.02,2,1,0,605124.36,0
577,South India,Male,41,9,1624700.33,1,1,1,280103.65,0
727,South India,Female,38,8,173944.46,1,0,0,672793.28,0
545,North India,Female,27,10,473287.22,2,1,1,596375.71,0
705,North India,Male,20,7,193103.09,1,1,0,1693958.17,0
605,West India,Female,22,2,0.0,2,1,0,901446.19,0
730,South India,Female,49,5,1681406.34,1,1,0,152362.11,1
430,South India,Male,29,4,0.0,2,1,0,618486.27,0
579,North India,Female,32,10,138423.06,1,1,1,675915.05,0
755,North India,Female,51,9,3159521.25,2,1,1,1554859.68,0
631,North India,Male,23,3,0.0,1,1,0,342738.78,0
496,North India,Male,28,10,287035.64,1,1,0,345488.17,0
586,South India,Female,27,5,624686.19,2,1,0,672728.08,0
684,South India,Male,53,7,0.0,1,1,0,507095.95,0
577,North India,Female,57,7,1110394.82,1,1,0,586527.76,0
754,East India,Female,44,2,0.0,1,0,1,1411201.5,0
747,South India,Male,44,5,0.0,1,1,1,665053.44,0
710,West India,Male,29,0,0.0,1,1,1,357310.18,0
742,North India,Female,57,0,0.0,2,0,1,458616.81,0
603,North India,Male,38,10,320648.4,2,1,1,253819.09,0
783,South India,Male,45,0,957124.06,2,1,0,240287.43,0
746,North India,Female,34,10,1152598.81,2,1,1,318885.64,1
638,North India,Female,33,8,211594.39,1,0,1,392517.54,0
503,North India,Female,54,9,1819424.38,2,1,0,1775511.81,0
436,North India,Male,41,8,265283.14,1,0,1,421259.97,0
739,South India,Male,51,9,0.0,2,1,0,770193.14,0
505,West India,Female,38,4,2281710.58,2,1,1,776626.16,0
567,North India,Female,26,6,443559.91,1,0,1,605783.54,0
692,North India,Male,29,3,0.0,1,1,1,467081.13,0
533,West India,Female,37,1,338431.69,2,1,1,651485.89,0
869,North India,Male,29,10,504904.87,2,0,0,471143.18,0
671,West India,Male,23,5,328195.12,2,1,1,924673.29,0
783,East India,Male,49,1,0.0,1,0,1,321544.51,0
743,North India,Male,30,6,747045.51,1,0,1,713665.69,1
421,North India,Female,37,3,313552.89,2,1,0,1024440.65,0
717,East India,Male,39,3,163410.98,4,1,0,1007994.34,0
648,North India,Male,29,1,0.0,2,0,0,801232.58,1
644,North India,Female,51,8,238045.62,3,1,0,561069.05,0
647,South India,Female,23,2,324697.58,2,1,0,2464481.76,0
744,North India,Male,38,5,81742.92,1,1,0,465232.09,0
798,East India,Female,38,9,5315973.11,1,1,1,579288.03,0
542,North India,Female,35,8,135934.17,2,1,1,1583667.76,0
656,South India,Female,21,7,1519418.52,1,1,0,552080.99,0
776,South India,Female,45,8,840247.15,1,0,1,215060.33,1
631,South India,Male,44,6,416113.43,1,0,0,258896.6,0
668,South India,Male,28,8,0.0,1,1,1,1064464.42,0
669,East India,Female,43,9,591367.84,4,1,1,366892.32,0
840,West India,Female,40,8,628853.02,2,1,1,493431.75,0
717,North India,Male,21,4,599440.87,2,1,0,1199424.81,0
836,South India,Male,26,6,323747.21,2,1,1,747231.35,0
806,North India,Female,48,4,560653.95,1,0,1,684334.17,0
629,South India,Male,39,0,0.0,1,1,1,412882.66,0
677,North India,Male,29,6,195714.34,2,0,0,978673.31,0
834,West India,Male,26,8,329631.75,2,1,0,931108.14,0
547,North India,Male,30,4,0.0,1,1,0,1189350.58,0
718,West India,Male,31,3,0.0,2,1,0,593269.08,0
719,North India,Male,26,4,362647.58,1,1,1,362659.02,0
625,East India,Male,18,3,4187992.61,2,1,1,507494.62,0
615,South India,Female,48,8,224255.12,2,1,1,829663.24,0
628,West India,Female,46,10,186385.88,1,1,1,469171.33,0
713,South India,Female,21,9,232542.23,2,1,0,539102.87,0
782,East India,Female,37,7,0.0,2,1,0,813357.77,0
716,West India,Female,26,4,227041.04,1,1,0,1004629.93,1
536,West India,Male,33,10,336920.49,1,1,0,1506709.03,0
785,North India,Male,32,4,0.0,2,1,0,806245.31,0
757,South India,Male,31,4,723623.58,1,0,1,293332.31,0
627,North India,Male,58,6,159278.15,2,1,1,1172880.85,0
591,North India,Male,31,9,1330316.25,1,0,1,781906.28,0
568,West India,Female,27,6,693257.01,1,1,1,1181333.15,0
746,North India,Male,27,2,153999.05,4,1,0,1096584.08,1
480,South India,Male,47,0,301517.85,2,0,1,2066921.74,0
748,North India,Female,18,7,0.0,2,0,0,886849.46,0
609,North India,Male,27,10,411652.91,2,1,1,498508.57,0
675,North India,Female,51,9,0.0,1,1,1,468883.03,0
342,North India,Male,38,3,101853.37,2,0,1,289690.91,0
490,North India,Male,38,3,967002.12,1,1,1,574940.55,0
588,South India,Female,59,10,560846.04,1,0,1,1619017.33,0
567,North India,Female,38,8,0.0,1,1,0,360399.23,0
718,East India,Male,28,6,0.0,1,0,1,3113238.79,0
677,East India,Female,32,10,575270.64,1,0,0,862982.51,0
824,North India,Female,23,6,0.0,1,1,0,683537.62,0
696,North India,Male,49,10,99426.03,1,0,0,1243455.64,0
591,North India,Female,42,7,2186483.78,1,0,0,369539.55,1
760,East India,Female,48,0,0.0,2,1,1,323315.24,0
608,South India,Male,49,8,410676.95,1,0,1,1067688.45,0
603,South India,Female,31,10,0.0,1,1,1,737911.84,0
650,West India,Female,25,0,1484545.63,1,1,1,1483346.17,0
795,East India,Male,35,9,705861.56,1,0,1,1172008.89,0
744,West India,Female,26,10,0.0,2,1,0,535353.36,0
741,West India,Female,37,4,299298.8,2,0,1,1074780.74,0
826,West India,Male,48,8,500478.1,2,1,1,680126.94,0
739,West India,Female,34,2,0.0,1,1,1,697627.77,1
539,South India,Male,37,1,0.0,2,0,1,957536.59,0
698,East India,Male,34,1,525514.44,1,0,1,2013427.1,0
796,West India,Female,44,6,0.0,1,1,0,454384.26,0
513,South India,Male,28,4,0.0,1,0,0,450997.41,1
648,South India,Female,18,7,365794.27,1,1,0,819008.69,0
553,West India,Male,41,4,1767467.11,1,0,1,786300.29,0
661,South India,Male,46,1,608578.0,2,1,0,619981.29,0
752,West India,Female,40,6,235740.08,1,0,1,870134.37,0
770,North India,Female,28,6,0.0,1,1,0,1481322.63,0
633,East India,Female,23,1,537884.33,1,0,0,977239.45,0
709,North India,Female,41,5,229938.04,1,1,0,1133532.51,0
514,North India,Male,37,10,2723657.95,2,1,0,450781.14,1
492,West India,Female,34,4,141428.73,1,1,0,295393.8,0
750,North India,Male,56,3,539002.6,2,1,0,1266475.82,1
377,West India,Male,25,9,353697.61,2,1,0,564496.26,0
588,North India,Male,55,7,223867.54,2,0,0,479896.02,1
710,East India,Female,36,7,358505.91,2,0,1,545165.6,0
669,North India,Male,18,4,81949.1,1,1,0,406635.18,0
394,North India,Male,34,10,671784.95,2,1,0,482465.45,0
697,East India,Male,46,3,476852.27,1,1,0,467768.42,0
572,North India,Male,31,8,427578.65,1,1,1,590573.57,0
660,East India,Female,19,10,2223878.57,2,1,0,405709.61,0
593,West India,Male,34,4,609091.28,3,0,1,2489713.95,1
587,North India,Male,26,3,1929105.1,2,0,0,610984.28,0
488,South India,Male,41,1,588794.11,4,0,0,1229642.58,0
617,North India,Male,44,5,215024.51,2,1,0,380726.3,0
761,North India,Male,24,4,211578.1,2,1,0,481003.43,0
611,South India,Male,28,5,616561.32,2,1,0,550416.44,0
616,South India,Female,44,0,0.0,1,0,0,487876.0,0
586,East India,Male,26,5,215303.22,2,0,1,854706.5,0
534,North India,Female,24,4,743548.03,2,0,1,789084.68,0
560,North India,Female,23,6,542812.84,1,0,0,362495.1,1
669,South India,Male,39,0,0.0,2,0,0,1120822.91,0
871,North India,Male,39,2,0.0,2,0,0,530255.99,0
737,West India,Female,28,1,1396689.52,2,1,0,817198.04,0
705,South India,Male,36,5,0.0,2,0,1,1212817.93,0
829,East India,Male,52,0,1262300.75,3,0,1,1816403.16,0
692,South India,Male,25,10,658245.28,1,1,1,854457.68,0
746,South India,Female,18,2,0.0,1,1,0,346569.46,0
669,West India,Female,41,10,747823.37,2,1,0,526022.6,0
690,West India,Male,34,10,0.0,1,0,0,422063.88,0
523,West India,Male,28,3,0.0,2,0,0,677571.04,0
622,North India,Male,43,5,129634.21,1,0,0,636405.9,0
599,South India,Male,45,4,902236.8,2,0,1,1306531.8,0
594,South India,Male,18,4,0.0,2,0,1,150595.75,0
589,South India,Female,28,4,522273.5,1,1,1,653880.9,0
778,North India,Male,61,0,107002.48,1,1,1,503171.25,0
616,West India,Male,42,7,840443.95,2,1,1,513813.04,1
636,North India,Male,43,9,0.0,1,0,0,540843.73,0
853,North India,Male,48,1,1002301.9,2,0,0,1459110.58,0
719,North India,Female,36,5,652424.27,2,1,1,1131383.44,0
650,North India,Male,44,6,1627063.93,2,1,1,598586.66,0
745,North India,Male,43,9,412734.59,1,1,1,441756.08,0
589,West India,Male,41,9,0.0,1,1,1,1085335.08,0
611,East India,Male,32,3,70815.22,1,1,0,279177.79,0
617,South India,Female,37,7,170256.94,1,0,0,750977.1,0
672,North India,Male,29,0,201087.17,2,1,0,717513.32,0
692,West India,Male,36,8,0.0,2,1,0,824012.02,1
564,North India,Male,23,3,0.0,2,1,1,871438.51,0
686,North India,Female,27,9,1572937.17,2,1,1,605471.78,0
704,North India,Female,32,8,0.0,2,1,1,521418.17,0
607,South India,Female,25,1,307806.06,1,1,0,1174007.88,0
635,West India,Male,30,9,315090.93,2,0,1,367895.47,0
547,East India,Female,34,10,3669942.78,2,0,0,846411.0,0
514,South India,Male,40,7,714275.19,2,0,0,303658.3,0
546,South India,Male,46,4,801693.94,1,1,1,1261976.31,0
714,North India,Female,30,6,470476.37,2,1,0,2233503.76,0
697,South India,Male,50,4,0.0,1,1,1,404771.9,0
823,East India,Male,46,5,1778723.33,2,1,0,744309.44,0
653,South India,Male,41,6,366052.31,1,1,0,1920867.71,0
654,North India,Male,37,8,1005779.86,1,1,1,744400.82,0
680,North India,Male,39,5,0.0,1,0,1,859160.5,0
553,South India,Female,49,0,5687514.51,2,1,1,1296444.87,1
731,South India,Male,49,0,1090092.25,1,1,0,746573.54,0
684,South India,Female,50,0,351212.08,2,1,1,253012.09,0
564,West India,Female,36,9,165968.88,1,1,1,1112661.95,0
683,South India,Male,42,4,382670.0,1,1,0,1721992.39,0
718,West India,Male,50,5,711073.29,1,1,0,686775.6,0
530,West India,Female,29,5,271826.62,2,1,1,284751.34,0
745,West India,Female,32,8,0.0,1,1,1,446204.81,0
609,North India,Male,36,9,1518414.47,2,1,0,1327132.5,0
373,South India,Male,45,0,0.0,2,0,1,363986.68,0
737,West India,Female,46,2,131599.95,2,0,1,239921.21,1
770,North India,Male,33,3,329255.61,3,1,0,2756973.25,0
548,West India,Female,19,8,428932.86,1,0,0,731581.61,0
499,North India,Male,38,0,0.0,1,1,0,1131022.78,0
769,West India,Female,25,7,2324100.16,2,0,1,1140226.93,0
594,North India,Male,19,2,0.0,1,0,1,1363695.31,0
771,West India,Female,22,7,7548600.43,1,1,0,495133.23,1
488,North India,Female,39,1,0.0,1,0,1,507942.86,0
776,South India,Male,50,5,0.0,1,1,0,485906.55,0
746,North India,Female,36,1,219356.52,2,1,0,436829.93,0
698,North India,Male,38,6,284732.37,2,0,1,597475.81,0
469,East India,Male,49,5,202239.98,1,1,0,675904.3,0
617,North India,Female,19,10,194118.52,1,0,0,627070.54,0
740,South India,Male,41,6,250796.32,1,1,0,439670.49,0
498,West India,Male,35,8,237099.56,1,0,1,571615.56,0
602,North India,Male,42,9,0.0,2,0,0,478682.03,0
685,North India,Male,30,8,521187.98,2,0,1,1594205.17,0
545,North India,Female,27,5,6167288.28,1,1,1,1432203.75,1
767,South India,Male,37,10,551875.23,3,1,1,463623.35,0
749,East India,Male,54,7,2133305.53,3,1,1,399463.76,0
671,West India,Male,45,9,1357579.72,1,1,1,472910.55,1
689,East India,Male,30,5,0.0,1,1,1,263844.33,0
601,South India,Male,21,9,0.0,3,1,0,688250.19,1
703,East India,Female,18,1,0.0,2,0,0,611881.07,0
596,North India,Male,50,4,808870.54,1,0,1,364049.91,0
632,South India,Male,25,10,651293.54,1,1,1,260396.92,0
605,South India,Female,32,10,1136704.68,2,0,0,177573.15,0
779,North India,Male,50,4,0.0,2,0,1,1003584.28,0
758,West India,Male,18,10,399133.68,1,1,0,1312131.31,0
559,North India,Female,52,3,63160.18,2,1,1,727593.65,0
770,West India,Male,33,8,4345584.39,1,1,0,645231.45,0
578,South India,Male,23,1,123630.07,1,1,0,469866.36,0
816,North India,Male,33,6,308023.77,2,1,1,2310167.98,0
791,North India,Male,28,5,622134.86,3,0,1,589480.22,0
847,North India,Male,40,2,2762629.95,2,1,0,653098.5,0
676,East India,Female,28,6,0.0,2,1,1,853341.61,0
624,West India,Male,18,7,0.0,2,1,1,2419953.85,0
622,South India,Female,33,3,0.0,1,1,1,2790760.33,0
683,North India,Female,21,7,503012.39,2,1,1,496322.93,0
558,South India,Female,38,5,0.0,1,1,0,1124408.8,0
433,North India,Male,22,4,277113.73,2,1,1,596654.57,1
614,West India,Male,30,7,216262.7,2,0,0,872135.6,0
653,North India,Male,38,5,0.0,1,0,1,425696.67,0
699,South India,Female,33,9,1588212.5,2,1,1,633780.81,0
685,West India,Male,38,7,978909.1,2,1,0,377802.29,0
662,South India,Female,43,5,283732.55,1,1,0,579426.48,0
755,South India,Female,23,3,239242.92,2,1,1,553597.96,0
571,West India,Female,35,1,0.0,2,1,0,963437.05,0
589,North India,Male,18,2,1983211.34,2,1,0,1134447.28,1
839,South India,Female,38,6,0.0,2,1,0,1034366.66,0
363,West India,Male,32,10,349778.63,1,1,0,572280.9,0
750,South India,Female,25,10,426865.2,1,1,0,347140.46,0
700,North India,Male,39,5,791435.67,2,1,0,579326.45,0
649,North India,Female,48,5,0.0,1,1,1,258660.18,0
730,East India,Female,30,8,275535.33,2,1,0,723924.42,0
714,South India,Male,25,4,0.0,2,1,1,560280.04,0
518,North India,Male,37,10,216993.52,1,1,0,833442.12,0
562,North India,Male,21,8,423139.59,2,1,1,845850.43,0
606,North India,Male,28,0,235212.42,1,1,1,795860.43,0
459,North India,Female,49,2,533750.72,2,1,0,406209.74,0
649,South India,Male,36,4,817014.25,3,0,0,319707.8,1
707,North India,Male,18,6,826778.79,1,1,1,609722.42,0
754,West India,Female,18,4,451872.69,1,1,1,610861.64,0
657,West India,Male,37,3,6054609.79,1,1,1,693038.51,0
582,South India,Female,45,4,0.0,1,1,0,462488.39,0
670,West India,Male,18,0,0.0,1,1,1,640247.65,0
642,South India,Male,40,10,0.0,2,0,1,225239.14,0
720,South India,Male,50,4,195729.0,1,1,0,619389.82,0
645,North India,Male,56,8,0.0,2,1,1,1073546.49,0
730,North India,Male,39,2,2753275.74,1,1,0,1767127.5,1
626,North India,Male,41,9,396836.43,2,1,0,683574.73,0
766,North India,Male,18,5,117856.95,2,1,0,547807.34,0
665,West India,Male,59,8,0.0,2,1,1,833562.23,0
596,North India,Female,29,5,388494.52,2,0,1,830133.49,0
620,North India,Male,25,9,816570.33,2,0,0,499445.55,0
715,East India,Female,33,5,0.0,1,0,0,816452.53,0
535,West India,Female,52,5,732987.23,2,0,1,295311.55,0
638,South India,Female,60,6,0.0,2,1,1,263428.3,0
746,North India,Female,37,5,0.0,2,0,0,572506.71,0
696,West India,Female,46,7,0.0,2,1,1,244334.22,0
546,North India,Male,36,1,1079548.19,1,0,0,353703.04,0
678,South India,Male,24,7,579510.26,1,1,0,586347.1,1
529,West India,Male,52,3,362481.09,1,1,0,928870.49,0
666,South India,Female,29,1,764386.81,1,1,1,688555.31,0
774,East India,Female,52,8,214265.82,1,0,0,1529782.43,0
656,North India,Male,50,4,935386.59,2,1,0,448020.31,0
548,West India,Male,42,2,2880531.07,1,0,0,182642.4,1
632,South India,Female,56,2,74341.58,2,0,1,1050080.76,0
667,South India,Male,60,8,1226949.41,2,1,1,686056.62,0
748,East India,Male,34,4,0.0,1,1,1,622216.07,0
747,South India,Male,27,9,388900.17,2,1,1,2117289.05,0
551,West India,Female,18,6,1814263.88,1,1,1,324792.88,0
620,North India,Male,60,1,613099.82,2,1,1,832737.39,0
685,West India,Male,31,5,0.0,1,0,0,1086484.32,0
595,West India,Male,48,0,0.0,2,1,0,935705.8,1
694,East India,Male,27,7,278644.7,2,1,0,433865.89,0
528,East India,Male,52,0,1072145.8,2,1,1,1252397.38,0
673,North India,Male,28,10,0.0,1,1,0,626199.82,0
742,South India,Male,22,2,656974.91,2,0,0,687722.52,0
654,East India,Male,33,5,123021.37,1,0,0,421169.13,0
665,South India,Male,30,7,1294671.03,1,1,1,432668.44,0
725,South India,Male,42,10,327580.97,3,1,1,615197.74,0
610,North India,Female,35,9,0.0,1,1,0,700176.42,0
705,South India,Male,42,0,647085.83,2,0,1,573194.15,0
647,West India,Male,32,9,0.0,3,1,0,372416.97,1
568,West India,Female,28,3,172355.95,3,1,1,433686.81,0
731,South India,Male,29,2,300944.77,1,1,1,527575.55,0
776,North India,Male,58,10,168221.02,1,0,0,423946.95,0
754,South India,Male,38,0,413215.44,2,1,0,162852.02,0
731,East India,Female,18,4,0.0,1,0,1,459152.3,0
695,South India,Female,30,7,449673.38,2,1,1,778582.74,0
682,East India,Male,37,6,494168.1,1,0,0,1583338.61,0
641,South India,Female,56,2,0.0,1,1,1,926126.42,0
590,West India,Male,47,4,0.0,3,0,1,539376.66,1
464,West India,Female,25,4,104226.45,1,1,1,604232.11,0
508,East India,Male,62,7,1506835.49,2,0,1,417111.97,0
651,West India,Female,35,5,0.0,2,1,0,437218.21,0
535,North India,Male,49,2,189442.15,2,1,1,705040.01,0
687,East India,Male,23,6,859186.04,2,1,1,356965.79,0
807,West India,Male,18,0,444097.79,1,1,1,1282852.17,0
359,North India,Female,20,1,0.0,2,1,1,334685.6,0
562,North India,Female,18,6,765868.58,1,1,0,736219.23,0
846,South India,Male,59,1,0.0,3,1,0,777834.33,0
725,West India,Female,38,1,554694.5,1,1,1,704002.71,0
639,South India,Female,25,9,478951.51,1,1,0,676591.72,0
602,South India,Female,40,6,195189.51,1,0,0,239693.92,0
702,North India,Male,38,9,1005440.51,4,0,1,920112.97,0
738,South India,Male,42,3,216783.64,2,0,1,1518121.86,0
535,North India,Male,49,8,1831254.46,2,1,0,407402.84,0
784,South India,Male,32,6,706238.92,2,1,1,634190.91,0
685,East India,Female,26,9,516956.66,2,1,1,1530791.39,0
734,West India,Female,45,9,62590.22,1,1,0,671261.43,0
742,North India,Female,44,5,628949.42,1,1,0,1190978.18,0
678,South India,Male,37,3,110456.13,1,0,1,474810.04,0
690,South India,Female,59,7,892960.25,2,1,1,1147970.78,0
696,North India,Male,31,4,795028.77,2,0,0,606434.68,0
617,East India,Female,26,7,707453.8,2,1,1,1141607.51,0
708,South India,Male,40,7,1647419.38,3,1,1,1399149.8,0
626,South India,Female,28,10,253326.32,2,0,1,1164334.05,0
650,South India,Female,41,8,355372.25,1,0,0,666952.72,0
790,North India,Female,26,10,1563626.8,1,1,1,440783.35,0
646,North India,Male,31,8,0.0,2,1,1,671970.2,0
687,North India,Male,56,6,650218.14,2,1,1,778027.01,0
634,South India,Male,31,9,0.0,1,1,0,485172.46,0
617,North India,Male,27,6,0.0,1,1,0,297635.7,0
823,East India,Female,48,5,0.0,2,1,1,418064.03,0
518,West India,Female,24,8,483338.86,2,1,0,464851.05,0
654,West India,Male,28,7,5157401.11,2,0,1,985720.53,0
541,West India,Male,42,0,104553.64,3,1,1,630555.81,1
762,West India,Female,46,7,202821.77,1,1,1,508099.97,0
644,North India,Male,49,1,5143209.84,1,1,1,2040639.88,0
607,South India,Male,27,8,0.0,1,1,0,634343.38,0
484,North India,Female,42,5,1013802.59,1,1,0,599256.32,0
791,North India,Female,30,4,179263.6,1,0,0,384873.23,0
530,South India,Male,29,6,58072.53,2,1,1,1858555.22,0
693,South India,Male,49,10,150609.06,2,0,0,504553.01,0
733,North India,Male,29,3,441481.09,1,0,0,421630.66,0
845,South India,Female,39,8,0.0,2,1,1,487095.5,0
600,North India,Male,37,9,0.0,1,1,0,417232.99,0
573,West India,Male,24,7,604785.29,1,1,0,678102.2,1
611,East India,Female,46,0,0.0,2,1,0,993377.62,0
597,West India,Female,42,0,155591.18,2,1,1,453501.48,0
480,West India,Female,18,2,0.0,1,0,0,312089.72,1
797,South India,Male,39,7,259502.99,1,1,0,387073.24,0
612,North India,Male,27,7,33246.01,2,0,0,546185.68,0
635,West India,Female,48,1,0.0,1,1,1,469934.26,0
706,North India,Female,20,0,130198.35,1,1,1,651388.45,0
774,South India,Female,32,3,2603732.15,1,1,0,995926.7,0
545,West India,Female,39,1,0.0,2,0,1,253210.75,0
682,East India,Female,36,4,0.0,2,0,1,475050.48,0
540,South India,Male,44,6,522364.18,1,0,0,1098527.78,0
680,East India,Male,19,9,0.0,1,1,1,601515.09,0
676,South India,Male,54,10,1160362.21,1,1,0,579659.27,0
607,North India,Female,41,9,643862.21,1,0,0,1975415.58,0
671,South India,Male,50,4,1253290.74,2,1,1,445330.77,0
672,West India,Female,45,0,77792.43,2,0,1,654868.27,0
642,South India,Male,35,9,566538.15,1,1,1,626461.42,0
631,West India,Female,21,4,1198191.89,2,0,0,560705.92,1
527,South India,Male,29,5,339675.08,2,1,0,428430.95,0
551,South India,Male,53,8,1206830.93,2,1,0,700217.89,1
594,North India,Female,51,0,585236.28,2,1,0,774884.83,0
559,North India,Male,29,2,390441.47,2,1,0,2313009.11,0
598,North India,Male,18,10,1392969.75,2,0,0,615402.09,0
643,South India,Male,33,4,291779.59,2,1,1,398857.57,0
657,West India,Female,32,0,1573854.9,1,1,0,1840093.44,1
700,West India,Female,33,6,362622.1,2,0,1,412690.89,0
664,North India,Female,41,0,1137755.02,2,1,1,958818.69,0
660,South India,Female,45,9,127526.83,1,1,0,548367.46,0
698,South India,Female,46,9,1432259.79,2,0,0,1117468.21,0
567,South India,Male,40,2,179141.79,2,0,1,464471.36,0
575,South India,Male,18,10,0.0,1,1,1,854734.06,0
616,North India,Male,32,0,0.0,2,1,1,380478.09,0
587,East India,Female,61,8,207278.46,1,0,1,147080.71,0
492,East India,Female,40,6,353816.15,1,0,0,639756.13,0
701,North India,Male,40,9,311269.48,1,1,1,420821.77,0
560,West India,Male,39,8,0.0,1,0,0,321281.9,1
813,North India,Male,40,8,1468294.11,4,1,1,462006.4,0
664,North India,Male,18,10,295587.31,1,0,1,1185296.96,0
514,East India,Female,33,10,1540573.82,2,1,1,670959.43,0
710,West India,Male,35,8,553010.76,3,1,0,1349743.98,0
652,North India,Female,50,9,208963.92,1,1,1,339767.81,0
676,West India,Male,36,4,1455298.99,1,1,0,804674.02,1
605,West India,Female,18,6,0.0,1,0,0,497501.31,0
566,West India,Male,40,5,842615.07,2,0,0,181417.9,0
518,North India,Male,27,5,0.0,2,1,0,134230.21,0
534,West India,Female,22,2,511688.71,2,1,1,853563.48,0
526,West India,Male,26,9,924862.82,1,0,1,897233.99,0
617,South India,Male,41,5,927028.75,2,1,0,472517.57,0
645,South India,Male,49,9,1006374.54,1,1,1,135140.49,1
510,North India,Female,41,5,635752.3,1,0,0,989797.91,0
731,North India,Female,42,4,0.0,2,0,0,675514.94,0
662,South India,Male,41,3,319243.84,1,0,0,822880.69,0
868,West India,Female,37,9,279851.39,2,1,1,932512.56,0
613,West India,Male,43,4,0.0,1,0,0,770165.48,0
850,South India,Male,18,6,0.0,2,1,0,1256532.03,0
717,West India,Male,37,3,1480482.47,1,1,0,750651.85,0
473,West India,Female,24,8,336467.47,4,0,0,1186162.24,1
542,South India,Male,48,3,981465.76,2,1,0,497869.93,0
678,North India,Female,34,8,1226653.12,1,1,0,740192.96,0
492,North India,Male,36,9,0.0,1,0,0,1113216.2,0
569,North India,Female,19,8,0.0,2,1,0,623243.66,0
506,North India,Female,47,6,955490.62,1,0,1,1512792.26,0
842,North India,Male,42,6,468017.65,1,1,0,792002.31,0
748,West India,Female,42,9,127837.45,1,0,1,655015.14,0
619,North India,Male,27,0,1707649.72,2,0,0,428217.67,0
786,South India,Male,27,1,1340765.81,1,0,1,1156332.64,0
763,East India,Male,38,2,504831.6,2,0,1,629837.77,0
767,West India,Female,28,2,1026873.54,2,1,0,877136.72,0
599,West India,Male,40,2,2202773.35,1,1,0,573658.77,1
622,North India,Male,18,8,833959.7,1,1,0,343838.84,0
551,South India,Female,30,10,11002605.78,2,1,0,540203.13,1
639,South India,Male,55,1,0.0,1,1,1,533927.62,0
576,South India,Male,40,0,435354.25,1,1,1,1076917.91,0
553,South India,Female,37,0,962363.54,1,1,0,356589.23,0
751,South India,Male,57,5,712311.61,2,1,1,328389.12,0
710,East India,Male,18,6,1225191.09,2,1,1,580323.15,0
570,North India,Female,27,1,361029.91,2,0,1,739935.48,1
735,North India,Male,31,1,58255.49,1,1,1,1256221.59,0
677,South India,Male,45,7,1088744.51,1,0,1,433059.83,0
621,South India,Male,45,6,605068.19,1,0,0,1587689.15,1
793,North India,Female,26,3,1092483.49,2,1,0,579398.19,0
677,West India,Male,46,6,229524.18,1,1,1,793754.69,0
809,South India,Male,31,3,1110280.04,2,0,1,648833.38,0
700,South India,Male,49,4,285205.34,1,0,0,638118.48,0
708,West India,Male,24,10,431739.58,1,1,0,776364.12,0
553,West India,Female,34,10,692612.17,2,1,0,931674.4,0
599,East India,Male,30,7,205157.5,3,1,0,482200.68,0
781,North India,Female,47,10,318811.27,2,0,0,418545.59,1
754,North India,Male,30,10,119460.89,1,1,1,794145.8,0
617,North India,Male,35,3,2063270.2,2,1,1,339063.8,0
528,West India,Male,41,10,0.0,2,1,0,1076289.85,0
799,South India,Male,41,6,0.0,3,0,0,1092029.88,1
745,West India,Male,45,1,980486.39,1,1,0,223311.02,0
547,East India,Female,38,1,0.0,1,1,0,1757740.24,0
546,South India,Female,31,8,190140.95,2,0,1,914155.54,1
815,North India,Male,32,9,925859.34,3,0,0,318122.53,0
604,South India,Female,36,7,4791342.89,1,1,1,825697.5,0
605,North India,Female,38,2,605100.24,4,0,0,315073.82,1
588,West India,Male,34,6,357436.79,1,1,1,839819.02,1
681,North India,Male,36,0,3579616.84,2,1,1,663863.69,0
523,South India,Female,19,3,0.0,2,0,0,448813.29,0
671,North India,Male,43,3,0.0,2,1,0,479106.83,0
523,North India,Female,37,7,0.0,1,1,1,904613.05,0
524,North India,Female,47,3,2707244.07,2,0,1,696421.51,0
527,South India,Male,36,10,0.0,2,1,0,1235696.08,0
530,North India,Female,18,8,765836.2,4,0,1,818654.38,0
715,South India,Male,32,9,678578.53,2,1,0,212550.79,0
715,West India,Male,33,6,330861.75,2,0,1,160172.28,0
635,East India,Male,44,9,91487.1,2,1,0,416123.85,0
593,West India,Male,18,10,556307.08,2,1,0,398024.56,0
774,South India,Male,36,4,1147724.87,1,1,1,294935.71,0
712,West India,Male,41,7,596219.47,2,1,1,1052648.51,0
543,South India,Female,28,3,446948.52,1,1,0,1099970.23,1
681,South India,Male,36,9,1206170.6,4,0,1,1185479.39,0
676,South India,Male,29,10,622100.76,2,1,1,205445.07,0
714,North India,Male,27,5,2304127.3,2,1,1,783824.51,0
897,West India,Male,31,4,150470.35,1,1,1,417763.29,0
576,North India,Male,28,9,2946749.51,1,1,1,1112997.62,0
699,South India,Female,43,2,770619.73,1,0,0,847587.81,0
784,South India,Male,27,7,1382781.68,2,0,0,321399.46,1
804,West India,Female,26,5,232192.23,1,0,0,1010224.83,1
666,North India,Male,55,3,0.0,3,0,1,400784.52,0
532,South India,Female,46,0,420087.55,2,1,0,417961.58,1
488,West India,Male,18,9,0.0,2,1,0,480666.56,0
724,North India,Male,27,0,1152905.94,2,0,0,772985.25,0
680,East India,Female,38,2,0.0,1,1,1,707295.21,0
661,West India,Male,39,7,1595569.89,1,1,1,773910.29,0
675,South India,Female,19,7,0.0,1,1,1,1178201.51,0
738,West India,Female,48,1,0.0,1,1,1,245149.35,0
699,East India,Male,45,10,4032271.43,1,1,0,1288944.94,0
684,South India,Female,41,0,344381.58,2,0,0,286862.49,1
596,North India,Female,50,4,1086414.14,1,1,1,178039.19,1
743,West India,Male,40,0,0.0,2,1,1,1100268.24,0
598,North India,Male,40,7,0.0,1,1,1,791063.3,0
737,North India,Male,53,8,96862.31,2,0,1,1437607.03,0
614,West India,Male,48,1,0.0,1,0,1,1349024.23,0
703,North India,Male,26,10,635225.63,2,1,1,382439.05,0
808,West India,Female,42,3,298614.2,1,1,0,1267226.46,0
709,South India,Female,28,5,0.0,2,0,0,708919.99,0
777,West India,Female,41,6,0.0,1,0,0,313145.57,0
616,North India,Female,41,4,0.0,1,1,1,311418.11,0
658,South India,Male,20,0,952860.5,2,0,0,988552.55,0
618,North India,Male,34,6,585475.99,2,1,0,571055.94,0
500,North India,Female,38,6,0.0,1,1,1,1389408.39,0
746,North India,Male,31,4,0.0,1,1,1,800714.04,0
701,North India,Female,39,1,0.0,2,1,0,275363.48,0
694,East India,Male,44,1,0.0,1,1,1,680359.98,0
760,South India,Male,35,8,0.0,2,1,0,1031065.44,0
547,South India,Male,38,8,206330.23,3,1,1,729995.7,0
526,South India,Male,51,10,231537.43,2,1,0,321167.38,0
761,East India,Male,41,3,623009.19,2,1,1,798565.09,0
643,West India,Male,38,3,1480576.62,1,1,0,288480.66,1
669,West India,Male,25,6,0.0,2,1,1,1010000.94,0
517,North India,Male,43,4,0.0,1,0,0,1124101.91,0
782,South India,Male,39,0,0.0,1,1,1,2317872.06,0
710,North India,Male,50,4,2148029.76,1,1,1,710826.44,0
598,West India,Female,36,3,620910.41,1,1,1,173597.39,0
837,North India,Male,18,2,371677.52,1,0,0,523642.18,0
527,West India,Male,18,0,273351.21,2,0,0,660846.61,1
620,North India,Female,44,8,353009.21,1,0,1,1044008.11,0
738,South India,Female,29,3,0.0,1,0,0,310835.97,0
753,South India,Male,40,2,252322.98,2,0,1,243255.08,0
515,North India,Male,37,7,339932.03,1,1,1,952674.75,1
624,North India,Male,34,6,0.0,2,1,1,528288.63,1
717,North India,Male,34,5,1152794.54,1,0,1,505861.81,0
782,South India,Female,26,10,207437.39,2,1,1,320933.59,0
775,West India,Female,35,5,1610389.0,2,1,0,1917040.65,0
713,South India,Female,29,1,0.0,3,1,0,894283.81,1
658,South India,Female,31,8,2798672.67,1,1,0,494044.5,0
633,South India,Male,32,0,224201.12,2,0,0,1036265.07,1
694,South India,Female,33,3,2899164.86,2,1,1,373900.2,1
779,North India,Male,46,3,129394.25,2,1,0,569904.88,0
630,South India,Male,34,10,381484.26,2,1,1,327672.88,0
625,North India,Female,47,8,0.0,1,0,0,2283258.93,0
753,South India,Male,52,2,113926.9,2,1,0,270432.66,0
745,West India,Male,45,8,305893.8,2,1,1,421226.15,0
605,South India,Female,41,1,196394.46,2,0,0,401671.69,0
531,North India,Male,39,0,0.0,2,1,0,762940.17,1
495,North India,Male,45,6,0.0,2,1,0,892149.86,0
661,North India,Male,36,1,0.0,1,1,0,1459857.65,0
550,South India,Female,46,0,717799.63,2,1,1,856734.14,1
730,South India,Male,42,10,88717.14,1,1,1,369219.1,0
495,North India,Male,32,8,1310164.49,2,1,0,549303.56,0
795,West India,Male,45,7,347235.2,3,1,1,256437.97,0
619,South India,Female,37,2,235489.11,2,0,0,680481.7,0
578,West India,Female,34,1,750194.53,1,1,0,314161.06,0
601,South India,Male,30,0,278029.15,2,0,0,779061.48,0
572,South India,Male,37,9,215340.81,2,0,0,1005610.01,0
786,East India,Male,46,3,138695.71,2,1,1,532863.32,0
710,North India,Male,45,5,1229416.38,2,0,1,740722.54,0
658,North India,Male,39,10,95925.54,2,0,1,692206.44,0
541,West India,Male,42,1,189761.85,1,1,0,633956.75,0
645,South India,Female,49,5,0.0,2,0,0,362543.18,0
580,East India,Female,34,4,563021.22,1,0,0,246870.47,0
413,North India,Male,23,0,0.0,1,1,1,823878.75,1
587,North India,Male,50,9,0.0,1,0,1,332062.32,0
704,South India,Female,30,6,1141997.54,2,0,0,282862.6,0
611,North India,Female,28,6,0.0,2,1,1,432868.66,0
636,North India,Male,18,4,1320665.0,3,1,0,217142.27,0
743,East India,Male,42,3,0.0,2,1,0,927946.47,0
727,North India,Male,18,1,3459796.42,1,0,0,1086171.39,0
826,South India,Male,27,6,251279.48,1,1,1,1318111.43,0
452,North India,Female,42,7,0.0,1,1,1,838719.28,1
574,North India,Male,43,8,0.0,2,0,0,672446.99,0
731,North India,Male,28,5,350941.25,2,1,0,1046428.78,0
688,North India,Male,34,10,0.0,1,1,0,670099.74,0
658,North India,Female,26,1,0.0,1,1,0,1062611.49,0
595,East India,Male,29,0,406947.79,2,1,0,1245868.73,0
670,West India,Male,38,1,213071.36,1,1,1,536986.24,0
665,West India,Female,30,2,885846.04,2,1,0,437820.69,1
483,North India,Female,33,0,496539.17,2,1,1,802911.38,0
669,North India,Female,19,4,578715.02,2,1,0,346845.22,0
603,South India,Male,48,6,467937.63,1,1,0,687513.27,0
725,West India,Female,41,8,3131567.17,2,0,1,720292.58,1
681,South India,Female,44,5,0.0,3,0,1,703620.04,0
826,South India,Female,50,7,643449.53,2,1,1,1310226.41,0
649,South India,Male,26,1,269605.84,4,1,1,1269968.25,0
551,North India,Male,32,4,0.0,1,1,1,2156526.8,0
426,West India,Female,18,10,0.0,3,1,0,518006.56,0
565,North India,Female,70,8,140434.88,2,1,1,222412.48,0
683,North India,Female,34,6,153839.07,1,1,0,779590.99,0
706,West India,Female,47,6,626030.47,1,1,0,803176.41,0
595,North India,Male,22,2,0.0,3,1,1,792316.5,0
611,West India,Male,46,2,0.0,1,0,0,1230147.96,0
656,West India,Female,56,1,1423813.97,2,0,0,525259.26,1
684,North India,Female,35,8,335590.91,1,1,1,439128.77,0
741,South India,Female,24,3,4273789.79,1,1,1,398843.01,0
597,South India,Female,34,8,729428.17,2,1,0,355574.08,0
583,North India,Male,18,3,814156.61,1,1,1,259994.29,0
832,West India,Male,35,7,330562.73,1,0,0,343887.82,1
810,South India,Female,45,0,172611.36,1,1,1,1479795.41,0
602,South India,Male,35,0,244040.02,2,1,0,680304.53,0
752,West India,Female,32,5,2554734.14,1,0,1,961731.19,0
848,North India,Female,41,5,1079442.63,4,0,1,598419.67,0
768,West India,Male,42,6,730267.6,2,1,1,401121.52,0
581,West India,Female,18,6,0.0,2,1,1,325281.12,0
659,North India,Male,36,9,2812737.98,2,0,0,783514.2,0
492,East India,Female,62,2,684142.04,2,1,1,839397.64,1
563,North India,Male,21,8,634915.08,1,0,0,643527.65,0
648,West India,Female,35,8,1413300.68,3,1,0,945918.69,0
669,West India,Female,57,2,366751.59,1,1,0,618126.07,1
587,South India,Male,48,6,333899.3,1,1,0,632984.68,0
402,North India,Female,30,3,1787271.89,1,1,1,438624.83,0
667,North India,Female,38,5,773891.19,1,0,0,480808.58,0
715,North India,Female,35,5,0.0,1,1,0,444943.09,1
718,South India,Female,27,4,250511.47,2,0,0,696581.12,1
631,North India,Male,35,5,193411.44,3,1,1,402727.6,0
637,South India,Male,32,6,0.0,2,1,0,1117732.63,0
672,North India,Male,37,1,1028015.95,1,1,0,514980.77,0
686,North India,Female,27,10,793945.46,1,1,0,523286.35,0
641,South India,Male,21,6,0.0,2,1,0,698718.35,0
440,South India,Male,35,6,1463110.36,2,0,1,1904271.98,0
775,West India,Male,54,6,284262.95,2,1,1,369281.85,1
608,North India,Male,36,9,725654.27,1,0,1,538434.86,0
539,North India,Female,32,4,0.0,1,0,0,1635839.48,1
614,East India,Male,44,2,0.0,1,0,1,2279407.2,0
660,North India,Female,34,4,0.0,2,1,1,486842.08,0
595,West India,Male,56,0,558788.76,1,1,1,511247.8,0
601,South India,Female,35,4,1354502.2,1,1,1,318085.78,0
620,North India,Male,43,2,0.0,2,1,0,665894.72,0
682,South India,Male,27,6,88791.6,1,0,1,315937.58,0
578,East India,Male,41,10,0.0,1,1,1,625116.48,1
680,West India,Male,39,3,221077.28,1,0,0,704536.41,0
525,West India,Male,35,5,0.0,2,0,0,544298.1,0
830,South India,Male,30,5,854934.32,2,1,1,566924.0,0
746,North India,Male,28,10,0.0,2,1,1,283612.09,0
625,South India,Male,39,10,658220.12,2,1,0,636840.44,0
680,North India,Female,42,3,439556.73,1,0,0,615283.46,0
544,East India,Male,34,0,0.0,2,1,0,645438.99,1
700,North India,Female,39,2,0.0,3,1,1,626962.9,0
726,South India,Female,35,2,0.0,1,1,1,646092.84,0
673,South India,Male,37,5,185086.93,2,1,0,660700.68,0
731,South India,Male,33,9,0.0,2,1,0,1705820.22,0
649,North India,Male,36,7,99979.48,1,1,0,750556.9,0
640,North India,Male,65,1,1322228.06,1,1,0,262068.67,0
590,South India,Female,39,5,0.0,1,0,0,405287.1,0
700,West India,Male,43,6,899319.77,2,0,1,1032139.99,0
574,South India,Male,40,10,407776.04,1,0,0,510522.98,0
687,South India,Male,33,10,1253570.14,1,0,1,535609.39,0
677,West India,Female,50,2,256696.59,1,1,0,1727932.87,0
770,West India,Female,32,0,480435.31,2,0,0,457468.43,0
702,North India,Female,47,1,328043.79,4,1,1,331714.75,0
491,North India,Female,32,4,61027.77,2,0,1,617239.21,0
590,West India,Male,25,0,840126.73,1,1,1,252888.36,0
587,South India,Male,40,3,618589.15,1,0,0,1739753.26,0
584,North India,Male,23,5,0.0,1,1,1,1611680.25,0
736,North India,Male,41,10,285080.17,1,1,1,1510626.98,0
451,West India,Male,22,0,3400218.65,2,0,1,289736.8,1
778,West India,Male,32,5,0.0,1,1,0,588867.19,0
739,East India,Male,20,7,0.0,1,1,0,626994.68,0
666,South India,Male,67,10,215800.72,1,0,0,333050.65,1
681,North India,Female,18,0,801333.33,1,1,0,551676.56,0
656,West India,Female,36,7,937186.34,1,1,1,676859.46,0
664,North India,Male,48,7,1039196.12,1,0,0,866755.03,0
751,North India,Male,47,10,0.0,2,1,1,1034624.74,0
629,North India,Male,45,1,256711.4,2,1,1,549267.48,0
704,North India,Female,32,2,209747.62,1,0,0,974649.1,0
571,West India,Female,50,5,387808.79,1,0,1,441564.77,1
697,South India,Male,46,7,0.0,2,1,0,522304.84,0
625,North India,Male,38,4,134687.71,1,1,0,667401.84,0
688,South India,Male,38,10,153031.76,2,1,0,555210.61,0
572,South India,Male,32,8,315849.6,1,1,1,542224.29,0
690,West India,Female,25,3,1173250.89,1,1,1,590422.11,0
645,West India,Male,49,3,0.0,1,1,0,410122.82,0
790,North India,Female,50,7,0.0,1,0,1,263128.12,0
673,West India,Male,26,4,46464.32,1,0,1,461026.36,0
694,North India,Female,34,7,2098547.27,3,1,1,1309441.92,0
